time,elapsed,local,host,s1charges,s2active,s2cooldown,ultcharge,casterX,casterY,casterZ,frontX,frontY,frontZ,rearX,rearY,rearZ,frontTrip,frontStun,casterStun,ward,pillars,shoeX,shoeY,shoeZ,guardTested,afterTested,tremor,plating,orbitStones,rumble
22.7488442311314,0.05998993,0,1,2,0,0,12,0,0.12,-8,1.3,0.12,-8,0,0.12,-9.3,0,0,0,0,0,-1,0.1918,-8,0,0,0,0,0,0
22.8012097866758,0.1199799,0,1,2,0,0,12,0,0.12,-8,1.3,0.12,-8,0,0.12,-9.3,0,0,0,0,0,-1,0.1918,-8,0,0,0,0,0,0
22.8515926550044,0.1599731,0,1,2,0,0,12,0,0.12,-8,1.3,0.12,-8,0,0.12,-9.3,0,0,0,0,0,-1,0.1918,-8,0,0,0,0,0,0
22.9067593263643,0.2199631,0,1,2,0,0,12,0,0.12,-8,1.3,0.1017185,-8,0,0.12,-9.3,0,0,0,0,0,-1,0.1918,-8,0,0,0,0,0,0
22.9592876724683,0.2599564,0,1,2,0,0,12,0,0.12,-8,1.3,0.12,-8,0,0.12,-9.3,0,0,0,0,0,-1,0.1918,-8,0,0,0,0,0,0
23.011393357268,0.3199463,0,1,2,0,0,12,0,0.12,-8,1.3,0.1017185,-8,0,0.12,-9.3,0,0,0,0,0,-1,0.1918,-8,0,0,0,0,0,0
23.0647505041299,0.3799362,0,1,2,0,0,12,0,0.12,-8,1.3,0.12,-8,0,0.12,-9.3,0,0,0,0,0,-1,0.1918,-8,0,0,0,0,0,0
23.1203511886945,0.4399261,0,1,2,0,0,12,0,0.1017185,-8,1.3,0.1017185,-8,0,0.12,-9.3,0,0,0,0,0,-1,0.1918,-8,0,0,0,0,0,0
23.1735837857606,0.4799194,0,1,2,0,0,12,0,0.1017185,-8,1.3,0.12,-8,0,0.12,-9.3,0,0,0,0,0,-1,0.1918,-8,0,0,0,0,0,0
23.2260900092026,0.5399094,0,1,2,0,0,12,0,0.07291741,-8,1.3,0.07291741,-8,0,0.12,-9.3,0,0,0,0,0,-1,0.1918,-8,0,0,0,0,0,0
23.2831420243107,0.5998993,0,1,2,0,0,12,0,0.07291741,-8,1.3,0.07291741,-8,0,0.12,-9.3,0,0,0,0,0,-1,0.1918,-8,0,0,0,0,0,0
23.3356572319468,0.6398926,0,1,2,0,0,12,0,0.07291741,-8,1.3,0.07291741,-8,0,0.12,-9.3,0,0,0,0,0,-1,0.1918,-8,0,0,0,0,0,0
23.3946152726252,0.6998825,0,1,2,0,0,12,0,0.12,-8,1.3,0.1017185,-8,0,0.12,-9.3,0,0,0,0,0,-1,0.1918,-8,0,0,0,0,0,0
23.4473783772386,0.7598724,0,1,2,0,0,12,0,0.0493712,-8,1.3,0.1017185,-8,0,0.12,-9.3,0,0,0,0,0,-1,0.1918,-8,0,0,0,0,0,0
23.4976101197832,0.7998657,0,1,2,0,0,12,0,0.12,-8,1.3,0.12,-8,0,0.12,-9.3,0,0,0,0,0,-1,0.1918,-8,0,0,0,0,0,0
23.5576658907736,0.8598557,0,1,2,0,0,12,0,0.12,-8,1.3,0.12,-8,0,0.12,-9.3,0,0,0,0,0,-1,0.1918,-8,0,0,0,0,0,0
23.6081021808757,0.9198456,0,1,2,0,0,12,0,0.0493712,-8,1.3,0.1017185,-8,0,0.12,-9.3,0,0,0,0,0,-1,0.1918,-8,0,0,0,0,0,0
23.6603709470591,0.9798355,0,1,2,0,0,12,0,0.01746575,-8,1.3,0.1017185,-8,0,0.12,-9.3,0,0,0,0,0,-1,0.1918,-8,0,0,0,0,0,0
23.7120666794077,1.019829,0,1,2,0,0,12,0,0.12,-8,1.3,0.12,-8,0,0.12,-9.3,0,0,0,0,0,-1,0.1918,-8,0,0,0,0,0,0
23.7641296355607,1.079819,0,1,2,0,0,12,0,0.1017185,-8,1.3,0.1017185,-8,0,0.12,-9.3,0,0,0,0,0,-1,0.1918,-8,0,0,0,0,0,0
23.8165431579034,1.119812,0,1,2,0,0,12,0,0.1017185,-8,1.3,0.12,-8,0,0.12,-9.3,0,0,0,0,0,-1,0.1918,-8,0,0,0,0,0,0
23.8687297140638,1.179802,0,1,2,0,0,12,0,0.1017185,-8,1.3,0.12,-8,0,0.12,-9.3,0,0,0,0,0,-1,0.1918,-8,0,0,0,0,0,0
23.9202262046625,1.239792,0,1,2,0,0,12,0,0.1017185,-8,1.3,0.1017185,-8,0,0.12,-9.3,0,0,0,0,0,-1,0.1918,-8,0,0,0,0,0,0
23.9717341598886,1.279785,0,1,2,0,0,12,0,0.1017185,-8,1.3,0.12,-8,0,0.12,-9.3,0,0,0,0,0,-1,0.1918,-8,0,0,0,0,0,0
24.0233071964764,1.339775,0,1,2,0,0,12,0,0.1017185,-8,1.3,0.1017185,-8,0,0.12,-9.3,0,0,0,0,0,-1,0.1918,-8,0,0,0,0,0,0
24.0740892823675,1.379768,0,1,2,0,0,12,0,0.12,-8,1.3,0.12,-8,0,0.12,-9.3,0,0,0,0,0,-1,0.1918,-8,0,0,0,0,0,0
24.1245013637707,1.439758,0,1,2,0,0,12,0,0.1017185,-8,1.3,0.1017185,-8,0,0.12,-9.3,0,0,0,0,0,-1,0.1918,-8,0,0,0,0,0,0
24.1763620961021,1.479752,0,1,2,0,0,12,0,0.1017185,-8,1.3,0.12,-8,0,0.12,-9.3,0,0,0,0,0,-1,0.1918,-8,0,0,0,0,0,0
24.2286737374292,1.539742,0,1,2,0,0,12,0,0.1017185,-8,1.3,0.12,-8,0,0.12,-9.3,0,0,0,0,0,-1,0.1918,-8,0,0,0,0,0,0
24.2803423451754,1.599731,0,1,2,0,0,12,0,0.1017185,-8,1.3,0.1017185,-8,0,0.12,-9.3,0,0,0,0,0,-1,0.1918,-8,0,0,0,0,0,0
24.3325461762055,1.639725,0,1,2,0,0,12,0,0.12,-8,1.3,0.12,-8,0,0.12,-9.3,0,0,0,0,0,-1,0.1918,-8,0,0,0,0,0,0
24.3866422509291,1.699715,0,1,2,0,0,12,0,0.1017185,-8,1.3,0.1017185,-8,0,0.12,-9.3,0,0,0,0,0,-1,0.1918,-8,0,0,0,0,0,0
24.4389715841372,1.739708,0,1,2,0,0,12,0,0.12,-8,1.3,0.12,-8,0,0.12,-9.3,0,0,0,0,0,-1,0.1918,-8,0,0,0,0,0,0
24.4900229925272,1.799698,0,1,2,0,0,12,0,0.1017185,-8,1.3,0.12,-8,0,0.12,-9.3,0,0,0,0,0,-1,0.1918,-8,0,0,0,0,0,0
24.5417555428197,1.859688,0,1,2,0,0,12,0,0.1017185,-8,1.3,0.1017185,-8,0,0.12,-9.3,0,0,0,0,0,-1,0.1918,-8,0,0,0,0,0,0
24.5952572806244,1.899681,0,1,2,0,0,12,0,0.1017185,-8,1.3,0.12,-8,0,0.12,-9.3,0,0,0,0,0,-1,0.1918,-8,0,0,0,0,0,0
24.6481256849685,1.959671,0,1,2,0,0,12,0,0.1017185,-8,1.3,0.1017185,-8,0,0.12,-9.3,0,0,0,0,0,-1,0.1918,-8,0,0,0,0,0,0
24.7005189573189,2.019661,0,1,2,0,0,12,0,0.1017185,-8,1.3,0.1017185,-8,0,0.12,-9.3,0,0,0,0,0,-1,0.1918,-8,0,0,0,0,0,0
24.7525788725197,2.059654,0,1,2,0,0,12,0,0.1017185,-8,1.3,0.12,-8,0,0.12,-9.3,0,0,0,0,0,-1,0.1918,-8,0,0,0,0,0,0
24.8026965863333,2.119644,0,1,2,0,0,12,0,0.1017185,-8,1.3,0.1017185,-8,0,0.12,-9.3,0,0,0,0,0,-1,0.1918,-8,0,0,0,0,0,0
24.8548561142111,2.159637,0,1,2,0,0,12,0,0.12,-8,1.3,0.12,-8,0,0.12,-9.3,0,0,0,0,0,-1,0.1918,-8,0,0,0,0,0,0
24.9065127947024,2.219627,0,1,2,0,0,12,0,0.1017185,-8,1.3,0.1017185,-8,0,0.12,-9.3,0,0,0,0,0,-1,0.1918,-8,0,0,0,0,0,0
24.9574454343581,2.259621,0,1,2,0,0,12,0,0.12,-8,1.3,0.12,-8,0,0.12,-9.3,0,0,0,0,0,-1,0.1918,-8,0,0,0,0,0,0
25.0077375553251,2.319611,0,1,2,0,0,12,0,0.1017185,-8,1.3,0.1017185,-8,0,0.12,-9.3,0,0,0,0,0,-1,0.1918,-8,0,0,0,0,0,0
25.0589117932791,2.359604,0,1,2,0,0,12,0,0.12,-8,1.3,0.12,-8,0,0.12,-9.3,0,0,0,0,0,-1,0.1918,-8,0,0,0,0,0,0
25.1091417951818,2.419594,0,1,2,0,0,12,0,0.1017185,-8,1.3,0.12,-8,0,0.12,-9.3,0,0,0,0,0,-1,0.1918,-8,0,0,0,0,0,0
25.1597702779603,2.459587,0,1,2,0,0,12,0,0.12,-8,1.3,0.12,-8,0,0.12,-9.3,0,0,0,0,0,-1,0.1918,-8,0,0,0,0,0,0
25.211140579207,2.519577,0,1,2,0,0,12,0,0.12,-8,1.3,0.12,-8,0,0.12,-9.3,0,0,0,0,0,-1,0.1918,-8,0,0,0,0,0,0
25.2614616914006,2.579567,0,1,2,0,0,12,0,0.1017185,-8,1.3,0.1017185,-8,0,0.12,-9.3,0,0,0,0,0,-1,0.1918,-8,0,0,0,0,0,0
25.3126623384078,2.61956,0,1,2,0,0,12,0,0.1017185,-8,1.3,0.12,-8,0,0.12,-9.3,0,0,0,0,0,-1,0.1918,-8,0,0,0,0,0,0
25.3660524672206,2.67955,0,1,2,0,0,12,0,0.1017185,-8,1.3,0.1017185,-8,0,0.12,-9.3,0,0,0,0,0,-1,0.1918,-8,0,0,0,0,0,0
25.4181527457089,2.719543,0,1,2,0,0,12,0,0.12,-8,1.3,0.12,-8,0,0.12,-9.3,0,0,0,0,0,-1,0.1918,-8,0,0,0,0,0,0
25.4692443072709,2.779533,0,1,2,0,0,12,0,0.1017185,-8,1.3,0.1017185,-8,0,0.12,-9.3,0,0,0,0,0,-1,0.1918,-8,0,0,0,0,0,0
25.5207592565712,2.839523,0,1,2,0,0,12,0,0.07291741,-8,1.3,0.1017185,-8,0,0.12,-9.3,0,0,0,0,0,-1,0.1918,-8,0,0,0,0,0,0
25.5717333314806,2.879517,0,1,2,0,0,12,0,0.12,-8,1.3,0.12,-8,0,0.12,-9.3,0,0,0,0,0,-1,0.1918,-8,0,0,0,0,0,0
25.6217497201898,2.939507,0,1,2,0,0,12,0,0.1017185,-8,1.3,0.1017185,-8,0,0.12,-9.3,0,0,0,0,0,-1,0.1918,-8,0,0,0,0,0,0
25.6735674432368,2.9795,0,1,2,0,0,12,0,0.12,-8,1.3,0.12,-8,0,0.12,-9.3,0,0,0,0,0,-1,0.1918,-8,0,0,0,0,0,0
25.724344246267,3.03949,0,1,2,0,0,12,0,0.1017185,-8,1.3,0.1017185,-8,0,0.12,-9.3,0,0,0,0,0,-1,0.1918,-8,0,0,0,0,0,0
25.7753674197366,3.079483,0,1,2,0,0,12,0,0.12,-8,1.3,0.12,-8,0,0.12,-9.3,0,0,0,0,0,-1,0.1918,-8,0,0,0,0,0,0
25.8274604588543,3.139473,0,1,2,0,0,12,0,0.1017185,-8,1.3,0.1017185,-8,0,0.12,-9.3,0,0,0,0,0,-1,0.1918,-8,0,0,0,0,0,0
25.8792217290663,3.179466,0,1,2,0,0,12,0,0.1017185,-8,1.3,0.12,-8,0,0.12,-9.3,0,0,0,0,0,-1,0.1918,-8,0,0,0,0,0,0
25.9295464365376,3.239456,0,1,2,0,0,12,0,0.12,-8,1.3,0.12,-8,0,0.12,-9.3,0,0,0,0,0,-1,0.1918,-8,0,0,0,0,0,0
25.9823421774904,3.299446,0,1,2,0,0,12,0,0.1017185,-8,1.3,0.1017185,-8,0,0.12,-9.3,0,0,0,0,0,-1,0.1918,-8,0,0,0,0,0,0
26.034585660997,3.339439,0,1,2,0,0,12,0,0.1017185,-8,1.3,0.12,-8,0,0.12,-9.3,0,0,0,0,0,-1,0.1918,-8,0,0,0,0,0,0
26.0853097078536,3.399429,0,1,2,0,0,12,0,0.1017185,-8,1.3,0.1017185,-8,0,0.12,-9.3,0,0,0,0,0,-1,0.1918,-8,0,0,0,0,0,0
26.1354601001652,3.439423,0,1,2,0,0,12,0,0.12,-8,1.3,0.12,-8,0,0.12,-9.3,0,0,0,0,0,-1,0.1918,-8,0,0,0,0,0,0
26.1869522476365,3.499413,0,1,2,0,0,12,0,0.1017185,-8,1.3,0.1017185,-8,0,0.12,-9.3,0,0,0,0,0,-1,0.1918,-8,0,0,0,0,0,0
26.2392077023891,3.539406,0,1,2,0,0,12,0,0.1017185,-8,1.3,0.12,-8,0,0.12,-9.3,0,0,0,0,0,-1,0.1918,-8,0,0,0,0,0,0
26.2916835652158,3.599396,0,1,2,0,0,12,0,0.12,-8,1.3,0.12,-8,0,0.12,-9.3,0,0,0,0,0,-1,0.1918,-8,0,0,0,0,0,0
26.34541626992,3.659386,0,1,2,0,0,12,0,0.1017185,-8,1.3,0.1017185,-8,0,0.12,-9.3,0,0,0,0,0,-1,0.1918,-8,0,0,0,0,0,0
26.3957082517754,3.699379,0,1,2,0,0,12,0,0.1017185,-8,1.3,0.12,-8,0,0.12,-9.3,0,0,0,0,0,-1,0.1918,-8,0,0,0,0,0,0
26.4469281042443,3.759369,0,1,2,0,0,12,0,0.12,-8,1.3,0.1017185,-8,0,0.12,-9.3,0,0,0,0,0,-1,0.1918,-8,0,0,0,0,0,0
26.500150894628,3.819359,0,1,2,0,0,12,0,0.1017185,-8,1.3,0.1017185,-8,0,0.12,-9.3,0,0,0,0,0,-1,0.1918,-8,0,0,0,0,0,0
26.5628975147946,3.879349,0,1,2,0,0,12,0,0.1017185,-8,1.3,0.1017185,-8,0,0.12,-9.3,0,0,0,0,0,-1,0.1918,-8,0,0,0,0,0,0
26.615232297313,3.919342,0,1,2,0,0,12,0,0.1017185,-8,1.3,0.12,-8,0,0.12,-9.3,0,0,0,0,0,-1,0.1918,-8,0,0,0,0,0,0
26.6653701830754,3.979332,0,1,2,0,0,12,0,0.1017185,-8,1.3,0.1017185,-8,0,0.12,-9.3,0,0,0,0,0,-1,0.1918,-8,0,0,0,0,0,0
26.7175485870155,4.019325,0,1,2,0,0,12,0,0.12,-8,1.3,0.12,-8,0,0.12,-9.3,0,0,0,0,0,-1,0.1918,-8,0,0,0,0,0,0
26.7690853150521,4.079315,0,1,2,0,0,12,0,0.1017185,-8,1.3,0.12,-8,0,0.12,-9.3,0,0,0,0,0,-1,0.1918,-8,0,0,0,0,0,0
26.821833692019,4.139305,0,1,2,0,0,12,0,0.1017185,-8,1.3,0.1017185,-8,0,0.12,-9.3,0,0,0,0,0,-1,0.1918,-8,0,0,0,0,0,0
26.8745938909083,4.179298,0,1,2,0,0,12,0,0.1017185,-8,1.3,0.12,-8,0,0.12,-9.3,0,0,0,0,0,-1,0.1918,-8,0,0,0,0,0,0
26.9258084854792,4.239288,0,1,2,0,0,12,0,0.1017185,-8,1.3,0.1017185,-8,0,0.12,-9.3,0,0,0,0,0,-1,0.1918,-8,0,0,0,0,0,0
26.9770560671698,4.279282,0,1,2,0,0,12,0,0.12,-8,1.3,0.12,-8,0,0.12,-9.3,0,0,0,0,0,-1,0.1918,-8,0,0,0,0,0,0
27.0294104392506,4.339272,0,1,2,0,0,12,0,0.12,-8,1.3,0.12,-8,0,0.12,-9.3,0,0,0,0,0,-1,0.1918,-8,0,0,0,0,0,0
27.0801543994114,4.399261,0,1,2,0,0,12,0,0.1017185,-8,1.3,0.1017185,-8,0,0.12,-9.3,0,0,0,0,0,-1,0.1918,-8,0,0,0,0,0,0
27.130843412602,4.439255,0,1,2,0,0,12,0,0.12,-8,1.3,0.12,-8,0,0.12,-9.3,0,0,0,0,0,-1,0.1918,-8,0,0,0,0,0,0
27.1849009679054,4.499245,0,1,2,0,0,12,0,0.1017185,-8,1.3,0.1017185,-8,0,0.12,-9.3,0,0,0,0,0,-1,0.1918,-8,0,0,0,0,0,0
27.2368191724742,4.539238,0,1,2,0,0,12,0,0.1017185,-8,1.3,0.12,-8,0,0.12,-9.3,0,0,0,0,0,-1,0.1918,-8,0,0,0,0,0,0
27.2881072518934,4.599228,0,1,2,0,0,12,0,0.1017185,-8,1.3,0.1017185,-8,0,0.12,-9.3,0,0,0,0,0,-1,0.1918,-8,0,0,0,0,0,0
27.3398655399872,4.639221,0,1,2,0,0,12,0,0.12,-8,1.3,0.12,-8,0,0.12,-9.3,0,0,0,0,0,-1,0.1918,-8,0,0,0,0,0,0
27.3907421412616,4.699211,0,1,2,0,0,12,0,0.1017185,-8,1.3,0.12,-8,0,0.12,-9.3,0,0,0,0,0,-1,0.1918,-8,0,0,0,0,0,0
27.4408797328494,4.759201,0,1,2,0,0,12,0,0.1017185,-8,1.3,0.1017185,-8,0,0.12,-9.3,0,0,0,0,0,-1,0.1918,-8,0,0,0,0,0,0
27.4933282730443,4.799194,0,1,2,0,0,12,0,0.12,-8,1.3,0.12,-8,0,0.12,-9.3,0,0,0,0,0,-1,0.1918,-8,0,0,0,0,0,0
27.5449983156443,4.859184,0,1,2,0,0,12,0,0.1017185,-8,1.3,0.1017185,-8,0,0.12,-9.3,0,0,0,0,0,-1,0.1918,-8,0,0,0,0,0,0
27.5957749897073,4.899178,0,1,2,0,0,12,0,0.1017185,-8,1.3,0.12,-8,0,0.12,-9.3,0,0,0,0,0,-1,0.1918,-8,0,0,0,0,0,0
27.6469169180765,4.959167,0,1,2,0,0,12,0,0.1017185,-8,1.3,0.1017185,-8,0,0.12,-9.3,0,0,0,0,0,-1,0.1918,-8,0,0,0,0,0,0
27.6970099294948,4.999161,0,1,2,0,0,12,0,0.12,-8,1.3,0.12,-8,0,0.12,-9.3,0,0,0,0,0,-1,0.1918,-8,0,0,0,0,0,0
27.7493355763395,5.059151,0,1,2,0,0,12,0,0.12,-8,1.3,0.12,-8,0,0.12,-9.3,0,0,0,0,0,-1,0.1918,-8,0,0,0,0,0,0
27.8025491025619,5.119141,0,1,2,0,0,12,0,0.1017185,-8,1.3,0.1017185,-8,0,0.12,-9.3,0,0,0,0,0,-1,0.1918,-8,0,0,0,0,0,0
27.8547009646049,5.159134,0,1,2,0,0,12,0,0.12,-8,1.3,0.12,-8,0,0.12,-9.3,0,0,0,0,0,-1,0.1918,-8,0,0,0,0,0,0
27.905971379056,5.219124,0,1,2,0,0,12,0,0.1017185,-8,1.3,0.1017185,-8,0,0.12,-9.3,0,0,0,0,0,-1,0.1918,-8,0,0,0,0,0,0
27.9571464194957,5.259117,0,1,2,0,0,12,0,0.1017185,-8,1.3,0.12,-8,0,0.12,-9.3,0,0,0,0,0,-1,0.1918,-8,0,0,0,0,0,0
28.009168010407,5.319107,0,1,2,0,0,12,0,0.1017185,-8,1.3,0.12,-8,0,0.12,-9.3,0,0,0,0,0,-1,0.1918,-8,0,0,0,0,0,0
28.0604532912973,5.379097,0,1,2,0,0,12,0,0.1017185,-8,1.3,0.1017185,-8,0,0.12,-9.3,0,0,0,0,0,-1,0.1918,-8,0,0,0,0,0,0
28.1137276457431,5.41909,0,1,2,0,0,12,0,0.12,-8,1.3,0.12,-8,0,0.12,-9.3,0,0,0,0,0,-1,0.1918,-8,0,0,0,0,0,0
28.1660479257879,5.47908,0,1,2,0,0,12,0,0.1017185,-8,1.3,0.1017185,-8,0,0.12,-9.3,0,0,0,0,0,-1,0.1918,-8,0,0,0,0,0,0
28.2192586244474,5.519073,0,1,2,0,0,12,0,0.12,-8,1.3,0.12,-8,0,0.12,-9.3,0,0,0,0,0,-1,0.1918,-8,0,0,0,0,0,0
28.2722835759533,5.579063,0,1,2,0,0,12,0,0.12,-8,1.3,0.12,-8,0,0.12,-9.3,0,0,0,0,0,-1,0.1918,-8,0,0,0,0,0,0
28.3226057628001,5.639053,0,1,2,0,0,12,0,0.1017185,-8,1.3,0.1017185,-8,0,0.12,-9.3,0,0,0,0,0,-1,0.1918,-8,0,0,0,0,0,0
28.3744158146688,5.679047,0,1,2,0,0,12,0,0.1017185,-8,1.3,0.12,-8,0,0.12,-9.3,0,0,0,0,0,-1,0.1918,-8,0,0,0,0,0,0
28.4266921591939,5.739037,0,1,2,0,0,12,0,0.12,-8,1.3,0.1017185,-8,0,0.12,-9.3,0,0,0,0,0,-1,0.1918,-8,0,0,0,0,0,0
28.4773882157583,5.77903,0,1,2,0,0,12,0,0.12,-8,1.3,0.12,-8,0,0.12,-9.3,0,0,0,0,0,-1,0.1918,-8,0,0,0,0,0,0
28.5296560313943,5.83902,0,1,2,0,0,12,0,0.1017185,-8,1.3,0.12,-8,0,0.12,-9.3,0,0,0,0,0,-1,0.1918,-8,0,0,0,0,0,0
28.5820576889411,5.89901,0,1,2,0,0,12,0,0.07291741,-8,1.3,0.1017185,-8,0,0.12,-9.3,0,0,0,0,0,-1,0.1918,-8,0,0,0,0,0,0
28.6341858834907,5.939003,0,1,2,0,0,12,0,0.12,-8,1.3,0.12,-8,0,0.12,-9.3,0,0,0,0,0,-1,0.1918,-8,0,0,0,0,0,0
28.6863376872399,5.998993,0,1,2,0,0,12,0,0.1017185,-8,1.3,0.1017185,-8,0,0.12,-9.3,0,0,0,0,0,-1,0.1918,-8,0,0,0,0,0,0
28.7382727201324,6.038986,0,1,2,0,0,12,0,0.12,-8,1.3,0.12,-8,0,0.12,-9.3,0,0,0,0,0,-1,0.1918,-8,0,0,0,0,0,0
28.7902747878892,6.098976,0,1,2,0,0,12,0,0.1017185,-8,1.3,0.12,-8,0,0.12,-9.3,0,0,0,0,0,-1,0.1918,-8,0,0,0,0,0,0
28.8407196953165,6.158966,0,1,2,0,0,12,0,0.1017185,-8,1.3,0.1017185,-8,0,0.12,-9.3,0,0,0,0,0,-1,0.1918,-8,0,0,0,0,0,0
28.8915436630737,6.198959,0,1,2,0,0,12,0,0.1017185,-8,1.3,0.12,-8,0,0.12,-9.3,0,0,0,0,0,-1,0.1918,-8,0,0,0,0,0,0
28.9416521987756,6.258949,0,1,2,0,0,12,0,0.1017185,-8,1.3,0.1017185,-8,0,0.12,-9.3,0,0,0,0,0,-1,0.1918,-8,0,0,0,0,0,0
28.9927928445576,6.298943,0,1,2,0,0,12,0,0.12,-8,1.3,0.12,-8,0,0.12,-9.3,0,0,0,0,0,-1,0.1918,-8,0,0,0,0,0,0
29.0465374077082,6.358932,0,1,2,0,0,12,0,0.1017185,-8,1.3,0.1017185,-8,0,0.12,-9.3,0,0,0,0,0,-1,0.1918,-8,0,0,0,0,0,0
29.0994621953735,6.398926,0,1,2,0,0,12,0,0.1017185,-8,1.3,0.12,-8,0,0.12,-9.3,0,0,0,0,0,-1,0.1918,-8,0,0,0,0,0,0
29.1521253596031,6.458916,0,1,2,0,0,12,0,0.12,-8,1.3,0.12,-8,0,0.12,-9.3,0,0,0,0,0,-1,0.1918,-8,0,0,0,0,0,0
29.2052364262211,6.518906,0,1,2,0,0,12,0,0.1017185,-8,1.3,0.1017185,-8,0,0.12,-9.3,0,0,0,0,0,-1,0.1918,-8,0,0,0,0,0,0
29.2580493526411,6.558899,0,1,2,0,0,12,0,0.12,-8,1.3,0.12,-8,0,0.12,-9.3,0,0,0,0,0,-1,0.1918,-8,0,0,0,0,0,0
29.3109937914874,6.618889,0,1,2,0,0,12,0,0.1017185,-8,1.3,0.12,-8,0,0.12,-9.3,0,0,0,0,0,-1,0.1918,-8,0,0,0,0,0,0
29.3623891614535,6.678879,0,1,2,0,0,12,0,0.1017185,-8,1.3,0.1017185,-8,0,0.12,-9.3,0,0,0,0,0,-1,0.1918,-8,0,0,0,0,0,0
29.4140719523391,6.718872,0,1,2,0,0,12,0,0.12,-8,1.3,0.12,-8,0,0.12,-9.3,0,0,0,0,0,-1,0.1918,-8,0,0,0,0,0,0
29.4672188405198,6.778862,0,1,2,0,0,12,0,0.1017185,-8,1.3,0.1017185,-8,0,0.12,-9.3,0,0,0,0,0,-1,0.1918,-8,0,0,0,0,0,0
29.5182864209282,6.818855,0,1,2,0,0,12,0,0.12,-8,1.3,0.12,-8,0,0.12,-9.3,0,0,0,0,0,-1,0.1918,-8,0,0,0,0,0,0
29.5744366686203,6.878845,0,1,2,0,0,12,0,0.1017185,-8,1.3,0.12,-8,0,0.12,-9.3,0,0,0,0,0,-1,0.1918,-8,0,0,0,0,0,0
29.6249841656088,6.938835,0,1,2,0,0,12,0,0.1017185,-8,1.3,0.1017185,-8,0,0.12,-9.3,0,0,0,0,0,-1,0.1918,-8,0,0,0,0,0,0
29.6767055427533,6.978828,0,1,2,0,0,12,0,0.1017185,-8,1.3,0.12,-8,0,0.12,-9.3,0,0,0,0,0,-1,0.1918,-8,0,0,0,0,0,0
29.7272297867335,7.038818,0,1,2,0,0,12,0,0.1017185,-8,1.3,0.1017185,-8,0,0.12,-9.3,0,0,0,0,0,-1,0.1918,-8,0,0,0,0,0,0
29.7791191656858,7.078812,0,1,2,0,0,12,0,0.12,-8,1.3,0.12,-8,0,0.12,-9.3,0,0,0,0,0,-1,0.1918,-8,0,0,0,0,0,0
29.8317817671684,7.138802,0,1,2,0,0,12,0,0.12,-8,1.3,0.12,-8,0,0.12,-9.3,0,0,0,0,0,-1,0.1918,-8,0,0,0,0,0,0
29.8836924597266,7.198792,0,1,2,0,0,12,0,0.1017185,-8,1.3,0.1017185,-8,0,0.12,-9.3,0,0,0,0,0,-1,0.1918,-8,0,0,0,0,0,0
29.9341965041956,7.238785,0,1,2,0,0,12,0,0.1017185,-8,1.3,0.12,-8,0,0.12,-9.3,0,0,0,0,0,-1,0.1918,-8,0,0,0,0,0,0
29.9850055155944,7.298775,0,1,2,0,0,12,0,0.1017185,-8,1.3,0.1017185,-8,0,0.12,-9.3,0,0,0,0,0,-1,0.1918,-8,0,0,0,0,0,0
30.038311331062,7.338768,0,1,2,0,0,12,0,0.12,-8,1.3,0.12,-8,0,0.12,-9.3,0,0,0,0,0,-1,0.1918,-8,0,0,0,0,0,0
30.0907775673846,7.398758,0,1,2,0,0,12,0,0.1017185,-8,1.3,0.12,-8,0,0.12,-9.3,0,0,0,0,0,-1,0.1918,-8,0,0,0,0,0,0
30.1438066635671,7.458748,0,1,2,0,0,12,0,0.1017185,-8,1.3,0.1017185,-8,0,0.12,-9.3,0,0,0,0,0,-1,0.1918,-8,0,0,0,0,0,0
30.1963010578527,7.498741,0,1,2,0,0,12,0,0.12,-8,1.3,0.12,-8,0,0.12,-9.3,0,0,0,0,0,-1,0.1918,-8,0,0,0,0,0,0
30.2475172398094,7.558731,0,1,2,0,0,12,0,0.1017185,-8,1.3,0.1017185,-8,0,0.12,-9.3,0,0,0,0,0,-1,0.1918,-8,0,0,0,0,0,0
30.2987854150328,7.598724,0,1,2,0,0,12,0,0.12,-8,1.3,0.12,-8,0,0.12,-9.3,0,0,0,0,0,-1,0.1918,-8,0,0,0,0,0,0
30.3507342628617,7.658714,0,1,2,0,0,12,0,0.12,-8,1.3,0.12,-8,0,0.12,-9.3,0,0,0,0,0,-1,0.1918,-8,0,0,0,0,0,0
30.4021111800772,7.718704,0,1,2,0,0,12,0,0.1017185,-8,1.3,0.1017185,-8,0,0.12,-9.3,0,0,0,0,0,-1,0.1918,-8,0,0,0,0,0,0
30.4530800737505,7.758698,0,1,2,0,0,12,0,0.1017185,-8,1.3,0.12,-8,0,0.12,-9.3,0,0,0,0,0,-1,0.1918,-8,0,0,0,0,0,0
30.5083600475657,7.818687,0,1,2,0,0,12,0,0.1017185,-8,1.3,0.1017185,-8,0,0.12,-9.3,0,0,0,0,0,-1,0.1918,-8,0,0,0,0,0,0
30.5725716031453,7.878677,0,1,2,0,0,12,0,0.1017185,-8,1.3,0.1017185,-8,0,0.12,-9.3,0,0,0,0,0,-1,0.1918,-8,0,0,0,0,0,0
30.6259124951315,7.938667,0,1,2,0,0,12,0,0.1017185,-8,1.3,0.1017185,-8,0,0.12,-9.3,0,0,0,0,0,-1,0.1918,-8,0,0,0,0,0,0
30.6770858272648,7.978661,0,1,2,0,0,12,0,0.12,-8,1.3,0.12,-8,0,0.12,-9.3,0,0,0,0,0,-1,0.1918,-8,0,0,0,0,0,0
30.7276595947164,8.038651,0,1,2,0,0,12,0,0.1017185,-8,1.3,0.1017185,-8,0,0.12,-9.3,0,0,0,0,0,-1,0.1918,-8,0,0,0,0,0,0
30.7802655331179,8.09864,0,1,2,0,0,12,0,0.1017185,-8,1.3,0.1017185,-8,0,0.12,-9.3,0,0,0,0,0,-1,0.1918,-8,0,0,0,0,0,0
30.8312408437644,8.138634,0,1,2,0,0,12,0,0.1017185,-8,1.3,0.12,-8,0,0.12,-9.3,0,0,0,0,0,-1,0.1918,-8,0,0,0,0,0,0
30.8830046569061,8.198624,0,1,2,0,0,12,0,0.1017185,-8,1.3,0.1017185,-8,0,0.12,-9.3,0,0,0,0,0,-1,0.1918,-8,0,0,0,0,0,0
30.9343179792346,8.238617,0,1,2,0,0,12,0,0.12,-8,1.3,0.12,-8,0,0.12,-9.3,0,0,0,0,0,-1,0.1918,-8,0,0,0,0,0,0
30.9867543546268,8.298607,0,1,2,0,0,12,0,0.1017185,-8,1.3,0.1017185,-8,0,0.12,-9.3,0,0,0,0,0,-1,0.1918,-8,0,0,0,0,0,0
31.0397523435223,8.3386,0,1,2,0,0,12,0,0.12,-8,1.3,0.12,-8,0,0.12,-9.3,0,0,0,0,0,-1,0.1918,-8,0,0,0,0,0,0
31.0900780826685,8.39859,0,1,2,0,0,12,0,0.1017185,-8,1.3,0.12,-8,0,0.12,-9.3,0,0,0,0,0,-1,0.1918,-8,0,0,0,0,0,0
31.1404547351546,8.45858,0,1,2,0,0,12,0,0.1017185,-8,1.3,0.1017185,-8,0,0.12,-9.3,0,0,0,0,0,-1,0.1918,-8,0,0,0,0,0,0
31.1926874106954,8.498573,0,1,2,0,0,12,0,0.12,-8,1.3,0.12,-8,0,0.12,-9.3,0,0,0,0,0,-1,0.1918,-8,0,0,0,0,0,0
31.244187864316,8.558563,0,1,2,0,0,12,0,0.1017185,-8,1.3,0.1017185,-8,0,0.12,-9.3,0,0,0,0,0,-1,0.1918,-8,0,0,0,0,0,0
31.2961191087699,8.598557,0,1,2,0,0,12,0,0.12,-8,1.3,0.12,-8,0,0.12,-9.3,0,0,0,0,0,-1,0.1918,-8,0,0,0,0,0,0
31.3478203383758,8.658546,0,1,2,0,0,12,0,0.1017185,-8,1.3,0.1017185,-8,0,0.12,-9.3,0,0,0,0,0,-1,0.1918,-8,0,0,0,0,0,0
31.3994814035139,8.69854,0,1,2,0,0,12,0,0.12,-8,1.3,0.12,-8,0,0.12,-9.3,0,0,0,0,0,-1,0.1918,-8,0,0,0,0,0,0
31.4526089744509,8.75853,0,1,2,0,0,12,0,0.1017185,-8,1.3,0.12,-8,0,0.12,-9.3,0,0,0,0,0,-1,0.1918,-8,0,0,0,0,0,0
31.5044683457498,8.81852,0,1,2,0,0,12,0,0.12,-8,1.3,0.1017185,-8,0,0.12,-9.3,0,0,0,0,0,-1,0.1918,-8,0,0,0,0,0,0
31.5556271295628,8.858513,0,1,2,0,0,12,0,0.12,-8,1.3,0.12,-8,0,0.12,-9.3,0,0,0,0,0,-1,0.1918,-8,0,0,0,0,0,0
31.6067368027131,8.918503,0,1,2,0,0,12,0,0.12,-8,1.3,0.1017185,-8,0,0.12,-9.3,0,0,0,0,0,-1,0.1918,-8,0,0,0,0,0,0
31.6579171537032,8.958496,0,1,2,0,0,12,0,0.1017185,-8,1.3,0.12,-8,0,0.12,-9.3,0,0,0,0,0,-1,0.1918,-8,0,0,0,0,0,0
31.7096058516629,9.018486,0,1,2,0,0,12,0,0.12,-8,1.3,0.1017185,-8,0,0.12,-9.3,0,0,0,0,0,-1,0.1918,-8,0,0,0,0,0,0
31.7616867719853,9.078476,0,1,2,0,0,12,0,0.1017185,-8,1.3,0.1017185,-8,0,0.12,-9.3,0,0,0,0,0,-1,0.1918,-8,0,0,0,0,0,0
31.8138308220921,9.118469,0,1,2,0,0,12,0,0.1017185,-8,1.3,0.12,-8,0,0.12,-9.3,0,0,0,0,0,-1,0.1918,-8,0,0,0,0,0,0
31.8659760527761,9.178459,0,1,2,0,0,12,0,0.1017185,-8,1.3,0.1017185,-8,0,0.12,-9.3,0,0,0,0,0,-1,0.1918,-8,0,0,0,0,0,0
31.9174684005912,9.218452,0,1,2,0,0,12,0,0.12,-8,1.3,0.12,-8,0,0.12,-9.3,0,0,0,0,0,-1,0.1918,-8,0,0,0,0,0,0
31.9691726809304,9.278442,0,1,2,0,0,12,0,0.1017185,-8,1.3,0.12,-8,0,0.12,-9.3,0,0,0,0,0,-1,0.1918,-8,0,0,0,0,0,0
32.0216609333834,9.338432,0,1,2,0,0,12,0,0.1017185,-8,1.3,0.1017185,-8,0,0.12,-9.3,0,0,0,0,0,-1,0.1918,-8,0,0,0,0,0,0
32.0736649131129,9.378426,0,1,2,0,0,12,0,0.1017185,-8,1.3,0.12,-8,0,0.12,-9.3,0,0,0,0,0,-1,0.1918,-8,0,0,0,0,0,0
32.1263763952075,9.438416,0,1,2,0,0,12,0,0.1017185,-8,1.3,0.1017185,-8,0,0.12,-9.3,0,0,0,0,0,-1,0.1918,-8,0,0,0,0,0,0
32.1763993900322,9.478409,0,1,2,0,0,12,0,0.1017185,-8,1.3,0.12,-8,0,0.12,-9.3,0,0,0,0,0,-1,0.1918,-8,0,0,0,0,0,0
32.2288658419211,9.538399,0,1,2,0,0,12,0,0.1017185,-8,1.3,0.12,-8,0,0.12,-9.3,0,0,0,0,0,-1,0.1918,-8,0,0,0,0,0,0
32.2805043755477,9.598389,0,1,2,0,0,12,0,0.1017185,-8,1.3,0.1017185,-8,0,0.12,-9.3,0,0,0,0,0,-1,0.1918,-8,0,0,0,0,0,0
32.3315203785041,9.638382,0,1,2,0,0,12,0,0.1017185,-8,1.3,0.12,-8,0,0.12,-9.3,0,0,0,0,0,-1,0.1918,-8,0,0,0,0,0,0
32.3845535059675,9.698372,0,1,2,0,0,12,0,0.1017185,-8,1.3,0.1017185,-8,0,0.12,-9.3,0,0,0,0,0,-1,0.1918,-8,0,0,0,0,0,0
32.4374587570207,9.738365,0,1,2,0,0,12,0,0.1017185,-8,1.3,0.12,-8,0,0.12,-9.3,0,0,0,0,0,-1,0.1918,-8,0,0,0,0,0,0
32.4874749014369,9.798355,0,1,2,0,0,12,0,0.1017185,-8,1.3,0.1017185,-8,0,0.12,-9.3,0,0,0,0,0,-1,0.1918,-8,0,0,0,0,0,0
32.5379342506017,9.838348,0,1,2,0,0,12,0,0.12,-8,1.3,0.12,-8,0,0.12,-9.3,0,0,0,0,0,-1,0.1918,-8,0,0,0,0,0,0
32.5907658934529,9.898338,0,1,2,0,0,12,0,0.1017185,-8,1.3,0.1017185,-8,0,0.12,-9.3,0,0,0,0,0,-1,0.1918,-8,0,0,0,0,0,0
32.6417631001567,9.958328,0,1,2,0,0,12,0,0.1017185,-8,1.3,0.1017185,-8,0,0.12,-9.3,0,0,0,0,0,-1,0.1918,-8,0,0,0,0,0,0
32.6924651257863,9.998322,0,1,2,0,0,12,0,0.1017185,-8,1.3,0.12,-8,0,0.12,-9.3,0,0,0,0,0,-1,0.1918,-8,0,0,0,0,0,0
32.7464378545369,10.05831,0,1,2,0,0,12,0,0.1017185,-8,1.3,0.1017185,-8,0,0.12,-9.3,0,0,0,0,0,-1,0.1918,-8,0,0,0,0,0,0
32.7974107785925,10.0983,0,1,2,0,0,12,0,0.1017185,-8,1.3,0.12,-8,0,0.12,-9.3,0,0,0,0,0,-1,0.1918,-8,0,0,0,0,0,0
32.8475828151481,10.15829,0,1,2,0,0,12,0,0.1017185,-8,1.3,0.1017185,-8,0,0.12,-9.3,0,0,0,0,0,-1,0.1918,-8,0,0,0,0,0,0
32.8988996022317,10.19829,0,1,2,0,0,12,0,0.12,-8,1.3,0.12,-8,0,0.12,-9.3,0,0,0,0,0,-1,0.1918,-8,0,0,0,0,0,0
32.9506519377773,10.25828,0,1,2,0,0,12,0,0.1017185,-8,1.3,0.12,-8,0,0.12,-9.3,0,0,0,0,0,-1,0.1918,-8,0,0,0,0,0,0
33.0035622020887,10.31827,0,1,2,0,0,12,0,0.1017185,-8,1.3,0.1017185,-8,0,0.12,-9.3,0,0,0,0,0,-1,0.1918,-8,0,0,0,0,0,0
33.0574655569118,10.35826,0,1,2,0,0,12,0,0.12,-8,1.3,0.12,-8,0,0.12,-9.3,0,0,0,0,0,-1,0.1918,-8,0,0,0,0,0,0
33.1098705074174,10.41825,0,1,2,0,0,12,0,0.1017185,-8,1.3,0.12,-8,0,0.12,-9.3,0,0,0,0,0,-1,0.1918,-8,0,0,0,0,0,0
33.1622563245968,10.47824,0,1,2,0,0,12,0,0.1017185,-8,1.3,0.1017185,-8,0,0.12,-9.3,0,0,0,0,0,-1,0.1918,-8,0,0,0,0,0,0
33.2135417130269,10.51823,0,1,2,0,0,12,0,0.12,-8,1.3,0.12,-8,0,0.12,-9.3,0,0,0,0,0,-1,0.1918,-8,0,0,0,0,0,0
33.2660781313205,10.57822,0,1,2,0,0,12,0,0.1017185,-8,1.3,0.1017185,-8,0,0.12,-9.3,0,0,0,0,0,-1,0.1918,-8,0,0,0,0,0,0
33.316939882001,10.61822,0,1,2,0,0,12,0,0.12,-8,1.3,0.12,-8,0,0.12,-9.3,0,0,0,0,0,-1,0.1918,-8,0,0,0,0,0,0
33.3677227798157,10.67821,0,1,2,0,0,12,0,0.1017185,-8,1.3,0.1017185,-8,0,0.12,-9.3,0,0,0,0,0,-1,0.1918,-8,0,0,0,0,0,0
33.4182461241196,10.7182,0,1,2,0,0,12,0,0.12,-8,1.3,0.12,-8,0,0.12,-9.3,0,0,0,0,0,-1,0.1918,-8,0,0,0,0,0,0
33.4694713449181,10.77819,0,1,2,0,0,12,0,0.1017185,-8,1.3,0.1017185,-8,0,0.12,-9.3,0,0,0,0,0,-1,0.1918,-8,0,0,0,0,0,0
33.5196115431265,10.81818,0,1,2,0,0,12,0,0.12,-8,1.3,0.12,-8,0,0.12,-9.3,0,0,0,0,0,-1,0.1918,-8,0,0,0,0,0,0
33.5815516035847,10.89817,0,1,2,0,0,12,0,0.1017185,-8,1.3,0.1017185,-8,0,0.12,-9.3,0,0,0,0,0,-1,0.1918,-8,0,0,0,0,0,0
33.6336725643539,10.93816,0,1,2,0,0,12,0,0.12,-8,1.3,0.12,-8,0,0.12,-9.3,0,0,0,0,0,-1,0.1918,-8,0,0,0,0,0,0
33.6861250880669,10.99815,0,1,2,0,0,12,0,0.1017185,-8,1.3,0.1017185,-8,0,0.12,-9.3,0,0,0,0,0,-1,0.1918,-8,0,0,0,0,0,0
33.7376352602319,11.03815,0,1,2,0,0,12,0,0.1017185,-8,1.3,0.12,-8,0,0.12,-9.3,0,0,0,0,0,-1,0.1918,-8,0,0,0,0,0,0
33.7889303527802,11.09814,0,1,2,0,0,12,0,0.12,-8,1.3,0.12,-8,0,0.12,-9.3,0,0,0,0,0,-1,0.1918,-8,0,0,0,0,0,0
33.8430447440903,11.15813,0,1,2,0,0,12,0,0.1017185,-8,1.3,0.1017185,-8,0,0.12,-9.3,0,0,0,0,0,-1,0.1918,-8,0,0,0,0,0,0
33.8939280135889,11.19812,0,1,2,0,0,12,0,0.1017185,-8,1.3,0.12,-8,0,0.12,-9.3,0,0,0,0,0,-1,0.1918,-8,0,0,0,0,0,0
33.9444522106316,11.25811,0,1,2,0,0,12,0,0.07291741,-8,1.3,0.1017185,-8,0,0.12,-9.3,0,0,0,0,0,-1,0.1918,-8,0,0,0,0,0,0
33.9974823579373,11.2981,0,1,2,0,0,12,0,0.12,-8,1.3,0.12,-8,0,0.12,-9.3,0,0,0,0,0,-1,0.1918,-8,0,0,0,0,0,0
34.0485396521649,11.35809,0,1,2,0,0,12,0,0.1017185,-8,1.3,0.12,-8,0,0.12,-9.3,0,0,0,0,0,-1,0.1918,-8,0,0,0,0,0,0
34.0992262490344,11.39809,0,1,2,0,0,12,0,0.1017185,-8,1.3,0.12,-8,0,0.12,-9.3,0,0,0,0,0,-1,0.1918,-8,0,0,0,0,0,0
34.1503763248393,11.45808,0,1,2,0,0,12,0,0.12,-8,1.3,0.12,-8,0,0.12,-9.3,0,0,0,0,0,-1,0.1918,-8,0,0,0,0,0,0
34.2008265567123,11.51807,0,1,2,0,0,12,0,0.1017185,-8,1.3,0.1017185,-8,0,0.12,-9.3,0,0,0,0,0,-1,0.1918,-8,0,0,0,0,0,0
34.2531258490653,11.55806,0,1,2,0,0,12,0,0.1017185,-8,1.3,0.12,-8,0,0.12,-9.3,0,0,0,0,0,-1,0.1918,-8,0,0,0,0,0,0
34.3037361456518,11.61805,0,1,2,0,0,12,0,0.1017185,-8,1.3,0.1017185,-8,0,0.12,-9.3,0,0,0,0,0,-1,0.1918,-8,0,0,0,0,0,0
34.3564538180776,11.65804,0,1,2,0,0,12,0,0.12,-8,1.3,0.12,-8,0,0.12,-9.3,0,0,0,0,0,-1,0.1918,-8,0,0,0,0,0,0
34.4078809739737,11.71803,0,1,2,0,0,12,0,0.1017185,-8,1.3,0.1017185,-8,0,0.12,-9.3,0,0,0,0,0,-1,0.1918,-8,0,0,0,0,0,0
34.4598509470437,11.75803,0,1,2,0,0,12,0,0.12,-8,1.3,0.12,-8,0,0.12,-9.3,0,0,0,0,0,-1,0.1918,-8,0,0,0,0,0,0
34.509932729557,11.81802,0,1,2,0,0,12,0,0.12,-8,1.3,0.12,-8,0,0.12,-9.3,0,0,0,0,0,-1,0.1918,-8,0,0,0,0,0,0
34.5612627681758,11.87801,0,1,2,0,0,12,0,0.1017185,-8,1.3,0.1017185,-8,0,0.12,-9.3,0,0,0,0,0,-1,0.1918,-8,0,0,0,0,0,0
34.6123723045102,11.918,0,1,2,0,0,12,0,0.12,-8,1.3,0.12,-8,0,0.12,-9.3,0,0,0,0,0,-1,0.1918,-8,0,0,0,0,0,0
34.6626304971514,11.97799,0,1,2,0,0,12,0,0.1017185,-8,1.3,0.1017185,-8,0,0.12,-9.3,0,0,0,0,0,-1,0.1918,-8,0,0,0,0,0,0
34.7135201108566,12.01798,0,1,2,0,0,12,0,0.12,-8,1.3,0.12,-8,0,0.12,-9.3,0,0,0,0,0,-1,0.1918,-8,0,0,0,0,0,0
34.7639022551588,12.07797,0,1,2,0,0,12,0,0.1017185,-8,1.3,0.1017185,-8,0,0.12,-9.3,0,0,0,0,0,-1,0.1918,-8,0,0,0,0,0,0
34.8159104898054,12.11797,0,1,2,0,0,12,0,0.1017185,-8,1.3,0.12,-8,0,0.12,-9.3,0,0,0,0,0,-1,0.1918,-8,0,0,0,0,0,0
34.8666106817912,12.17796,0,1,2,0,0,12,0,0.1017185,-8,1.3,0.1017185,-8,0,0.12,-9.3,0,0,0,0,0,-1,0.1918,-8,0,0,0,0,0,0
34.9180164885515,12.21795,0,1,2,0,0,12,0,0.12,-8,1.3,0.12,-8,0,0.12,-9.3,0,0,0,0,0,-1,0.1918,-8,0,0,0,0,0,0
34.9680808530672,12.27794,0,1,2,0,0,12,0,0.1017185,-8,1.3,0.12,-8,0,0.12,-9.3,0,0,0,0,0,-1,0.1918,-8,0,0,0,0,0,0
35.0203360345558,12.33793,0,1,2,0,0,12,0,0.0493712,-8,1.3,0.1017185,-8,0,0.12,-9.3,0,0,0,0,0,-1,0.1918,-8,0,0,0,0,0,0
35.0912847993051,12.39792,0,1,2,1,61.99724,12,0,0.07291741,-8,1.3,0.07291741,-8,0,0.12,-9.3,0,0,0,1,0,-1,0.1918,-8,0,0,0,0,3,0
35.1419541207579,12.45791,0,1,2,1,61.91023,12,0,0.1017185,-8,1.3,0.1017185,-8,0,0.12,-9.3,0,0,0,1,0,-1,0.1918,-8,0,0,0,0,3,0
35.1957879344554,12.4979,0,1,2,1,61.85736,12,0,0.12,-8,1.3,0.12,-8,0,0.12,-9.3,0,0,0,1,0,-1,0.1918,-8,0,0,0,0,3,0
35.2480196580751,12.55789,0,1,2,1,61.8055,12,0,0.1017185,-8,1.3,0.1017185,-8,0,0.12,-9.3,0,0,0,1,0,-1,0.1918,-8,0,0,0,0,3,0
35.3001150326425,12.61788,0,1,2,1,61.75149,12,0,0.07291741,-8,1.3,0.1017185,-8,0,0.12,-9.3,0,0,0,1,0,-1,0.1918,-8,0,0,0,0,3,0
35.3514174273092,12.65788,0,1,2,1,61.70137,12,0,0.12,-8,1.3,0.12,-8,0,0.12,-9.3,0,0,0,1,0,-1,0.1918,-8,0,0,0,0,3,0
35.401926850201,12.71786,0,1,2,1,61.65027,12,0,0.1017185,-8,1.3,0.1017185,-8,0,0.12,-9.3,0,0,0,1,0,-1,0.1918,-8,0,0,0,0,3,0
35.4520128364832,12.75786,0,1,2,1,61.60051,12,0,0.1017185,-8,1.3,0.12,-8,0,0.12,-9.3,0,0,0,1,0,-1,0.1918,-8,0,0,0,0,3,0
35.5028962998436,12.81785,0,1,2,1,61.55015,12,0,0.1017185,-8,1.3,0.1017185,-8,0,0.12,-9.3,0,0,0,1,0,-1,0.1918,-8,0,0,0,0,3,0
35.5554551233858,12.85784,0,1,2,1,61.49683,12,0,0.18,-7.84061,1.3,0.12,-8,0,0.12,-9.3,0,0,0,1,0,-1,0.1918,-8,0,0,0,0,3,0
35.6065407326812,12.91783,0,1,2,1,61.44701,12,0,0.1617185,-7.710068,1.3,0.1017185,-8,0,0.12,-9.3,0,0,0,1,0,-1,0.1918,-8,0,0,0,0,3,0
35.6602710661798,12.97782,0,1,2,1,61.39273,12,0,0.1617185,-7.550678,1.3,0.1017185,-8,0,0.12,-9.3,0,0,0,1,0,-1,0.1918,-8,0,0,0,0,3,0
35.7108926429943,13.01781,0,1,2,1,61.34257,12,0,0.18,-7.41557,1.3,0.12,-8,0,0.12,-9.3,0,0,0,1,0,-1,0.1918,-8,1,0,0,0,3,0
35.7646058016614,13.0778,0,1,2,1,61.28847,12,0,0.1617185,-7.285028,1.3,0.1017185,-8,0,0.12,-9.3,0,0,0,1,0,-1,0.1918,-8,1,0,0,0,3,0
35.8159032291331,13.1178,0,1,2,1,61.23606,12,0,0.1617185,-7.178768,1.3,0.12,-8,0,0.12,-9.3,0,0,0,1,0,-1,0.1918,-8,1,0,0,0,3,0
35.8661959614133,13.17779,0,1,2,1,61.18758,12,0,0.1329174,-7.034253,1.3,0.1017185,-8,0,0.12,-9.3,0,0,0,1,0,-1,0.1918,-8,1,0,0,0,3,0
35.9180246585741,13.21778,0,1,2,1,61.13554,12,0,0.18,-6.884271,1.3,0.12,-8,0,0.12,-9.3,0,0,0,1,0,-1,0.1918,-8,1,0,0,0,3,0
35.9704695275862,13.27777,0,1,2,1,61.08298,12,0,0.1617185,-6.753728,1.3,0.12,-8,0,0.12,-9.3,0,0,0,1,0,-1,0.1918,-8,1,0,0,0,3,0
36.0244236152054,13.33776,0,1,2,1,61.02885,12,0,0.1617185,-6.594338,1.3,0.1017185,-8,0,0.12,-9.3,0,0,0,1,0,-1,0.1918,-8,1,0,0,0,3,0
36.0746209097904,13.37775,0,1,2,1,60.97816,12,0,0.1617185,-6.488078,1.3,0.12,-8,0,0.12,-9.3,0,0,0,1,0,-1,0.1918,-8,1,0,0,0,3,0
36.1267640772246,13.43774,0,1,2,1,60.92657,12,0,0.1617185,-6.328688,1.3,0.1017185,-8,0,0.12,-9.3,0,0,0,1,0,-1,0.1918,-8,1,0,0,0,3,0
36.1773915003141,13.47774,0,1,2,1,60.87525,12,0,0.18,-6.246711,1.3,0.12,-8,0,0.12,-9.3,0,0,0,1,0,-1,0.1918,-8,1,0,0,0,3,0
36.2300812320452,13.53773,0,1,2,1,60.82199,12,0,0.1617185,-6.063038,1.3,0.12,-8,0,0.12,-9.3,0,0,0,1,0,-1,0.1918,-8,1,0,0,0,3,0
36.2816327272489,13.59772,0,1,2,1,60.77065,12,0,0.1617185,-5.903648,1.3,0.1017185,-8,0,0.12,-9.3,0,0,0,1,0,-1,0.1918,-8,1,0,0,0,3,0
36.3339528297278,13.63771,0,1,2,1,60.7195,12,0,0.1617185,-5.797389,1.3,0.12,-8,0,0.12,-9.3,0,0,0,1,0,-1,0.1918,-8,1,0,0,0,3,0
36.3855144736491,13.6977,0,1,2,1,60.66688,12,0,0.1617185,-5.637999,1.3,0.1017185,-8,0,0.12,-9.3,0,0,0,1,0,-1,0.1918,-8,1,0,0,0,3,0
36.4374276007869,13.73769,0,1,2,1,60.61435,12,0,0.18,-5.556021,1.3,0.12,-8,0,0.12,-9.3,0,0,0,1,0,-1,0.1918,-8,1,0,0,0,3,0
36.4910756059358,13.79768,0,1,2,1,60.56182,12,0,0.1617185,-5.372349,1.3,0.12,-8,0,0.12,-9.3,0,0,0,1,0,-1,0.1918,-8,1,0,0,0,3,0
36.5419453596574,13.85767,0,1,2,1,60.51015,12,0,0.1617185,-5.212959,1.3,0.1017185,-8,0,0.12,-9.3,0,0,0,1,0,-1,0.1918,-8,1,0,0,0,3,0
36.5935989267536,13.89767,0,1,2,1,60.45928,12,0,0.1617185,-5.106699,1.3,0.12,-8,0,0.12,-9.3,0,0,0,1,0,-1,0.1918,-8,1,0,0,0,3,0
36.6441077517247,13.95766,0,1,2,1,60.40903,12,0,0.1617185,-4.947309,1.3,0.1017185,-8,0,0.12,-9.3,0,0,0,1,0,-1,0.1918,-8,1,0,0,0,3,0
36.6950228885206,13.99765,0,1,2,1,60.35748,12,0,0.18,-4.812201,1.3,0.12,-8,0,0.12,-9.3,0,0,0,1,0,-1,0.1918,-8,1,0,0,0,3,0
36.7480854158773,14.05764,0,1,2,1,60.30561,12,0,0.1617185,-4.681659,1.3,0.12,-8,0,0.12,-9.3,0,0,0,1,0,-1,0.1918,-8,1,0,0,0,3,0
36.7987078669755,14.09763,0,1,2,1,60.25345,12,0,0.1617185,-4.575399,1.3,0.12,-8,0,0.12,-9.3,0,0,0,1,0,-1,0.1918,-8,1,0,0,0,3,0
36.8512834070757,14.15762,0,1,2,1,60.2013,12,0,0.18,-4.387162,1.3,0.12,-8,0,0.12,-9.3,0,0,0,1,0,-1,0.1918,-8,1,0,0,0,3,0
36.9038406934583,14.21761,0,1,2,1,60.14901,12,0,0.1617185,-4.256619,1.3,0.1017185,-8,0,0.12,-9.3,0,0,0,1,0,-1,0.1918,-8,1,0,0,0,3,0
36.9547267245379,14.25761,0,1,2,1,60.09781,12,0,0.18,-4.174642,1.3,0.12,-8,0,0.12,-9.3,0,0,0,1,0,-1,0.1918,-8,1,0,0,0,3,0
37.0072007293784,14.3176,0,1,2,1,60.04484,12,0,0.18,-4.015252,1.3,0.1017185,-8,0,0.12,-9.3,0,0,0,1,0,-1,0.1918,-8,1,0,0,0,3,0
37.0579510028724,14.35759,0,1,2,1,59.99494,12,0,0.18,-3.855862,1.3,0.12,-8,0,0.12,-9.3,0,0,0,1,0,-1,0.1918,-8,1,0,0,0,3,0
37.1083119890321,14.41758,0,1,2,1,59.94315,12,0,0.1617185,-3.72532,1.3,0.1017185,-8,0,0.12,-9.3,0,0,0,1,0,-1,0.1918,-8,1,0,0,0,3,0
37.161316992435,14.47757,0,1,2,1,59.89155,12,0,0.1617185,-3.56593,1.3,0.1017185,-8,0,0.12,-9.3,0,0,0,1,0,-1,0.1918,-8,1,0,0,0,3,0
37.2139664717106,14.51756,0,1,2,1,59.83855,12,0,0.18,-3.430822,1.3,0.12,-8,0,0.12,-9.3,0,0,0,1,0,-1,0.1918,-8,1,0,0,0,3,0
37.2659400708874,14.57755,0,1,2,1,59.78611,12,0,0.1617185,-3.30028,1.3,0.1017185,-8,0,0.12,-9.3,0,0,0,1,0,-1,0.1918,-8,1,0,0,0,3,0
37.3166978869907,14.61755,0,1,2,1,59.73509,12,0,0.1617185,-3.19402,1.3,0.12,-8,0,0.12,-9.3,0,0,0,1,0,-1,0.1918,-8,1,0,0,0,3,0
37.3682998415589,14.67754,0,1,2,1,59.68357,12,0,0.1617185,-3.03463,1.3,0.12,-8,0,0.12,-9.3,0,0,0,1,0,-1,0.1918,-8,1,0,0,0,3,0
37.4196854829014,14.71753,0,1,2,1,59.63333,12,0,0.18,-2.899522,1.3,0.12,-8,0,0.12,-9.3,0,0,0,1,0,-1,0.1918,-8,1,0,0,0,3,0
37.4721537646832,14.77752,0,1,2,1,59.58007,12,0,0.18,-2.793262,1.3,0.12,-8,0,0.12,-9.3,0,0,0,1,0,-1,0.1918,-8,1,0,0,0,3,0
37.5261445908452,14.83751,0,1,2,1,59.52715,12,0,0.1617185,-2.60959,1.3,0.1017185,-8,0,0.12,-9.3,0,0,0,1,0,-1,0.1918,-8,1,0,0,0,3,0
37.5849344299588,14.8975,0,1,2,1,59.47778,12,0,0.1617185,-2.4502,1.3,0.1017185,-8,0,0.12,-9.3,0,0,0,1,0,-1,0.1918,-8,1,0,0,0,3,0
37.636905488802,14.93749,0,1,2,1,59.41501,12,0,0.18,-2.315093,1.3,0.12,-8,0,0.12,-9.3,0,0,0,1,0,-1,0.1918,-8,1,0,0,0,3,0
37.6897013917955,14.99748,0,1,2,1,59.36258,12,0,0.1617185,-2.18455,1.3,0.12,-8,0,0.12,-9.3,0,0,0,1,0,-1,0.1918,-8,1,0,0,0,3,0
37.7409246174729,15.05747,0,1,2,1,59.3112,12,0,0.1617185,-2.02516,1.3,0.1017185,-8,0,0.12,-9.3,0,0,0,1,0,-1,0.1918,-8,1,0,0,0,3,0
37.7937624892098,15.09747,0,1,2,1,59.25909,12,0,0.1617185,-1.9189,1.3,0.12,-8,0,0.12,-9.3,0,0,0,1,0,-1,0.1918,-8,1,0,0,0,3,0
37.8461959800258,15.15746,0,1,2,1,59.20688,12,0,0.1617185,-1.759511,1.3,0.1017185,-8,0,0.12,-9.3,0,0,0,1,0,-1,0.1918,-8,1,0,0,0,3,0
37.8983631691168,15.19745,0,1,2,1,59.15367,12,0,0.18,-1.624403,1.3,0.12,-8,0,0.12,-9.3,0,0,0,1,0,-1,0.1918,-8,1,0,0,0,3,0
37.9500778644945,15.25744,0,1,2,1,59.10207,12,0,0.1617185,-1.493861,1.3,0.12,-8,0,0.12,-9.3,0,0,0,1,0,-1,0.1918,-8,1,0,0,0,3,0
38.0012668895134,15.31743,0,1,2,1,59.05057,12,0,0.1617185,-1.334471,1.3,0.1017185,-8,0,0.12,-9.3,0,0,0,1,0,-1,0.1918,-8,1,0,0,0,3,0
38.0514084479254,15.35742,0,1,2,1,59.00088,12,0,0.18,-1.199363,1.3,0.12,-8,0,0.12,-9.3,0,0,0,1,0,-1,0.1918,-8,1,0,0,0,3,0
38.1043054729019,15.41741,0,1,2,1,58.94884,12,0,0.1617185,-1.068821,1.3,0.1017185,-8,0,0.12,-9.3,0,0,0,1,0,-1,0.1918,-8,1,0,0,0,3,0
38.1550759681006,15.45741,0,1,2,1,58.89695,12,0,0.1617185,-0.962561,1.3,0.12,-8,0,0.12,-9.3,0,0,0,1,0,-1,0.1918,-8,1,0,0,0,3,0
38.2051743939816,15.5174,0,1,2,1,58.8476,12,0,0.1617185,-0.8031711,1.3,0.1017185,-8,0,0.12,-9.3,0,0,0,1,0,-1,0.1918,-8,1,0,0,0,3,0
38.2578783312038,15.55739,0,1,2,1,58.79415,12,0,0.1617185,-0.8274534,1.3,0.12,-8,0,0.12,-9.3,0,0,0,1,0,-1,0.1918,-8,1,0,0,0,3,0
38.3099119781487,15.61738,0,1,2,1,58.74276,12,0,0.1617185,-0.8274534,1.3,0.12,-8,0,0.12,-9.3,0,0,0,1,0,-1,0.1918,-8,1,0,0,0,3,0
38.362126050088,15.67737,0,1,2,1,58.68933,12,0,0.1617185,-0.8274534,1.3,0.1017185,-8,0,0.12,-9.3,0,0,0,1,0,-1,0.1918,-8,1,0,0,0,3,0
38.415545151424,15.71736,0,1,2,1,58.63737,12,0,0.18,-0.8274534,1.3,0.12,-8,0,0.12,-9.3,0,0,0,1,0,-1,0.1918,-8,1,0,0,0,3,0
38.4673249872908,15.77735,0,1,2,1,58.58622,12,0,0.1617185,-0.8274534,1.3,0.1017185,-8,0,0.12,-9.3,0,0,0,1,0,-1,0.1918,-8,1,0,0,0,3,0
38.5191310824238,15.81734,0,1,2,1,58.53263,12,0,0.1617185,-0.8274534,1.3,0.12,-8,0,0.12,-9.3,0,0,0,1,0,-1,0.1918,-8,1,0,0,0,3,0
38.5711267524649,15.87733,0,1,2,1,58.48133,12,0,0.18,-0.8274534,1.3,0.12,-8,0,0.12,-9.3,0,0,0,1,0,-1,0.1918,-8,1,0,0,0,3,0
38.622874317469,15.93732,0,1,2,1,58.42954,12,0,0.1617185,-0.8274534,1.3,0.1017185,-8,0,0.12,-9.3,0,0,0,1,0,-1,0.1918,-8,1,0,0,0,3,0
38.6751011859969,15.97732,0,1,2,1,58.37822,12,0,0.18,-0.8274534,1.3,0.12,-8,0,0.12,-9.3,0,0,0,1,0,-1,0.1918,-8,1,0,0,0,3,0
38.7259444828512,16.03731,0,1,2,1,58.32727,12,0,0.1617185,-0.8274534,1.3,0.1017185,-8,0,0.12,-9.3,0,0,0,1,0,-1,0.1918,-8,1,0,0,0,3,0
38.7778590588662,16.0773,0,1,2,1,58.27517,12,0,0.18,-0.8274534,1.3,0.12,-8,0,0.12,-9.3,0,0,0,1,0,-1,0.1918,-8,1,0,0,0,3,0
38.8289189907018,16.13729,0,1,2,1,58.22431,12,0,0.1617185,-0.8274534,1.3,0.12,-8,0,0.12,-9.3,0,0,0,1,0,-1,0.1918,-8,1,0,0,0,3,0
38.8798956814449,16.17728,0,1,2,1,58.17249,12,0,0.1617185,-0.8274534,1.3,0.12,-8,0,0.12,-9.3,0,0,0,1,0,-1,0.1918,-8,1,0,0,0,3,0
38.9319764551305,16.23727,0,1,2,1,58.12118,12,0,0.18,-0.8274534,1.3,0.12,-8,0,0.12,-9.3,0,0,0,1,0,-1,0.1918,-8,1,0,0,0,3,0
38.9835145454918,16.29726,0,1,2,1,58.07041,12,0,0.1617185,-0.8274534,1.3,0.1017185,-8,0,0.12,-9.3,0,0,0,1,0,-1,0.1918,-8,1,0,0,0,3,0
39.0337447510747,16.33726,0,1,2,1,58.02058,12,0,0.1617185,-0.8274534,1.3,0.12,-8,0,0.12,-9.3,0,0,0,1,0,-1,0.1918,-8,1,0,0,0,3,0
39.0865113149391,16.39725,0,1,2,0,57.96836,12,0,0.1617185,-0.8274534,1.3,0.1017185,-8,0,0.12,-9.3,0,0,0.7696357,0,0,-1,0.1918,-8,1,1,0,0,0,0
39.1390022197616,16.43724,0,1,2,0,57.91278,12,0,0.18,-0.8274534,1.3,0.12,-8,0,0.12,-9.3,0,0,0.7140557,0,0,-1,0.1918,-8,1,1,0,0,0,0
39.1927131818602,16.49723,0,1,2,0,57.86038,12,0,0.18,-0.8274534,1.3,0.12,-8,0,0.12,-9.3,0,0,0.6616477,0,0,-1,0.1918,-8,1,1,0,0,0,0
39.2439370437263,16.55722,0,1,2,0,57.80925,12,0,0.1617185,-0.8274534,1.3,0.1017185,-8,0,0.12,-9.3,0,0,0.6105137,0,0,-1,0.1918,-8,1,1,0,0,0,0
39.297156614649,16.59721,0,1,2,0,57.75548,12,0,0.18,-0.8274534,1.3,0.12,-8,0,0.12,-9.3,0,0,0.5567487,0,0,-1,0.1918,-8,1,1,0,0,0,0
39.3484440930298,16.6572,0,1,2,0,57.70459,12,0,0.1617185,-0.8274534,1.3,0.1017185,-8,0,0.12,-9.3,0,0,0.5058629,0,0,-1,0.1918,-8,1,1,0,0,0,0
39.398571009342,16.6972,0,1,2,0,57.65428,12,0,0.18,-0.8274534,1.3,0.12,-8,0,0.12,-9.3,0,0,0.4555495,0,0,-1,0.1918,-8,1,1,0,0,0,0
39.4506072821532,16.75719,0,1,2,0,57.60162,12,0,0.18,-0.8274534,1.3,0.1017185,-8,0,0.12,-9.3,0,0,0.402886,0,0,-1,0.1918,-8,1,1,0,0,0,0
39.503442901065,16.81718,0,1,2,0,57.54927,12,0,0.1617185,-0.8274534,1.3,0.1017185,-8,0,0.12,-9.3,0,0,0.3505411,0,0,-1,0.1918,-8,1,1,0,0,0,0
39.5544471620739,16.85717,0,1,2,0,57.49846,12,0,0.18,-0.8274534,1.3,0.12,-8,0,0.12,-9.3,0,0,0.2997267,0,0,-1,0.1918,-8,1,1,0,0,0,0
39.607494696136,16.91716,0,1,2,0,57.44486,12,0,0.1617185,-0.8274534,1.3,0.07291741,-8,0,0.12,-9.3,0,0,0.2461371,0,0,-1,0.1918,-8,1,1,0,0,0,0
39.6599060892843,16.95715,0,1,2,0,57.39313,12,0,0.1617185,-0.8274534,1.3,0.12,-8,0,0.12,-9.3,0,0,0.1944103,0,0,-1,0.1918,-8,1,1,0,0,0,0
39.7108279310836,17.01714,0,1,2,0,57.34217,12,0,0.18,-0.8274534,1.3,0.12,-8,0,0.12,-9.3,0,0,0.1434624,0,0,-1,0.1918,-8,1,1,0,0,0,0
39.7652725574555,17.07713,0,1,2,0,57.28844,12,0,0.1617185,-0.8274534,1.3,0.1017185,-8,0,0.12,-9.3,0,0,0.0897367,0,0,-1,0.1918,-8,1,1,0,0,0,0
39.8178257812693,17.11713,0,1,2,0,57.23521,12,0,0.1617185,-0.8274534,1.3,0.12,-8,0,0.12,-9.3,0,0,0.0365089,0,0,-1,0.1918,-8,1,1,0,0,0,0
39.8685230125434,17.17712,0,1,2,0,57.18465,12,0,0.1617185,-0.8274534,1.3,0.1017185,-8,0,0.12,-9.3,0,0,0,0,0,-1,0.1918,-8,1,1,0,0,0,0
39.9197289031016,17.21711,0,1,2,0,57.13281,12,0,0.18,-0.8274534,1.3,0.12,-8,0,0.12,-9.3,0,0,0,0,0,-1,0.1918,-8,1,1,0,0,0,0
39.9713450159685,17.2771,0,1,2,0,57.0811,12,0,0.1617185,-0.8274534,1.3,0.12,-8,0,0.12,-9.3,0,0,0,0,0,-1,0.1918,-8,1,1,0,0,0,0
40.024199725475,17.33709,0,1,2,0,57.02808,12,0,0.1617185,-0.8274534,1.3,0.1017185,-8,0,0.12,-9.3,0,0,0,0,0,-1,0.1918,-8,1,1,0,0,0,0
40.0766246865125,17.37708,0,1,2,0,56.97516,12,0,0.18,-0.8274534,1.3,0.12,-8,0,0.12,-9.3,0,0,0,0,0,-1,0.1918,-8,1,1,0,0,0,0
40.1306681371358,17.43707,0,1,2,0,56.92265,12,0,0.1617185,-0.8274534,1.3,0.12,-8,0,0.12,-9.3,0,0,0,0,0,-1,0.1918,-8,1,1,0,0,0,0
40.1845055478014,17.49706,0,1,2,0,56.86966,12,0,0.1617185,-0.8274534,1.3,0.1017185,-8,0,0.12,-9.3,0,0,0,0,0,-1,0.1918,-8,1,1,0,0,0,0
40.237451017389,17.53706,0,1,2,0,56.81478,12,0,0.1617185,-0.8274534,1.3,0.12,-8,0,0.12,-9.3,0,0,0,0,0,-1,0.1918,-8,1,1,0,0,0,0
40.2878419835767,17.59705,0,1,2,0,56.76455,12,0,0.1617185,-0.8274534,1.3,0.1017185,-8,0,0.12,-9.3,0,0,0,0,0,-1,0.1918,-8,1,1,0,0,0,0
40.3397062286962,17.63704,0,1,2,0,56.71275,12,0,0.18,-0.8274534,1.3,0.12,-8,0,0.12,-9.3,0,0,0,0,0,-1,0.1918,-8,1,1,0,0,0,0
40.3929286247253,17.69703,0,1,2,0,56.65961,12,0,0.1617185,-0.8274534,1.3,0.12,-8,0,0.12,-9.3,0,0,0,0,0,-1,0.1918,-8,1,1,0,0,0,0
40.4446494468435,17.75702,0,1,2,0,56.60807,12,0,0.1617185,-0.8274534,1.3,0.1017185,-8,0,0.12,-9.3,0,0,0,0,0,-1,0.1918,-8,1,1,0,0,0,0
40.4947756487894,17.79701,0,1,2,0,56.55703,12,0,0.18,-0.8274534,1.3,0.12,-8,0,0.12,-9.3,0,0,0,0,0,-1,0.1918,-8,1,1,0,0,0,0
40.5460684615228,17.857,0,1,2,0,56.50645,12,0,0.1617185,-0.8274534,1.3,0.1017185,-8,0,0.12,-9.3,0,0,0,0,0,-1,0.1918,-8,1,1,0,0,0,0
40.5990874331951,17.897,0,1,2,0,56.45336,12,0,0.18,-0.8274534,1.3,0.1017185,-8,0,0.12,-9.3,0,0,0,0,0,-1,0.1918,-8,1,1,0,0,0,0
40.6493319905055,17.95699,0,1,2,0,56.40275,12,0,0.1617185,-0.8274534,1.3,0.12,-8,0,0.12,-9.3,0,0,0,0,0,-1,0.1918,-8,1,1,0,0,0,0
40.7020272870309,18.01698,0,1,2,0,56.34993,12,0,0.1617185,-0.8274534,1.3,0.1017185,-8,0,0.12,-9.3,0,0,0,0,0,-1,0.1918,-8,1,1,0,0,0,0
40.7526086327148,18.05697,0,1,2,0,56.29983,12,0,0.1617185,-0.8274534,1.3,0.12,-8,0,0.12,-9.3,0,0,0,0,0,-1,0.1918,-8,1,1,0,0,0,0
40.8057504011988,18.11696,0,1,2,0,56.24784,12,0,0.1617185,-0.8274534,1.3,0.1017185,-8,0,0.12,-9.3,0,0,0,0,0,-1,0.1918,-8,1,1,0,0,0,0
40.8560145263717,18.15695,0,1,2,0,56.19622,12,0,0.18,-0.8274534,1.3,0.12,-8,0,0.12,-9.3,0,0,0,0,0,-1,0.1918,-8,1,1,0,0,0,0
40.9081950259878,18.21694,0,1,2,0,56.14349,12,0,0.1617185,-0.8274534,1.3,0.12,-8,0,0.12,-9.3,0,0,0,0,0,-1,0.1918,-8,1,1,0,0,0,0
40.9609988232603,18.27693,0,1,2,0,56.09105,12,0,0.1617185,-0.8274534,1.3,0.1017185,-8,0,0.12,-9.3,0,0,0,0,0,-1,0.1918,-8,1,1,0,0,0,0
41.0131362030975,18.31693,0,1,2,0,56.03885,12,0,0.18,-0.8274534,1.3,0.12,-8,0,0.12,-9.3,0,0,0,0,0,-1,0.1918,-8,1,1,0,0,0,0
41.0637657548318,18.37691,0,1,2,0,55.98884,12,0,0.1617185,-0.8274534,1.3,0.1017185,-8,0,0.12,-9.3,0,0,0,0,0,-1,0.1918,-8,1,1,0,0,0,0
41.1160411438782,18.41691,0,1,2,0,55.93601,12,0,0.18,-0.8274534,1.3,0.12,-8,0,0.12,-9.3,0,0,0,0,0,-1,0.1918,-8,1,1,0,0,0,0
41.1673050671344,18.4769,0,1,2,0,55.88492,12,0,0.18,-0.8274534,1.3,0.1017185,-8,0,0.12,-9.3,0,0,0,0,0,-1,0.1918,-8,1,1,0,0,0,0
41.2190484735969,18.51689,0,1,2,0,55.83259,12,0,0.18,-0.8274534,1.3,0.12,-8,0,0.12,-9.3,0,0,0,0,0,-1,0.1918,-8,1,1,0,0,0,0
41.2706427062134,18.57688,0,1,2,0,55.78217,12,0,0.1617185,-0.8274534,1.3,0.12,-8,0,0.12,-9.3,0,0,0,0,0,-1,0.1918,-8,1,1,0,0,0,0
41.3219590612239,18.63687,0,1,2,0,55.73,12,0,0.1617185,-0.8274534,1.3,0.1017185,-8,0,0.12,-9.3,0,0,0,0,0,-1,0.1918,-8,1,1,0,0,0,0
41.3726126980729,18.67686,0,1,2,0,55.67965,12,0,0.1617185,-0.8274534,1.3,0.12,-8,0,0.12,-9.3,0,0,0,0,0,-1,0.1918,-8,1,1,0,0,0,0
41.4236267433962,18.73685,0,1,2,0,55.62899,12,0,0.1617185,-0.8274534,1.3,0.1017185,-8,0,0.12,-9.3,0,0,0,0,0,-1,0.1918,-8,1,1,0,0,0,0
41.4738011844264,18.77685,0,1,2,0,55.57784,12,0,0.18,-0.8274534,1.3,0.12,-8,0,0.12,-9.3,0,0,0,0,0,-1,0.1918,-8,1,1,0,0,0,0
41.5248654853081,18.83684,0,1,2,0,55.52797,12,0,0.1617185,-0.8274534,1.3,0.1017185,-8,0,0.12,-9.3,0,0,0,0,0,-1,0.1918,-8,1,1,0,0,0,0
41.5767943302955,18.87683,0,1,2,0,55.47525,12,0,0.1617185,-0.8274534,1.3,0.12,-8,0,0.12,-9.3,0,0,0,0,0,-1,0.1918,-8,1,1,0,0,0,0
41.6269306613057,18.93682,0,1,2,0,55.4249,12,0,0.1617185,-0.8274534,1.3,0.1017185,-8,0,0.12,-9.3,0,0,0,0,0,-1,0.1918,-8,1,1,0,0,0,0
41.6770060411416,18.97681,0,1,2,0,55.3754,12,0,0.1617185,-0.8274534,1.3,0.12,-8,0,0.12,-9.3,0,0,0,0,0,-1,0.1918,-8,1,1,0,0,0,0
41.7292823418503,19.0368,0,1,2,0,55.32381,12,0,0.18,-0.8274534,1.3,0.1017185,-8,0,0.12,-9.3,0,0,0,0,0,-1,0.1918,-8,1,1,0,0,0,0
41.7794339791493,19.0768,0,1,2,0,55.27317,12,0,0.18,-0.8274534,1.3,0.12,-8,0,0.12,-9.3,0,0,0,0,0,-1,0.1918,-8,1,1,0,0,0,0
41.8311636749207,19.13679,0,1,2,0,55.22184,12,0,0.1617185,-0.8274534,1.3,0.12,-8,0,0.12,-9.3,0,0,0,0,0,-1,0.1918,-8,1,1,0,0,0,0
41.8821989860054,19.19678,0,1,2,0,55.16952,12,0,0.1617185,-0.8274534,1.3,0.1017185,-8,0,0.12,-9.3,0,0,0,0,0,-1,0.1918,-8,1,1,0,0,0,0
41.9348097194446,19.23677,0,1,2,0,55.11721,12,0,0.1617185,-0.8274534,1.3,0.12,-8,0,0.12,-9.3,0,0,0,0,0,-1,0.1918,-8,1,1,0,0,0,0
41.9859816414647,19.29676,0,1,2,0,55.06738,12,0,0.1617185,-0.8274534,1.3,0.1017185,-8,0,0.12,-9.3,0,0,0,0,0,-1,0.1918,-8,1,1,0,0,0,0
42.0394551331428,19.33675,0,1,2,0,55.01352,12,0,0.18,-0.8274534,1.3,0.12,-8,0,0.12,-9.3,0,0,0,0,0,-1,0.1918,-8,1,1,0,0,0,0
42.0917454142933,19.39674,0,1,2,0,54.9601,12,0,0.1617185,-0.8274534,1.3,0.12,-8,0,0.12,-9.3,0,0,0,0,0,-1,0.1918,-8,1,1,0,0,0,0
42.1458232802566,19.45673,0,1,2,0,54.90801,12,0,0.1617185,-0.8274534,1.3,0.1017185,-8,0,0.12,-9.3,0,0,0,0,0,-1,0.1918,-8,1,1,0,0,0,0
42.197983956816,19.49673,0,1,2,0,54.85426,12,0,0.18,-0.8274534,1.3,0.12,-8,0,0.12,-9.3,0,0,0,0,0,-1,0.1918,-8,1,1,0,0,0,0
42.2498016899469,19.55672,0,1,2,0,54.80239,12,0,0.18,-0.8274534,1.3,0.12,-8,0,0.12,-9.3,0,0,0,0,0,-1,0.1918,-8,1,1,0,0,0,0
42.3015244180517,19.61671,0,1,2,0,54.75118,12,0,0.1617185,-0.8274534,1.3,0.1017185,-8,0,0.12,-9.3,0,0,0,0,0,-1,0.1918,-8,1,1,0,0,0,0
42.3518029502121,19.6567,0,1,2,0,54.70193,12,0,0.1617185,-0.8274534,1.3,0.12,-8,0,0.12,-9.3,0,0,0,0,0,-1,0.1918,-8,1,1,0,0,0,0
42.4051881971973,19.71669,0,1,2,0,54.6484,12,0,0.1617185,-0.8274534,1.3,0.1017185,-8,0,0.12,-9.3,0,0,0,0,0,-1,0.1918,-8,1,1,0,0,0,0
42.4585266879009,19.75668,0,1,2,0,54.59435,12,0,0.18,-0.8274534,1.3,0.12,-8,0,0.12,-9.3,0,0,0,0,0,-1,0.1918,-8,1,1,0,0,0,0
42.5091071508516,19.81667,0,1,2,0,54.54269,12,0,0.1617185,-0.8274534,1.3,0.12,-8,0,0.12,-9.3,0,0,0,0,0,-1,0.1918,-8,1,1,0,0,0,0
42.5592752734193,19.85667,0,1,2,0,54.49304,12,0,0.18,-0.8274534,1.3,0.12,-8,0,0.12,-9.3,0,0,0,0,0,-1,0.1918,-8,1,1,0,0,0,0
42.6116756727354,19.91666,0,1,2,0,54.44028,12,0,0.1617185,-0.8274534,1.3,0.12,-8,0,0.12,-9.3,0,0,0,0,0,-1,0.1918,-8,1,1,0,0,0,0
42.6639409228083,19.97665,0,1,2,0,54.38926,12,0,0.1617185,-0.8274534,1.3,0.1017185,-8,0,0.12,-9.3,0,0,0,0,0,-1,0.1918,-8,1,1,0,0,0,0
42.7153890849877,20.01664,0,1,2,0,54.33834,12,0,0.18,-0.8274534,1.3,0.12,-8,0,0.12,-9.3,0,0,0,0,0,-1,0.1918,-8,1,1,0,0,0,0
42.7671944648953,20.07663,0,1,2,0,54.28686,12,0,0.1617185,-0.8274534,1.3,0.1017185,-8,0,0.12,-9.3,0,0,0,0,0,-1,0.1918,-8,1,1,0,0,0,0
42.8197288829408,20.11662,0,1,2,0,54.23318,12,0,0.18,-0.8274534,1.3,0.12,-8,0,0.12,-9.3,0,0,0,0,0,-1,0.1918,-8,1,1,0,0,0,0
42.8714871951606,20.17661,0,1,2,0,54.18088,12,0,0.1617185,-0.8274534,1.3,0.12,-8,0,0.12,-9.3,0,0,0,0,0,-1,0.1918,-8,1,1,0,0,0,0
42.9247274613514,20.2366,0,1,2,0,54.12827,12,0,0.1617185,-0.8274534,1.3,0.1017185,-8,0,0.12,-9.3,0,0,0,0,0,-1,0.1918,-8,1,1,0,0,0,0
42.9756025706622,20.2766,0,1,2,0,54.07737,12,0,0.18,-0.8274534,1.3,0.12,-8,0,0.12,-9.3,0,0,0,0,0,-1,0.1918,-8,1,1,0,0,0,0
43.0265070225409,20.33659,0,1,2,0,54.02636,12,0,0.1617185,-0.8274534,1.3,0.1017185,-8,0,0.12,-9.3,0,0,0,0,0,-1,0.1918,-8,1,1,0,0,0,0
43.0783114351676,20.37658,0,1,2,0,53.97412,12,0,0.18,-0.8274534,1.3,0.12,-8,0,0.12,-9.3,0,0,0,0,0,-1,0.1918,-8,1,1,0,0,0,0
43.1312567724561,20.43657,0,1,2,0,53.92111,12,0,0.1617185,-0.8274534,1.3,0.1017185,-8,0,0.12,-9.3,0,0,0,0,0,-1,0.1918,-8,1,1,0,0,0,0
43.1845043729449,20.49656,0,1,2,0,53.86887,12,0,0.1617185,-0.8274534,1.3,0.1017185,-8,0,0.12,-9.3,0,0,0,0,0,-1,0.1918,-8,1,1,0,0,0,0
43.236606695868,20.53655,0,1,2,0,53.81592,12,0,0.1617185,-0.8274534,1.3,0.12,-8,0,0.12,-9.3,0,0,0,0,0,-1,0.1918,-8,1,1,0,0,0,0
43.2876893437974,20.59654,0,1,2,0,53.76466,12,0,0.1617185,-0.8274534,1.3,0.1017185,-8,0,0.12,-9.3,0,0,0,0,0,-1,0.1918,-8,1,1,0,0,0,0
43.3402442169999,20.65653,0,1,2,0,53.71173,12,0,0.1617185,-0.8274534,1.3,0.1017185,-8,0,0.12,-9.3,0,0,0,0,0,-1,0.1918,-8,1,1,0,0,0,0
43.3911244595906,20.69653,0,1,2,0,53.66086,12,0,0.1617185,-0.8274534,1.3,0.12,-8,0,0.12,-9.3,0,0,0,0,0,-1,0.1918,-8,1,1,0,0,0,0
43.4441730220726,20.75652,0,1,2,0,53.60864,12,0,0.18,-0.8274534,1.3,0.1017185,-8,0,0.12,-9.3,0,0,0,0,0,-1,0.1918,-8,1,1,0,0,0,0
43.4964161545708,20.79651,0,1,2,0,53.55679,12,0,0.18,-0.8274534,1.3,0.12,-8,0,0.12,-9.3,0,0,0,0,0,-1,0.1918,-8,1,1,0,0,0,0
43.5490753790963,20.8565,0,1,2,0,53.50282,12,0,0.1617185,-0.8274534,1.3,0.1017185,-8,0,0.12,-9.3,0,0,0,0,0,-1,0.1918,-8,1,1,0,0,0,0
43.6012347401789,20.91649,0,1,2,0,53.45178,12,0,0.1617185,-0.8274534,1.3,0.1017185,-8,0,0.12,-9.3,0,0,0,0,0,-1,0.1918,-8,1,1,0,0,0,0
43.6523857846943,20.95648,0,1,2,0,53.39972,12,0,0.18,-0.8274534,1.3,0.12,-8,0,0.12,-9.3,0,0,0,0,0,-1,0.1918,-8,1,1,0,0,0,0
43.7045681879151,21.01647,0,1,2,0,53.34787,12,0,0.1617185,-0.8274534,1.3,0.1017185,-8,0,0.12,-9.3,0,0,0,0,0,-1,0.1918,-8,1,1,0,0,0,0
43.7569873277954,21.05647,0,1,2,0,53.29542,12,0,0.18,-0.8274534,1.3,0.12,-8,0,0.12,-9.3,0,0,0,0,0,-1,0.1918,-8,1,1,0,0,0,0
43.8073041864618,21.11646,0,1,2,0,53.24451,12,0,0.1617185,-0.8274534,1.3,0.1017185,-8,0,0.12,-9.3,0,0,0,0,0,-1,0.1918,-8,1,1,0,0,0,0
43.8579254580679,21.15645,0,1,2,0,53.19381,12,0,0.18,-0.8274534,1.3,0.12,-8,0,0.12,-9.3,0,0,0,0,0,-1,0.1918,-8,1,1,0,0,0,0
43.9097626442293,21.21644,0,1,2,0,53.1426,12,0,0.1617185,-0.8274534,1.3,0.12,-8,0,0.12,-9.3,0,0,0,0,0,-1,0.1918,-8,1,1,0,0,0,0
43.9606733185257,21.27643,0,1,2,0,53.09212,12,0,0.1617185,-0.8274534,1.3,0.1017185,-8,0,0.12,-9.3,0,0,0,0,0,-1,0.1918,-8,1,1,0,0,0,0
44.0124085176055,21.31642,0,1,2,0,53.03962,12,0,0.1617185,-0.8274534,1.3,0.12,-8,0,0.12,-9.3,0,0,0,0,0,-1,0.1918,-8,1,1,0,0,0,0
44.0662331260968,21.37641,0,1,2,0,52.98712,12,0,0.18,-0.8274534,1.3,0.1017185,-8,0,0.12,-9.3,0,0,0,0,0,-1,0.1918,-8,1,1,0,0,0,0
44.1179917125677,21.4164,0,1,2,0,52.93461,12,0,0.18,-0.8274534,1.3,0.12,-8,0,0.12,-9.3,0,0,0,0,0,-1,0.1918,-8,1,1,0,0,0,0
44.1684844079352,21.47639,0,1,2,0,52.8831,12,0,0.1617185,-0.8274534,1.3,0.12,-8,0,0.12,-9.3,0,0,0,0,0,-1,0.1918,-8,1,1,0,0,0,0
44.2195074025396,21.51639,0,1,2,0,52.83273,12,0,0.18,-0.8274534,1.3,0.12,-8,0,0.12,-9.3,0,0,0,0,0,-1,0.1918,-8,1,1,0,0,0,0
44.2733205141121,21.57638,0,1,2,0,52.78013,12,0,0.18,-0.8274534,1.3,0.12,-8,0,0.12,-9.3,0,0,0,0,0,-1,0.1918,-8,1,1,0,0,0,0
44.3253890452761,21.63637,0,1,2,0,52.72733,12,0,0.1617185,-0.8274534,1.3,0.1017185,-8,0,0.12,-9.3,0,0,0,0,0,-1,0.1918,-8,1,1,0,0,0,0
44.3757027100812,21.67636,0,1,2,0,52.67588,12,0,0.1617185,-0.8274534,1.3,0.12,-8,0,0.12,-9.3,0,0,0,0,0,-1,0.1918,-8,1,1,0,0,0,0
44.427745140171,21.73635,0,1,2,0,52.62523,12,0,0.1617185,-0.8274534,1.3,0.1017185,-8,0,0.12,-9.3,0,0,0,0,0,-1,0.1918,-8,1,1,0,0,0,0
44.4779676434671,21.77634,0,1,2,0,52.57373,12,0,0.18,-0.8274534,1.3,0.12,-8,0,0.12,-9.3,0,0,0,0,0,-1,0.1918,-8,1,1,0,0,0,0
44.5295262265269,21.83633,0,1,2,0,52.52268,12,0,0.18,-0.8274534,1.3,0.12,-8,0,0.12,-9.3,0,0,0,0,0,-1,0.1918,-8,1,1,0,0,0,0
44.5811389263737,21.89632,0,1,2,0,52.47046,12,0,0.1617185,-0.8274534,1.3,0.1017185,-8,0,0.12,-9.3,0,0,0,0,0,-1,0.1918,-8,1,1,0,0,0,0
44.6336468818941,21.93632,0,1,2,0,52.4185,12,0,0.18,-0.8274534,1.3,0.12,-8,0,0.12,-9.3,0,0,0,0,0,-1,0.1918,-8,1,1,0,0,0,0
44.6838923225197,21.99631,0,1,2,0,52.36855,12,0,0.1617185,-0.8274534,1.3,0.1017185,-8,0,0.12,-9.3,0,0,0,0,0,-1,0.1918,-8,1,1,0,0,0,0
44.7365564641525,22.0363,0,1,2,0,52.31588,12,0,0.1617185,-0.8274534,1.3,0.12,-8,0,0.12,-9.3,0,0,0,0,0,-1,0.1918,-8,1,1,0,0,0,0
44.7865985014552,22.09629,0,1,2,0,52.26548,12,0,0.18,-0.8274534,1.3,0.1017185,-8,0,0.12,-9.3,0,0,0,0,0,-1,0.1918,-8,1,1,0,0,0,0
44.8384109423548,22.13628,0,1,2,0,52.21468,12,0,0.18,-0.8274534,1.3,0.12,-8,0,0.12,-9.3,0,0,0,0,0,-1,0.1918,-8,1,1,0,0,0,0
44.8900146002864,22.19627,0,1,2,0,52.16253,12,0,0.1617185,-0.8274534,1.3,0.12,-8,0,0.12,-9.3,0,0,0,0,0,-1,0.1918,-8,1,1,0,0,0,0
44.9417462864664,22.25626,0,1,2,0,52.11177,12,0,0.1617185,-0.8274534,1.3,0.1017185,-8,0,0.12,-9.3,0,0,0,0,0,-1,0.1918,-8,1,1,0,0,0,0
44.9933306088654,22.29626,0,1,2,0,52.05901,12,0,0.18,-0.8274534,1.3,0.12,-8,0,0.12,-9.3,0,0,0,0,0,-1,0.1918,-8,1,1,0,0,0,0
45.0457847618131,22.35625,0,1,2,0,52.00756,12,0,0.1617185,-0.8274534,1.3,0.1017185,-8,0,0.12,-9.3,0,0,0,0,0,-1,0.1918,-8,1,1,0,0,0,0
45.0982616508828,22.39624,0,1,2,0,51.95395,12,0,0.1617185,-0.8274534,1.3,0.12,-8,0,0.12,-9.3,0,0,0,0,0,-1,0.1918,-8,1,1,0,0,0,0
45.1496333702147,22.45623,0,1,2,0,51.90305,12,0,0.18,-0.8274534,1.3,0.1017185,-8,0,0.12,-9.3,0,0,0,0,0,-1,0.1918,-8,1,1,0,0,0,0
45.2043069108488,22.51622,0,1,2,0,51.85073,12,0,0.1617185,-0.8274534,1.3,0.1017185,-8,0,0.12,-9.3,0,0,0,0,0,-1,0.1918,-8,1,1,0,0,0,0
45.2549263185944,22.55621,0,1,2,0,51.79739,12,0,0.1617185,-0.8274534,1.3,0.12,-8,0,0.12,-9.3,0,0,0,0,0,-1,0.1918,-8,1,1,0,0,0,0
45.3050767323939,22.6162,0,1,2,0,51.74788,12,0,0.18,-0.8274534,1.3,0.1017185,-8,0,0.12,-9.3,0,0,0,0,0,-1,0.1918,-8,1,1,0,0,0,0
45.3575041112053,22.6562,0,1,2,0,51.69563,12,0,0.18,-0.8274534,1.3,0.12,-8,0,0.12,-9.3,0,0,0,0,0,-1,0.1918,-8,1,1,0,0,0,0
45.4095050122571,22.71619,0,1,2,0,51.64281,12,0,0.1617185,-0.8274534,1.3,0.12,-8,0,0.12,-9.3,0,0,0,0,0,-1,0.1918,-8,1,1,0,0,0,0
45.461969147544,22.77618,0,1,2,0,51.59053,12,0,0.1617185,-0.8274534,1.3,0.1017185,-8,0,0.12,-9.3,0,0,0,0,0,-1,0.1918,-8,1,1,0,0,0,0
45.513363016267,22.81617,0,1,2,0,51.53859,12,0,0.1617185,-0.8274534,1.3,0.12,-8,0,0.12,-9.3,0,0,0,0,0,-1,0.1918,-8,1,1,0,0,0,0
45.5671899389435,22.87616,0,1,2,0,51.48684,12,0,0.18,-0.8274534,1.3,0.1017185,-8,0,0.12,-9.3,0,0,0,0,0,-1,0.1918,-8,1,1,0,0,0,0
45.6196782656253,22.91615,0,1,2,0,51.43239,12,0,0.18,-0.8274534,1.3,0.12,-8,0,0.12,-9.3,0,0,0,0,0,-1,0.1918,-8,1,1,0,0,0,0
45.6710181165562,22.97614,0,1,2,0,51.38065,12,0,0.1617185,-0.8274534,1.3,0.12,-8,0,0.12,-9.3,0,0,0,0,0,-1,0.1918,-8,1,1,0,0,0,0
45.7221766300272,23.03613,0,1,2,0,51.33046,12,0,0.1617185,-0.8274534,1.3,0.1017185,-8,0,0.12,-9.3,0,0,0,0,0,-1,0.1918,-8,1,1,0,0,0,0
45.7742090442014,23.07613,0,1,2,0,51.27805,12,0,0.18,-0.8274534,1.3,0.12,-8,0,0.12,-9.3,0,0,0,0,0,-1,0.1918,-8,1,1,0,0,0,0
45.8250067556609,23.13612,0,1,2,0,51.2285,12,0,0.1617185,-0.8274534,1.3,0.1017185,-8,0,0.12,-9.3,0,0,0,0,0,-1,0.1918,-8,1,1,0,0,0,0
45.8765701874957,23.17611,0,1,2,0,51.175,12,0,0.1617185,-0.8274534,1.3,0.12,-8,0,0.12,-9.3,0,0,0,0,0,-1,0.1918,-8,1,1,0,0,0,0
45.9272989921371,23.2361,0,1,2,0,51.12599,12,0,0.1617185,-0.8274534,1.3,0.1017185,-8,0,0.12,-9.3,0,0,0,0,0,-1,0.1918,-8,1,1,0,0,0,0
45.9775222888688,23.27609,0,1,2,0,51.07434,12,0,0.18,-0.8274534,1.3,0.12,-8,0,0.12,-9.3,0,0,0,0,0,-1,0.1918,-8,1,1,0,0,0,0
46.030429225043,23.33608,0,1,2,0,51.02342,12,0,0.18,-0.8274534,1.3,0.12,-8,0,0.12,-9.3,0,0,0,0,0,-1,0.1918,-8,1,1,0,0,0,0
46.0811438652623,23.39607,0,1,2,0,50.97101,12,0,0.1329174,-0.8274534,1.3,0.1017185,-8,0,0.12,-9.3,0,0,0,0,0,-1,0.1918,-8,1,1,0,0,0,0
46.1342045711639,23.43607,0,1,2,0,50.91821,12,0,0.18,-0.8274534,1.3,0.12,-8,0,0.12,-9.3,0,0,0,0,0,-1,0.1918,-8,1,1,0,0,0,0
46.1875857794081,23.49606,0,1,2,0,50.8656,12,0,0.1617185,-0.8274534,1.3,0.1017185,-8,0,0.12,-9.3,0,0,0,0,0,-1,0.1918,-8,1,1,0,0,0,0
46.2397257868253,23.53605,0,1,2,0,50.81264,12,0,0.18,-0.8274534,1.3,0.12,-8,0,0.12,-9.3,0,0,0,0,0,-1,0.1918,-8,1,1,0,0,0,0
46.2911517876183,23.59604,0,1,2,0,50.76245,12,0,0.18,-0.8274534,1.3,0.12,-8,0,0.12,-9.3,0,0,0,0,0,-1,0.1918,-8,1,1,0,0,0,0
46.3444637214491,23.65603,0,1,2,0,50.70872,12,0,0.1617185,-0.8274534,1.3,0.1017185,-8,0,0.12,-9.3,0,0,0,0,0,-1,0.1918,-8,1,1,0,0,0,0
46.395445018537,23.69602,0,1,2,0,50.65742,12,0,0.1617185,-0.8274534,1.3,0.12,-8,0,0.12,-9.3,0,0,0,0,0,-1,0.1918,-8,1,1,0,0,0,0
46.4457036010275,23.75601,0,1,2,0,50.60734,12,0,0.1617185,-0.8274534,1.3,0.1017185,-8,0,0.12,-9.3,0,0,0,0,0,-1,0.1918,-8,1,1,0,0,0,0
46.4986451093602,23.79601,0,1,2,0,50.55423,12,0,0.18,-0.8274534,1.3,0.12,-8,0,0.12,-9.3,0,0,0,0,0,-1,0.1918,-8,1,1,0,0,0,0
46.5491221655189,23.856,0,1,2,0,50.50279,12,0,0.1617185,-0.8274534,1.3,0.12,-8,0,0.12,-9.3,0,0,0,0,0,-1,0.1918,-8,1,1,0,0,0,0
46.601938943768,23.91599,0,1,2,0,50.46015,12,0,0.1617185,-0.8274534,1.3,0.1017185,-8,0,0.12,-9.3,0,0,0,0,0,-1,0.1918,-8,1,1,0,0,0,0
46.654072061191,23.95598,0,1,2,0,50.39789,12,0,0.1617185,-0.8274534,1.3,0.12,-8,0,0.12,-9.3,0,0,0,0,0,-1,0.1918,-8,1,1,0,0,0,0
