wallTime,elapsed,local,requested,repeated,count,kind,x,y,z,fx,fy,fz,duration,remaining,radius,owner,first,second,split,cycle,process
63925005556.0111,0.01999664,1,0,0,0,0,0,0,0,0,0,0,0,0,0,0,0,0,0,0,49432
63925005556.0747,0.07998657,1,0,0,0,0,0,0,0,0,0,0,0,0,0,0,0,0,0,0,49432
63925005556.1422,0.5199127,1,0,0,0,0,0,0,0,0,0,0,0,0,0,0,0,0,0,0,49432
63925005556.2086,0.5998993,1,0,0,0,0,0,0,0,0,0,0,0,0,0,0,0,0,0,0,49432
63925005556.276,0.6598892,1,0,0,0,0,0,0,0,0,0,0,0,0,0,0,0,0,0,0,49432
63925005556.3431,0.7198792,1,0,0,0,0,0,0,0,0,0,0,0,0,0,0,0,0,0,0,49432
63925005556.4088,0.7998657,1,0,0,0,0,0,0,0,0,0,0,0,0,0,0,0,0,0,0,49432
63925005556.4591,0.839859,1,0,0,0,0,0,0,0,0,0,0,0,0,0,0,0,0,0,0,49432
63925005556.5257,0.8998489,1,0,0,0,0,0,0,0,0,0,0,0,0,0,0,0,0,0,0,49432
63925005556.576,0.9598389,1,0,0,0,0,0,0,0,0,0,0,0,0,0,0,0,0,0,0,49432
63925005556.6428,1.019829,1,0,0,0,0,0,0,0,0,0,0,0,0,0,0,0,0,0,0,49432
63925005556.7098,1.099815,1,0,0,0,0,0,0,0,0,0,0,0,0,0,0,0,0,0,0,49432
63925005556.7756,1.159805,1,0,0,0,0,0,0,0,0,0,0,0,0,0,0,0,0,0,0,49432
63925005556.8426,1.199799,1,0,0,0,0,0,0,0,0,0,0,0,0,0,0,0,0,0,0,49432
63925005556.9094,1.279785,1,0,0,0,0,0,0,0,0,0,0,0,0,0,0,0,0,0,0,49432
63925005556.9758,1.339775,1,0,0,0,0,0,0,0,0,0,0,0,0,0,0,0,0,0,0,49432
63925005557.0425,1.399765,1,0,0,0,0,0,0,0,0,0,0,0,0,0,0,0,0,0,0,49432
63925005557.0932,1.459755,1,0,0,0,0,0,0,0,0,0,0,0,0,0,0,0,0,0,0,49432
63925005557.1589,1.519745,1,0,0,0,0,0,0,0,0,0,0,0,0,0,0,0,0,0,0,49432
63925005557.2264,1.599731,1,0,0,0,0,0,0,0,0,0,0,0,0,0,0,0,0,0,0,49432
63925005557.2924,1.659721,1,0,0,0,0,0,0,0,0,0,0,0,0,0,0,0,0,0,0,49432
63925005557.3597,1.719711,1,0,0,0,0,0,0,0,0,0,0,0,0,0,0,0,0,0,0,49432
63925005557.4257,1.799698,1,0,0,0,0,0,0,0,0,0,0,0,0,0,0,0,0,0,0,49432
63925005557.4937,1.859688,1,0,0,0,0,0,0,0,0,0,0,0,0,0,0,0,0,0,0,49432
63925005557.5599,1.919678,1,0,0,0,0,0,0,0,0,0,0,0,0,0,0,0,0,0,0,49432
63925005557.6102,1.979668,1,0,0,0,0,0,0,0,0,0,0,0,0,0,0,0,0,0,0,49432
63925005557.6755,2.039658,1,0,0,0,0,0,0,0,0,0,0,0,0,0,0,0,0,0,0,49432
63925005557.7432,2.099648,1,0,0,0,0,0,0,0,0,0,0,0,0,0,0,0,0,0,0,49432
63925005557.7932,2.159637,1,0,0,0,0,0,0,0,0,0,0,0,0,0,0,0,0,0,0,49432
63925005557.86,2.219627,1,0,0,0,0,0,0,0,0,0,0,0,0,0,0,0,0,0,0,49432
63925005557.91,2.299614,1,0,0,0,0,0,0,0,0,0,0,0,0,0,0,0,0,0,0,49432
63925005557.9756,2.359604,1,0,0,0,0,0,0,0,0,0,0,0,0,0,0,0,0,0,0,49432
63925005558.0267,2.419594,1,0,0,0,0,0,0,0,0,0,0,0,0,0,0,0,0,0,0,49432
63925005558.0934,2.479584,1,0,0,0,0,0,0,0,0,0,0,0,0,0,0,0,0,0,0,49432
63925005558.1603,2.519577,1,0,0,0,0,0,0,0,0,0,0,0,0,0,0,0,0,0,0,49432
63925005558.2267,2.599564,1,0,0,0,0,0,0,0,0,0,0,0,0,0,0,0,0,0,0,49432
63925005558.2768,2.639557,1,0,0,0,0,0,0,0,0,0,0,0,0,0,0,0,0,0,0,49432
63925005558.3433,2.699547,1,0,0,0,0,0,0,0,0,0,0,0,0,0,0,0,0,0,0,49432
63925005558.3939,2.759537,1,0,0,0,0,0,0,0,0,0,0,0,0,0,0,0,0,0,0,49432
63925005558.4599,2.819527,1,0,0,0,0,0,0,0,0,0,0,0,0,0,0,0,0,0,0,49432
63925005558.51,2.879517,1,0,0,0,0,0,0,0,0,0,0,0,0,0,0,0,0,0,0,49432
63925005558.56,2.939507,1,0,0,0,0,0,0,0,0,0,0,0,0,0,0,0,0,0,0,49432
63925005558.6264,3.019493,1,0,0,0,0,0,0,0,0,0,0,0,0,0,0,0,0,0,0,49432
63925005558.6939,3.079483,1,0,0,0,0,0,0,0,0,0,0,0,0,0,0,0,0,0,0,49432
63925005558.7601,3.139473,1,0,0,0,0,0,0,0,0,0,0,0,0,0,0,0,0,0,0,49432
63925005558.8107,3.199463,1,0,0,0,0,0,0,0,0,0,0,0,0,0,0,0,0,0,0,49432
63925005558.876,3.259453,1,0,0,0,0,0,0,0,0,0,0,0,0,0,0,0,0,0,0,49432
63925005558.9266,3.319443,1,0,0,0,0,0,0,0,0,0,0,0,0,0,0,0,0,0,0,49432
63925005558.9933,3.379433,1,0,0,0,0,0,0,0,0,0,0,0,0,0,0,0,0,0,0,49432
63925005559.0598,3.419426,1,0,0,0,0,0,0,0,0,0,0,0,0,0,0,0,0,0,0,49432
63925005559.1102,3.479416,1,0,0,0,0,0,0,0,0,0,0,0,0,0,0,0,0,0,0,49432
63925005559.1608,3.519409,1,0,0,0,0,0,0,0,0,0,0,0,0,0,0,0,0,0,0,49432
63925005559.2106,3.579399,1,0,0,0,0,0,0,0,0,0,0,0,0,0,0,0,0,0,0,49432
63925005559.2771,3.619392,1,0,0,0,0,0,0,0,0,0,0,0,0,0,0,0,0,0,0,49432
63925005559.3271,3.679382,1,0,0,0,0,0,0,0,0,0,0,0,0,0,0,0,0,0,0,49432
63925005559.3928,3.739372,1,0,0,0,0,0,0,0,0,0,0,0,0,0,0,0,0,0,0,49432
63925005559.4607,3.819359,1,0,0,0,0,0,0,0,0,0,0,0,0,0,0,0,0,0,0,49432
63925005559.527,3.899345,1,0,0,0,0,0,0,0,0,0,0,0,0,0,0,0,0,0,0,49432
63925005559.5773,3.939339,1,0,0,0,0,0,0,0,0,0,0,0,0,0,0,0,0,0,0,49432
63925005559.6272,3.999329,1,0,0,0,0,0,0,0,0,0,0,0,0,0,0,0,0,0,0,49432
63925005559.6775,4.039322,1,0,0,0,0,0,0,0,0,0,0,0,0,0,0,0,0,0,0,49432
63925005559.7433,4.099312,1,0,0,0,0,0,0,0,0,0,0,0,0,0,0,0,0,0,0,49432
63925005559.7936,4.159302,1,0,0,0,0,0,0,0,0,0,0,0,0,0,0,0,0,0,0,49432
63925005559.8599,4.219292,1,0,0,0,0,0,0,0,0,0,0,0,0,0,0,0,0,0,0,49432
63925005559.91,4.279282,1,0,0,0,0,0,0,0,0,0,0,0,0,0,0,0,0,0,0,49432
63925005559.961,4.319275,1,0,0,0,0,0,0,0,0,0,0,0,0,0,0,0,0,0,0,49432
63925005560.0264,4.399261,1,0,0,0,0,0,0,0,0,0,0,0,0,0,0,0,0,0,0,49432
63925005560.0932,4.479248,1,0,0,0,0,0,0,0,0,0,0,0,0,0,0,0,0,0,0,49432
63925005560.1608,4.539238,1,0,0,0,0,0,0,0,0,0,0,0,0,0,0,0,0,0,0,49432
63925005560.2106,4.599228,1,0,0,0,0,0,0,0,0,0,0,0,0,0,0,0,0,0,0,49432
63925005560.2765,4.659218,1,0,0,0,0,0,0,0,0,0,0,0,0,0,0,0,0,0,0,49432
63925005560.3275,4.699211,1,0,0,0,0,0,0,0,0,0,0,0,0,0,0,0,0,0,0,49432
63925005560.3941,4.759201,1,0,0,0,0,0,0,0,0,0,0,0,0,0,0,0,0,0,0,49432
63925005560.4601,4.819191,1,0,0,0,0,0,0,0,0,0,0,0,0,0,0,0,0,0,0,49432
63925005560.528,4.899178,1,0,0,0,0,0,0,0,0,0,0,0,0,0,0,0,0,0,0,49432
63925005560.5771,4.939171,1,0,0,0,0,0,0,0,0,0,0,0,0,0,0,0,0,0,0,49432
63925005560.6445,4.999161,1,0,0,0,0,0,0,0,0,0,0,0,0,0,0,0,0,0,0,49432
63925005560.6937,5.059151,1,0,0,0,0,0,0,0,0,0,0,0,0,0,0,0,0,0,0,49432
63925005560.7614,5.139137,1,0,0,0,0,0,0,0,0,0,0,0,0,0,0,0,0,0,0,49432
63925005560.8284,5.219124,1,0,0,0,0,0,0,0,0,0,0,0,0,0,0,0,0,0,0,49432
63925005560.8946,5.279114,1,0,0,0,0,0,0,0,0,0,0,0,0,0,0,0,0,0,0,49432
63925005560.9606,5.339104,1,0,0,0,0,0,0,0,0,0,0,0,0,0,0,0,0,0,0,49432
63925005561.0114,5.399094,1,0,0,0,0,0,0,0,0,0,0,0,0,0,0,0,0,0,0,49432
63925005561.0775,5.459084,1,0,0,0,0,0,0,0,0,0,0,0,0,0,0,0,0,0,0,49432
63925005561.1282,5.519073,1,0,0,0,0,0,0,0,0,0,0,0,0,0,0,0,0,0,0,49432
63925005561.1787,5.559067,1,0,0,0,0,0,0,0,0,0,0,0,0,0,0,0,0,0,0,49432
63925005561.2287,5.59906,1,0,0,0,0,0,0,0,0,0,0,0,0,0,0,0,0,0,0,49432
63925005561.2955,5.65905,1,0,0,0,0,0,0,0,0,0,0,0,0,0,0,0,0,0,0,49432
63925005561.3618,5.71904,1,0,0,0,0,0,0,0,0,0,0,0,0,0,0,0,0,0,0,49432
63925005561.4113,5.77903,1,0,0,0,0,0,0,0,0,0,0,0,0,0,0,0,0,0,0,49432
63925005561.4615,5.799026,1,0,0,0,0,0,0,0,0,0,0,0,0,0,0,0,0,0,0,49432
63925005561.5126,5.859016,1,0,0,0,0,0,0,0,0,0,0,0,0,0,0,0,0,0,0,49432
63925005561.579,5.919006,1,0,0,0,0,0,0,0,0,0,0,0,0,0,0,0,0,0,0,49432
63925005561.6448,5.978996,1,0,0,0,0,0,0,0,0,0,0,0,0,0,0,0,0,0,0,49432
63925005561.695,6.058983,1,0,0,0,0,0,0,0,0,0,0,0,0,0,0,0,0,0,0,49432
63925005561.7623,6.118973,1,0,0,0,0,0,0,0,0,0,0,0,0,0,0,0,0,0,0,49432
63925005561.8126,6.178963,1,0,0,0,0,0,0,0,0,0,0,0,0,0,0,0,0,0,0,49432
63925005561.8616,6.238953,1,0,0,0,0,0,0,0,0,0,0,0,0,0,0,0,0,0,0,49432
63925005561.9291,6.318939,1,0,0,0,0,0,0,0,0,0,0,0,0,0,0,0,0,0,0,49432
63925005561.9958,6.378929,1,0,0,0,0,0,0,0,0,0,0,0,0,0,0,0,0,0,0,49432
63925005562.0624,6.438919,1,0,0,0,0,0,0,0,0,0,0,0,0,0,0,0,0,0,0,49432
63925005562.1294,6.518906,1,0,0,0,0,0,0,0,0,0,0,0,0,0,0,0,0,0,0,49432
63925005562.1961,6.578896,1,0,0,0,0,0,0,0,0,0,0,0,0,0,0,0,0,0,0,49432
63925005562.2624,6.638885,1,0,0,0,0,0,0,0,0,0,0,0,0,0,0,0,0,0,0,49432
63925005562.3295,6.718872,1,0,0,0,0,0,0,0,0,0,0,0,0,0,0,0,0,0,0,49432
63925005562.3956,6.778862,1,0,0,0,0,0,0,0,0,0,0,0,0,0,0,0,0,0,0,49432
63925005562.4626,6.838852,1,0,0,0,0,0,0,0,0,0,0,0,0,0,0,0,0,0,0,49432
63925005562.5296,6.898842,1,0,0,0,0,0,0,0,0,0,0,0,0,0,0,0,0,0,0,49432
63925005562.5958,6.958832,1,0,0,0,0,0,0,0,0,0,0,0,0,0,0,0,0,0,0,49432
63925005562.6629,7.018822,1,0,0,0,0,0,0,0,0,0,0,0,0,0,0,0,0,0,0,49432
63925005562.7298,7.098808,1,0,0,0,0,0,0,0,0,0,0,0,0,0,0,0,0,0,0,49432
63925005562.7958,7.158798,1,0,0,0,0,0,0,0,0,0,0,0,0,0,0,0,0,0,0,49432
63925005562.8634,7.218788,1,0,0,0,0,0,0,0,0,0,0,0,0,0,0,0,0,0,0,49432
63925005562.9292,7.298775,1,0,0,0,0,0,0,0,0,0,0,0,0,0,0,0,0,0,0,49432
63925005562.9954,7.378761,1,0,0,0,0,0,0,0,0,0,0,0,0,0,0,0,0,0,0,49432
63925005563.0624,7.438751,1,0,0,0,0,0,0,0,0,0,0,0,0,0,0,0,0,0,0,49432
63925005563.1288,7.518738,1,0,0,0,0,0,0,0,0,0,0,0,0,0,0,0,0,0,0,49432
63925005563.1967,7.558731,1,0,0,0,0,0,0,0,0,0,0,0,0,0,0,0,0,0,0,49432
63925005563.2626,7.618721,1,0,0,0,0,0,0,0,0,0,0,0,0,0,0,0,0,0,0,49432
63925005563.3131,7.678711,1,0,0,0,0,0,0,0,0,0,0,0,0,0,0,0,0,0,0,49432
63925005563.3633,7.718704,1,0,0,0,0,0,0,0,0,0,0,0,0,0,0,0,0,0,0,49432
63925005563.4291,7.798691,1,0,0,0,0,0,0,0,0,0,0,0,0,0,0,0,0,0,0,49432
63925005563.4963,7.858681,1,0,0,0,0,0,0,0,0,0,0,0,0,0,0,0,0,0,0,49432
63925005563.5621,7.918671,1,0,0,0,0,0,0,0,0,0,0,0,0,0,0,0,0,0,0,49432
63925005563.6129,7.978661,1,0,0,0,0,0,0,0,0,0,0,0,0,0,0,0,0,0,0,49432
63925005563.6629,7.998657,1,0,0,0,0,0,0,0,0,0,0,0,0,0,0,0,0,0,0,49432
63925005563.7136,8.058647,1,0,0,0,0,0,0,0,0,0,0,0,0,0,0,0,0,0,0,49432
63925005563.7797,8.118637,1,0,0,0,0,0,0,0,0,0,0,0,0,0,0,0,0,0,0,49432
63925005563.8458,8.21862,1,0,0,0,0,0,0,0,0,0,0,0,0,0,0,0,0,0,0,49432
63925005563.9127,8.27861,1,0,0,0,0,0,0,0,0,0,0,0,0,0,0,0,0,0,0,49432
63925005563.9798,8.3386,1,0,0,0,0,0,0,0,0,0,0,0,0,0,0,0,0,0,0,49432
63925005564.0467,8.418587,1,0,0,0,0,0,0,0,0,0,0,0,0,0,0,0,0,0,0,49432
63925005564.1126,8.478577,1,0,0,0,0,0,0,0,0,0,0,0,0,0,0,0,0,0,0,49432
63925005564.1629,8.51857,1,0,0,0,0,0,0,0,0,0,0,0,0,0,0,0,0,0,0,49432
63925005564.2137,8.57856,1,0,0,0,0,0,0,0,0,0,0,0,0,0,0,0,0,0,0,49432
63925005564.2809,8.658546,1,0,0,0,0,0,0,0,0,0,0,0,0,0,0,0,0,0,0,49432
63925005564.3473,8.738533,1,0,0,0,0,0,0,0,0,0,0,0,0,0,0,0,0,0,0,49432
63925005564.4138,8.798523,1,0,0,0,0,0,0,0,0,0,0,0,0,0,0,0,0,0,0,49432
63925005564.4808,8.858513,1,0,0,0,0,0,0,0,0,0,0,0,0,0,0,0,0,0,0,49432
63925005564.547,8.938499,1,0,0,0,0,0,0,0,0,0,0,0,0,0,0,0,0,0,0,49432
63925005564.6135,8.998489,1,0,0,0,0,0,0,0,0,0,0,0,0,0,0,0,0,0,0,49432
63925005564.6801,9.058479,1,0,0,0,0,0,0,0,0,0,0,0,0,0,0,0,0,0,0,49432
63925005564.7473,9.138466,1,0,0,0,0,0,0,0,0,0,0,0,0,0,0,0,0,0,0,49432
63925005564.8136,9.198456,1,0,0,0,0,0,0,0,0,0,0,0,0,0,0,0,0,0,0,49432
63925005564.8801,9.258446,1,0,0,0,0,0,0,0,0,0,0,0,0,0,0,0,0,0,0,49432
63925005564.9474,9.318436,1,0,0,0,0,0,0,0,0,0,0,0,0,0,0,0,0,0,0,49432
63925005565.0137,9.378426,1,0,0,0,0,0,0,0,0,0,0,0,0,0,0,0,0,0,0,49432
63925005565.0809,9.438416,1,0,0,0,0,0,0,0,0,0,0,0,0,0,0,0,0,0,0,49432
63925005565.1461,9.518402,1,0,0,0,0,0,0,0,0,0,0,0,0,0,0,0,0,0,0,49432
63925005565.2141,9.578392,1,0,0,0,0,0,0,0,0,0,0,0,0,0,0,0,0,0,0,49432
63925005565.2804,9.638382,1,0,0,0,0,0,0,0,0,0,0,0,0,0,0,0,0,0,0,49432
63925005565.3465,9.718369,1,0,0,0,0,0,0,0,0,0,0,0,0,0,0,0,0,0,0,49432
63925005565.3969,9.758362,1,0,0,0,0,0,0,0,0,0,0,0,0,0,0,0,0,0,0,49432
63925005565.4637,9.818352,1,0,0,0,0,0,0,0,0,0,0,0,0,0,0,0,0,0,0,49432
63925005565.5139,9.878342,1,0,0,0,0,0,0,0,0,0,0,0,0,0,0,0,0,0,0,49432
63925005565.5811,9.938332,1,0,0,0,0,0,0,0,0,0,0,0,0,0,0,0,0,0,0,49432
63925005565.6466,10.03831,1,0,0,0,0,0,0,0,0,0,0,0,0,0,0,0,0,0,0,49432
63925005565.7176,10.0983,1,0,0,0,0,0,0,0,0,0,0,0,0,0,0,0,0,0,0,49432
63925005565.7799,10.15829,1,0,0,0,0,0,0,0,0,0,0,0,0,0,0,0,0,0,0,49432
63925005565.8301,10.19829,1,0,0,0,0,0,0,0,0,0,0,0,0,0,0,0,0,0,0,49432
63925005565.8807,10.23828,1,0,0,0,0,0,0,0,0,0,0,0,0,0,0,0,0,0,0,49432
63925005565.9469,10.31827,1,0,0,0,0,0,0,0,0,0,0,0,0,0,0,0,0,0,0,49432
63925005566.0131,10.37826,1,0,0,0,0,0,0,0,0,0,0,0,0,0,0,0,0,0,0,49432
63925005566.0808,10.43825,1,0,0,0,0,0,0,0,0,0,0,0,0,0,0,0,0,0,0,49432
63925005566.1473,10.51823,1,0,0,0,0,0,0,0,0,0,0,0,0,0,0,0,0,0,0,49432
63925005566.1977,10.55823,1,0,0,0,0,0,0,0,0,0,0,0,0,0,0,0,0,0,0,49432
63925005566.2637,10.61822,1,0,0,0,0,0,0,0,0,0,0,0,0,0,0,0,0,0,0,49432
63925005566.3137,10.67821,1,0,0,0,0,0,0,0,0,0,0,0,0,0,0,0,0,0,0,49432
63925005566.3801,10.7382,1,0,0,0,0,0,0,0,0,0,0,0,0,0,0,0,0,0,0,49432
63925005566.4466,10.81818,1,0,0,0,0,0,0,0,0,0,0,0,0,0,0,0,0,0,0,49432
63925005566.5133,10.89817,1,0,0,0,0,0,0,0,0,0,0,0,0,0,0,0,0,0,0,49432
63925005566.5802,10.95816,1,0,0,0,0,0,0,0,0,0,0,0,0,0,0,0,0,0,0,49432
63925005567.59,11.95799,1,0,0,0,0,0,0,0,0,0,0,0,0,0,0,0,0,0,2,49432
63925005567.653,12.01798,1,0,0,0,0,0,0,0,0,0,0,0,0,0,0,0,0,0,2,49432
63925005567.7199,12.09797,1,0,0,0,0,0,0,0,0,0,0,0,0,0,0,0,0,0,2,49432
63925005567.7867,12.15796,1,0,0,0,0,0,0,0,0,0,0,0,0,0,0,0,0,0,2,49432
63925005567.8534,12.19795,1,0,0,0,0,0,0,0,0,0,0,0,0,0,0,0,0,0,2,49432
63925005568.1554,12.25794,1,0,0,7,1,-6,0.1,-6,0,0,1,5,2.772108,1.495,1,0.3925,1.35,0,2,49432
63925005568.1554,12.25794,1,0,0,7,2,0,0.1,-6,0,0,1,6,3.772109,0,-1,1.4,0.6,1,2,49432
63925005568.1554,12.25794,1,0,0,7,3,6,0.1,-6,1,0,0,3,0.7721087,0.8,1,0,0,0,2,49432
63925005568.1554,12.25794,1,0,0,7,4,-6,0.1,0,0,0,-1,3,0.7721087,0.55,2,1.45,0,0,2,49432
63925005568.1554,12.25794,1,0,0,7,5,0,0.1,0,0,0,0,5,2.772108,2.1,1,0,0,0,2,49432
63925005568.1554,12.25794,1,0,0,7,6,6,0.1,0,0,0,0,6,3.772109,1.44,3,1.4,0,0,2,49432
63925005568.1554,12.25794,1,0,0,7,7,-6,0.1,6,0.9999999,0,-1.192093E-07,5,2.772108,0,-1,-1,0,0,2,49432
63925005568.1628,12.61788,1,0,0,7,1,-6,0.1,-6,0,0,1,5,2.755441,1.495,1,0.3925,1.35,0,2,49432
63925005568.1628,12.61788,1,0,0,7,2,0,0.1,-6,0,0,1,6,3.755442,0,-1,1.4,0.6,1,2,49432
63925005568.1628,12.61788,1,0,0,7,3,6,0.1,-6,1,0,0,3,0.7554417,0.8,1,0,0,0,2,49432
63925005568.1628,12.61788,1,0,0,7,4,-6,0.1,0,0,0,-1,3,0.7554417,0.55,2,1.45,0,0,2,49432
63925005568.1628,12.61788,1,0,0,7,5,0,0.1,0,0,0,0,5,2.755441,2.1,1,0,0,0,2,49432
63925005568.1628,12.61788,1,0,0,7,6,6,0.1,0,0,0,0,6,3.755442,1.44,3,1.4,0,0,2,49432
63925005568.1628,12.61788,1,0,0,7,7,-6,0.1,6,0.9999999,0,-1.192093E-07,5,2.755441,0,-1,-1,0,0,2,49432
63925005568.228,12.67787,1,0,0,7,1,-6,0.1,-6,0,0,1,5,2.464237,1.495,1,0.3925,1.35,0,2,49432
63925005568.228,12.67787,1,0,0,7,2,0,0.1,-6,0,0,1,6,3.464239,0,-1,1.4,0.6,1,2,49432
63925005568.228,12.67787,1,0,0,7,3,6,0.1,-6,1,0,0,3,0.4642383,0.8,1,0,0,0,2,49432
63925005568.228,12.67787,1,0,0,7,4,-6,0.1,0,0,0,-1,3,0.4642383,0.55,2,1.45,0,0,2,49432
63925005568.228,12.67787,1,0,0,7,5,0,0.1,0,0,0,0,5,2.464237,2.1,1,0,0,0,2,49432
63925005568.228,12.67787,1,0,0,7,6,6,0.1,0,0,0,0,6,3.464239,1.44,3,1.4,0,0,2,49432
63925005568.228,12.67787,1,0,0,7,7,-6,0.1,6,0.9999999,0,-1.192093E-07,5,2.464237,0,-1,-1,0,0,2,49432
63925005568.2946,12.65788,1,0,0,7,1,-6,0.1,-6,0,0,1,5,2.39757,1.495,1,0.3925,1.35,0,2,49432
63925005568.2946,12.65788,1,0,0,7,2,0,0.1,-6,0,0,1,6,3.397571,0,-1,1.4,0.6,1,2,49432
63925005568.2946,12.65788,1,0,0,7,3,6,0.1,-6,1,0,0,3,0.3975709,0.8,1,0,0,0,2,49432
63925005568.2946,12.65788,1,0,0,7,4,-6,0.1,0,0,0,-1,3,0.3975709,0.55,2,1.45,0,0,2,49432
63925005568.2946,12.65788,1,0,0,7,5,0,0.1,0,0,0,0,5,2.39757,2.1,1,0,0,0,2,49432
63925005568.2946,12.65788,1,0,0,7,6,6,0.1,0,0,0,0,6,3.397571,1.44,3,1.4,0,0,2,49432
63925005568.2946,12.65788,1,0,0,7,7,-6,0.1,6,0.9999999,0,-1.192093E-07,5,2.39757,0,-1,-1,0,0,2,49432
63925005568.3447,12.71786,1,0,0,7,1,-6,0.1,-6,0,0,1,5,2.347569,1.495,1,0.3925,1.35,0,2,49432
63925005568.3447,12.71786,1,0,0,7,2,0,0.1,-6,0,0,1,6,3.34757,0,-1,1.4,0.6,1,2,49432
63925005568.3447,12.71786,1,0,0,7,3,6,0.1,-6,1,0,0,3,0.3475703,0.8,1,0,0,0,2,49432
63925005568.3447,12.71786,1,0,0,7,4,-6,0.1,0,0,0,-1,3,0.3475703,0.55,2,1.45,0,0,2,49432
63925005568.3447,12.71786,1,0,0,7,5,0,0.1,0,0,0,0,5,2.347569,2.1,1,0,0,0,2,49432
63925005568.3447,12.71786,1,0,0,7,6,6,0.1,0,0,0,0,6,3.34757,1.44,3,1.4,0,0,2,49432
63925005568.3447,12.71786,1,0,0,7,7,-6,0.1,6,0.9999999,0,-1.192093E-07,5,2.347569,0,-1,-1,0,0,2,49432
63925005568.4103,12.77785,1,0,0,7,1,-6,0.1,-6,0,0,1,5,2.280849,1.495,1,0.3925,1.35,0,2,49432
63925005568.4103,12.77785,1,0,0,7,2,0,0.1,-6,0,0,1,6,3.280851,0,-1,1.4,0.6,1,2,49432
63925005568.4103,12.77785,1,0,0,7,3,6,0.1,-6,1,0,0,3,0.2808505,0.8,1,0,0,0,2,49432
63925005568.4103,12.77785,1,0,0,7,4,-6,0.1,0,0,0,-1,3,0.2808505,0.55,2,1.45,0,0,2,49432
63925005568.4103,12.77785,1,0,0,7,5,0,0.1,0,0,0,0,5,2.280849,2.1,1,0,0,0,2,49432
63925005568.4118,12.77785,1,0,0,7,6,6,0.1,0,0,0,0,6,3.280851,1.44,3,1.4,0,0,2,49432
63925005568.4118,12.77785,1,0,0,7,7,-6,0.1,6,0.9999999,0,-1.192093E-07,5,2.280849,0,-1,-1,0,0,2,49432
63925005568.4612,12.83784,1,0,0,7,1,-6,0.1,-6,0,0,1,5,2.230849,1.495,1,0.3925,1.35,0,2,49432
63925005568.4612,12.83784,1,0,0,7,2,0,0.1,-6,0,0,1,6,3.23085,0,-1,1.4,0.6,1,2,49432
63925005568.4612,12.83784,1,0,0,7,3,6,0.1,-6,1,0,0,3,0.23085,0.8,1,0,0,0,2,49432
63925005568.4612,12.83784,1,0,0,7,4,-6,0.1,0,0,0,-1,3,0.23085,0.55,2,1.45,0,0,2,49432
63925005568.4612,12.83784,1,0,0,7,5,0,0.1,0,0,0,0,5,2.230849,2.1,1,0,0,0,2,49432
63925005568.4612,12.83784,1,0,0,7,6,6,0.1,0,0,0,0,6,3.23085,1.44,3,1.4,0,0,2,49432
63925005568.4612,12.83784,1,0,0,7,7,-6,0.1,6,0.9999999,0,-1.192093E-07,5,2.230849,0,-1,-1,0,0,2,49432
63925005568.5111,12.85784,1,0,0,7,1,-6,0.1,-6,0,0,1,5,2.180848,1.495,1,0.3925,1.35,0,2,49432
63925005568.5111,12.85784,1,0,0,7,2,0,0.1,-6,0,0,1,6,3.180849,0,-1,1.4,0.6,1,2,49432
63925005568.5111,12.85784,1,0,0,7,3,6,0.1,-6,1,0,0,3,0.1808491,0.8,1,0,0,0,2,49432
63925005568.5111,12.85784,1,0,0,7,4,-6,0.1,0,0,0,-1,3,0.1808491,0.55,2,1.45,0,0,2,49432
63925005568.5111,12.85784,1,0,0,7,5,0,0.1,0,0,0,0,5,2.180848,2.1,1,0,0,0,2,49432
63925005568.5111,12.85784,1,0,0,7,6,6,0.1,0,0,0,0,6,3.180849,1.44,3,1.4,0,0,2,49432
63925005568.5111,12.85784,1,0,0,7,7,-6,0.1,6,0.9999999,0,-1.192093E-07,5,2.180848,0,-1,-1,0,0,2,49432
63925005568.5785,12.93783,1,0,0,7,1,-6,0.1,-6,0,0,1,5,2.11418,1.495,1,0.3925,1.35,0,2,49432
63925005568.5785,12.93783,1,0,0,7,2,0,0.1,-6,0,0,1,6,3.114182,0,-1,1.4,0.6,1,2,49432
63925005568.5785,12.93783,1,0,0,7,3,6,0.1,-6,1,0,0,3,0.1141814,0.8,1,0,0,0,2,49432
63925005568.5785,12.93783,1,0,0,7,4,-6,0.1,0,0,0,-1,3,0.1141814,0.55,2,1.45,0,0,2,49432
63925005568.5785,12.93783,1,0,0,7,5,0,0.1,0,0,0,0,5,2.11418,2.1,1,0,0,0,2,49432
63925005568.5785,12.93783,1,0,0,7,6,6,0.1,0,0,0,0,6,3.114182,1.44,3,1.4,0,0,2,49432
63925005568.5785,12.93783,1,0,0,7,7,-6,0.1,6,0.9999999,0,-1.192093E-07,5,2.114181,0,-1,-1,0,0,2,49432
63925005568.6446,12.99782,1,0,0,7,1,-6,0.1,-6,0,0,1,5,2.047496,1.495,1,0.3925,1.35,0,2,49432
63925005568.6446,12.99782,1,0,0,7,2,0,0.1,-6,0,0,1,6,3.047497,0,-1,1.4,0.6,1,2,49432
63925005568.6446,12.99782,1,0,0,7,3,6,0.1,-6,1,0,0,3,0.04749674,0.8,1,0,0,0,2,49432
63925005568.6446,12.99782,1,0,0,7,4,-6,0.1,0,0,0,-1,3,0.04749674,0.55,2,1.45,0,0,2,49432
63925005568.6446,12.99782,1,0,0,7,5,0,0.1,0,0,0,0,5,2.047496,2.1,1,0,0,0,2,49432
63925005568.6446,12.99782,1,0,0,7,6,6,0.1,0,0,0,0,6,3.047497,1.44,3,1.4,0,0,2,49432
63925005568.6446,12.99782,1,0,0,7,7,-6,0.1,6,0.9999999,0,-1.192093E-07,5,2.047496,0,-1,-1,0,0,2,49432
63925005568.7117,13.05781,1,0,0,5,1,-6,0.1,-6,0,0,1,5,1.980825,1.495,1,0.3925,1.35,0,2,49432
63925005568.7117,13.05781,1,0,0,5,2,0,0.1,-6,0,0,1,6,2.980827,0,-1,1.4,0.6,1,2,49432
63925005568.7117,13.05781,1,0,0,5,5,0,0.1,0,0,0,0,5,1.980825,2.1,1,0,0,0,2,49432
63925005568.7117,13.05781,1,0,0,5,6,6,0.1,0,0,0,0,6,2.980827,1.44,3,1.4,0,0,2,49432
63925005568.7117,13.05781,1,0,0,5,7,-6,0.1,6,0.9999999,0,-1.192093E-07,5,1.980825,0,-1,-1,0,0,2,49432
63925005568.777,13.13779,1,0,0,5,1,-6,0.1,-6,0,0,1,5,1.914157,1.495,1,0.3925,1.35,0,2,49432
63925005568.777,13.13779,1,0,0,5,2,0,0.1,-6,0,0,1,6,2.914159,0,-1,1.4,0.6,1,2,49432
63925005568.777,13.13779,1,0,0,5,5,0,0.1,0,0,0,0,5,1.914157,2.1,1,0,0,0,2,49432
63925005568.777,13.13779,1,0,0,5,6,6,0.1,0,0,0,0,6,2.914159,1.44,3,1.4,0,0,2,49432
63925005568.777,13.13779,1,0,0,5,7,-6,0.1,6,0.9999999,0,-1.192093E-07,5,1.914158,0,-1,-1,0,0,2,49432
63925005568.8441,13.19778,1,0,0,5,1,-6,0.1,-6,0,0,1,5,1.84749,1.495,1,0.3925,1.35,0,2,49432
63925005568.8441,13.19778,1,0,0,5,2,0,0.1,-6,0,0,1,6,2.847491,0,-1,1.4,0.6,1,2,49432
63925005568.8441,13.19778,1,0,0,5,5,0,0.1,0,0,0,0,5,1.84749,2.1,1,0,0,0,2,49432
63925005568.8452,13.19778,1,0,0,5,6,6,0.1,0,0,0,0,6,2.847491,1.44,3,1.4,0,0,2,49432
63925005568.8452,13.19778,1,0,0,5,7,-6,0.1,6,0.9999999,0,-1.192093E-07,5,1.84749,0,-1,-1,0,0,2,49432
63925005568.9115,13.25777,1,0,0,5,1,-6,0.1,-6,0,0,1,5,1.780822,1.495,1,0.3925,1.35,0,2,49432
63925005568.9115,13.25777,1,0,0,5,2,0,0.1,-6,0,0,1,6,2.780823,0,-1,1.4,0.6,1,2,49432
63925005568.9115,13.25777,1,0,0,5,5,0,0.1,0,0,0,0,5,1.780822,2.1,1,0,0,0,2,49432
63925005568.9115,13.25777,1,0,0,5,6,6,0.1,0,0,0,0,6,2.780823,1.44,3,1.4,0,0,2,49432
63925005568.9115,13.25777,1,0,0,5,7,-6,0.1,6,0.9999999,0,-1.192093E-07,5,1.780822,0,-1,-1,0,0,2,49432
63925005568.9615,13.31776,1,0,0,5,1,-6,0.1,-6,0,0,1,5,1.730821,1.495,1,0.3925,1.35,0,2,49432
63925005568.9615,13.31776,1,0,0,5,2,0,0.1,-6,0,0,1,6,2.730823,0,-1,1.4,0.6,1,2,49432
63925005568.9615,13.31776,1,0,0,5,5,0,0.1,0,0,0,0,5,1.730821,2.1,1,0,0,0,2,49432
63925005568.9615,13.31776,1,0,0,5,6,6,0.1,0,0,0,0,6,2.730823,1.44,3,1.4,0,0,2,49432
63925005568.9615,13.31776,1,0,0,5,7,-6,0.1,6,0.9999999,0,-1.192093E-07,5,1.730822,0,-1,-1,0,0,2,49432
63925005569.0273,13.37775,1,0,0,5,1,-6,0.1,-6,0,0,1,5,1.664154,1.495,1,0.3925,1.35,0,2,49432
63925005569.0273,13.37775,1,0,0,5,2,0,0.1,-6,0,0,1,6,2.664155,0,-1,1.4,0.6,1,2,49432
63925005569.0273,13.37775,1,0,0,5,5,0,0.1,0,0,0,0,5,1.664154,2.1,1,0,0,0,2,49432
63925005569.0273,13.37775,1,0,0,5,6,6,0.1,0,0,0,0,6,2.664155,1.44,3,1.4,0,0,2,49432
63925005569.0273,13.37775,1,0,0,5,7,-6,0.1,6,0.9999999,0,-1.192093E-07,5,1.664154,0,-1,-1,0,0,2,49432
63925005569.0779,13.43774,1,0,0,5,1,-6,0.1,-6,0,0,1,5,1.614153,1.495,1,0.3925,1.35,0,2,49432
63925005569.0779,13.43774,1,0,0,5,2,0,0.1,-6,0,0,1,6,2.614155,0,-1,1.4,0.6,1,2,49432
63925005569.0779,13.43774,1,0,0,5,5,0,0.1,0,0,0,0,5,1.614153,2.1,1,0,0,0,2,49432
63925005569.0779,13.43774,1,0,0,5,6,6,0.1,0,0,0,0,6,2.614155,1.44,3,1.4,0,0,2,49432
63925005569.0779,13.43774,1,0,0,5,7,-6,0.1,6,0.9999999,0,-1.192093E-07,5,1.614153,0,-1,-1,0,0,2,49432
63925005569.1285,13.49773,1,0,0,5,1,-6,0.1,-6,0,0,1,5,1.564152,1.495,1,0.3925,1.35,0,2,49432
63925005569.1285,13.49773,1,0,0,5,2,0,0.1,-6,0,0,1,6,2.564154,0,-1,1.4,0.6,1,2,49432
63925005569.1285,13.49773,1,0,0,5,5,0,0.1,0,0,0,0,5,1.564152,2.1,1,0,0,0,2,49432
63925005569.1285,13.49773,1,0,0,5,6,6,0.1,0,0,0,0,6,2.564154,1.44,3,1.4,0,0,2,49432
63925005569.1285,13.49773,1,0,0,5,7,-6,0.1,6,0.9999999,0,-1.192093E-07,5,1.564153,0,-1,-1,0,0,2,49432
63925005569.1946,13.55772,1,0,0,5,1,-6,0.1,-6,0,0,1,5,1.497485,1.495,1,0.3925,1.35,0,2,49432
63925005569.1946,13.55772,1,0,0,5,2,0,0.1,-6,0,0,1,6,2.497486,0,-1,1.4,0.6,1,2,49432
63925005569.1946,13.55772,1,0,0,5,5,0,0.1,0,0,0,0,5,1.497485,2.1,1,0,0,0,2,49432
63925005569.1946,13.55772,1,0,0,5,6,6,0.1,0,0,0,0,6,2.497486,1.44,3,1.4,0,0,2,49432
63925005569.1946,13.55772,1,0,0,5,7,-6,0.1,6,0.9999999,0,-1.192093E-07,5,1.497485,0,-1,-1,0,0,2,49432
63925005569.2447,13.61771,1,0,0,5,1,-6,0.1,-6,0,0,1,5,1.447484,1.495,1,0.3925,1.35,0,2,49432
63925005569.2447,13.61771,1,0,0,5,2,0,0.1,-6,0,0,1,6,2.447486,0,-1,1.4,0.6,1,2,49432
63925005569.2447,13.61771,1,0,0,5,5,0,0.1,0,0,0,0,5,1.447484,2.1,1,0,0,0,2,49432
63925005569.2447,13.61771,1,0,0,5,6,6,0.1,0,0,0,0,6,2.447486,1.44,3,1.4,0,0,2,49432
63925005569.2447,13.61771,1,0,0,5,7,-6,0.1,6,0.9999999,0,-1.192093E-07,5,1.447485,0,-1,-1,0,0,2,49432
63925005569.3119,13.6777,1,0,0,5,1,-6,0.1,-6,0,0,1,5,1.380816,1.495,1,0.3925,1.35,0,2,49432
63925005569.3119,13.6777,1,0,0,5,2,0,0.1,-6,0,0,1,6,2.380818,0,-1,1.4,0.6,1,2,49432
63925005569.3119,13.6777,1,0,0,5,5,0,0.1,0,0,0,0,5,1.380816,2.1,1,0,0,0,2,49432
63925005569.3119,13.6777,1,0,0,5,6,6,0.1,0,0,0,0,6,2.380818,1.44,3,1.4,0,0,2,49432
63925005569.3119,13.6777,1,0,0,5,7,-6,0.1,6,0.9999999,0,-1.192093E-07,5,1.380817,0,-1,-1,0,0,2,49432
63925005569.3612,13.73769,1,0,0,5,1,-6,0.1,-6,0,0,1,5,1.330815,1.495,1,0.3925,1.35,0,2,49432
63925005569.3612,13.73769,1,0,0,5,2,0,0.1,-6,0,0,1,6,2.330817,0,-1,1.4,0.6,1,2,49432
63925005569.3612,13.73769,1,0,0,5,5,0,0.1,0,0,0,0,5,1.330815,2.1,1,0,0,0,2,49432
63925005569.3612,13.73769,1,0,0,5,6,6,0.1,0,0,0,0,6,2.330817,1.44,3,1.4,0,0,2,49432
63925005569.3612,13.73769,1,0,0,5,7,-6,0.1,6,0.9999999,0,-1.192093E-07,5,1.330816,0,-1,-1,0,0,2,49432
63925005569.4284,13.79768,1,0,0,5,1,-6,0.1,-6,0,0,1,5,1.264148,1.495,1,0.3925,1.35,0,2,49432
63925005569.4284,13.79768,1,0,0,5,2,0,0.1,-6,0,0,1,6,2.26415,0,-1,1.4,0.6,1,2,49432
63925005569.4284,13.79768,1,0,0,5,5,0,0.1,0,0,0,0,5,1.264148,2.1,1,0,0,0,2,49432
63925005569.4284,13.79768,1,0,0,5,6,6,0.1,0,0,0,0,6,2.26415,1.44,3,1.4,0,0,2,49432
63925005569.4284,13.79768,1,0,0,5,7,-6,0.1,6,0.9999999,0,-1.192093E-07,5,1.264149,0,-1,-1,0,0,2,49432
63925005569.4946,13.85767,1,0,0,5,1,-6,0.1,-6,0,0,1,5,1.19748,1.495,1,0.3925,1.35,0,2,49432
63925005569.4946,13.85767,1,0,0,5,2,0,0.1,-6,0,0,1,6,2.197482,0,-1,1.4,0.6,1,2,49432
63925005569.4946,13.85767,1,0,0,5,5,0,0.1,0,0,0,0,5,1.19748,2.1,1,0,0,0,2,49432
63925005569.4946,13.85767,1,0,0,5,6,6,0.1,0,0,0,0,6,2.197482,1.44,3,1.4,0,0,2,49432
63925005569.4946,13.85767,1,0,0,5,7,-6,0.1,6,0.9999999,0,-1.192093E-07,5,1.197481,0,-1,-1,0,0,2,49432
63925005569.5445,13.91766,1,0,0,5,1,-6,0.1,-6,0,0,1,5,1.147477,1.495,1,0.3925,1.35,0,2,49432
63925005569.5445,13.91766,1,0,0,5,2,0,0.1,-6,0,0,1,6,2.147479,0,-1,1.4,0.6,1,2,49432
63925005569.5445,13.91766,1,0,0,5,5,0,0.1,0,0,0,0,5,1.147477,2.1,1,0,0,0,2,49432
63925005569.5445,13.91766,1,0,0,5,6,6,0.1,0,0,0,0,6,2.147479,1.44,3,1.4,0,0,2,49432
63925005569.5445,13.91766,1,0,0,5,7,-6,0.1,6,0.9999999,0,-1.192093E-07,5,1.147478,0,-1,-1,0,0,2,49432
63925005569.6118,13.97765,1,0,0,5,1,-6,0.1,-6,0,0,1,5,1.08081,1.495,1,0.3925,1.35,0,2,49432
63925005569.6118,13.97765,1,0,0,5,2,0,0.1,-6,0,0,1,6,2.080812,0,-1,1.4,0.6,1,2,49432
63925005569.6118,13.97765,1,0,0,5,5,0,0.1,0,0,0,0,5,1.08081,2.1,1,0,0,0,2,49432
63925005569.6118,13.97765,1,0,0,5,6,6,0.1,0,0,0,0,6,2.080812,1.44,3,1.4,0,0,2,49432
63925005569.6118,13.97765,1,0,0,5,7,-6,0.1,6,0.9999999,0,-1.192093E-07,5,1.080811,0,-1,-1,0,0,2,49432
63925005569.6612,14.03764,1,0,0,5,1,-6,0.1,-6,0,0,1,5,1.030761,1.495,1,0.3925,1.35,0,2,49432
63925005569.6612,14.03764,1,0,0,5,2,0,0.1,-6,0,0,1,6,2.030763,0,-1,1.4,0.6,1,2,49432
63925005569.6612,14.03764,1,0,0,5,5,0,0.1,0,0,0,0,5,1.030761,2.1,1,0,0,0,2,49432
63925005569.6612,14.03764,1,0,0,5,6,6,0.1,0,0,0,0,6,2.030763,1.44,3,1.4,0,0,2,49432
63925005569.6612,14.03764,1,0,0,5,7,-6,0.1,6,0.9999999,0,-1.192093E-07,5,1.030761,0,-1,-1,0,0,2,49432
63925005569.7277,14.09763,1,0,0,5,1,-6,0.1,-6,0,0,1,5,0.964093,1.495,1,0.3925,1.35,0,2,49432
63925005569.7287,14.09763,1,0,0,5,2,0,0.1,-6,0,0,1,6,1.964095,0,-1,1.4,0.6,1,2,49432
63925005569.7287,14.09763,1,0,0,5,5,0,0.1,0,0,0,0,5,0.964093,2.1,1,0,0,0,2,49432
63925005569.7287,14.09763,1,0,0,5,6,6,0.1,0,0,0,0,6,1.964095,1.44,3,1.4,0,0,2,49432
63925005569.7287,14.09763,1,0,0,5,7,-6,0.1,6,0.9999999,0,-1.192093E-07,5,0.9640942,0,-1,-1,0,0,2,49432
63925005569.7943,14.15762,1,0,0,5,1,-6,0.1,-6,0,0,1,5,0.8974254,1.495,1,0.3925,1.35,0,2,49432
63925005569.7943,14.15762,1,0,0,5,2,0,0.1,-6,0,0,1,6,1.897428,0,-1,1.4,0.6,1,2,49432
63925005569.7943,14.15762,1,0,0,5,5,0,0.1,0,0,0,0,5,0.8974254,2.1,1,0,0,0,2,49432
63925005569.7943,14.15762,1,0,0,5,6,6,0.1,0,0,0,0,6,1.897428,1.44,3,1.4,0,0,2,49432
63925005569.7943,14.15762,1,0,0,5,7,-6,0.1,6,0.9999999,0,-1.192093E-07,5,0.8974266,0,-1,-1,0,0,2,49432
63925005569.8448,14.21761,1,0,0,5,1,-6,0.1,-6,0,0,1,5,0.8474203,1.495,1,0.3925,1.35,0,2,49432
63925005569.8448,14.21761,1,0,0,5,2,0,0.1,-6,0,0,1,6,1.847422,0,-1,1.4,0.6,1,2,49432
63925005569.8448,14.21761,1,0,0,5,5,0,0.1,0,0,0,0,5,0.8474203,2.1,1,0,0,0,2,49432
63925005569.8448,14.21761,1,0,0,5,6,6,0.1,0,0,0,0,6,1.847422,1.44,3,1.4,0,0,2,49432
63925005569.8448,14.21761,1,0,0,5,7,-6,0.1,6,0.9999999,0,-1.192093E-07,5,0.8474216,0,-1,-1,0,0,2,49432
63925005569.9116,14.2776,1,0,0,5,1,-6,0.1,-6,0,0,1,5,0.7807275,1.495,1,0.3925,1.35,0,2,49432
63925005569.9116,14.2776,1,0,0,5,2,0,0.1,-6,0,0,1,6,1.78073,0,-1,1.4,0.6,1,2,49432
63925005569.9116,14.2776,1,0,0,5,5,0,0.1,0,0,0,0,5,0.7807275,2.1,1,0,0,0,2,49432
63925005569.9116,14.2776,1,0,0,5,6,6,0.1,0,0,0,0,6,1.78073,1.44,3,1.4,0,0,2,49432
63925005569.9116,14.2776,1,0,0,5,7,-6,0.1,6,0.9999999,0,-1.192093E-07,5,0.7807293,0,-1,-1,0,0,2,49432
63925005569.9607,14.33759,1,0,0,5,1,-6,0.1,-6,0,0,1,5,0.7306418,1.495,1,0.3925,1.35,0,2,49432
63925005569.9607,14.33759,1,0,0,5,2,0,0.1,-6,0,0,1,6,1.730644,0,-1,1.4,0.6,1,2,49432
63925005569.9607,14.33759,1,0,0,5,5,0,0.1,0,0,0,0,5,0.7306418,2.1,1,0,0,0,2,49432
63925005569.9607,14.33759,1,0,0,5,6,6,0.1,0,0,0,0,6,1.730644,1.44,3,1.4,0,0,2,49432
63925005569.9607,14.33759,1,0,0,5,7,-6,0.1,6,0.9999999,0,-1.192093E-07,5,0.7306437,0,-1,-1,0,0,2,49432
63925005570.0114,14.37759,1,0,0,5,1,-6,0.1,-6,0,0,1,5,0.680641,1.495,1,0.3925,1.35,0,2,49432
63925005570.0114,14.37759,1,0,0,5,2,0,0.1,-6,0,0,1,6,1.680643,0,-1,1.4,0.6,1,2,49432
63925005570.0114,14.37759,1,0,0,5,5,0,0.1,0,0,0,0,5,0.680641,2.1,1,0,0,0,2,49432
63925005570.0114,14.37759,1,0,0,5,6,6,0.1,0,0,0,0,6,1.680643,1.44,3,1.4,0,0,2,49432
63925005570.0114,14.37759,1,0,0,5,7,-6,0.1,6,0.9999999,0,-1.192093E-07,5,0.6806431,0,-1,-1,0,0,2,49432
63925005570.0779,14.45757,1,0,0,5,1,-6,0.1,-6,0,0,1,5,0.6138906,1.495,1,0.3925,1.35,0,2,49432
63925005570.0779,14.45757,1,0,0,5,2,0,0.1,-6,0,0,1,6,1.613893,0,-1,1.4,0.6,1,2,49432
63925005570.0779,14.45757,1,0,0,5,5,0,0.1,0,0,0,0,5,0.6138906,2.1,1,0,0,0,2,49432
63925005570.079,14.45757,1,0,0,5,6,6,0.1,0,0,0,0,6,1.613893,1.44,3,1.4,0,0,2,49432
63925005570.079,14.45757,1,0,0,5,7,-6,0.1,6,0.9999999,0,-1.192093E-07,5,0.6138926,0,-1,-1,0,0,2,49432
63925005570.1285,14.49757,1,0,0,5,1,-6,0.1,-6,0,0,1,5,0.5638897,1.495,1,0.3925,1.35,0,2,49432
63925005570.1285,14.49757,1,0,0,5,2,0,0.1,-6,0,0,1,6,1.563892,0,-1,1.4,0.6,1,2,49432
63925005570.1285,14.49757,1,0,0,5,5,0,0.1,0,0,0,0,5,0.5638897,2.1,1,0,0,0,2,49432
63925005570.1285,14.49757,1,0,0,5,6,6,0.1,0,0,0,0,6,1.563892,1.44,3,1.4,0,0,2,49432
63925005570.1285,14.49757,1,0,0,5,7,-6,0.1,6,0.9999999,0,-1.192093E-07,5,0.5638919,0,-1,-1,0,0,2,49432
63925005570.1949,14.55756,1,0,0,5,1,-6,0.1,-6,0,0,1,5,0.4972218,1.495,1,0.3925,1.35,0,2,49432
63925005570.1949,14.55756,1,0,0,5,2,0,0.1,-6,0,0,1,6,1.497224,0,-1,1.4,0.6,1,2,49432
63925005570.1949,14.55756,1,0,0,5,5,0,0.1,0,0,0,0,5,0.4972218,2.1,1,0,0,0,2,49432
63925005570.1949,14.55756,1,0,0,5,6,6,0.1,0,0,0,0,6,1.497224,1.44,3,1.4,0,0,2,49432
63925005570.1949,14.55756,1,0,0,5,7,-6,0.1,6,0.9999999,0,-1.192093E-07,5,0.4972243,0,-1,-1,0,0,2,49432
63925005570.2452,14.59755,1,0,0,5,1,-6,0.1,-6,0,0,1,5,0.447221,1.495,1,0.3925,1.35,0,2,49432
63925005570.2452,14.59755,1,0,0,5,2,0,0.1,-6,0,0,1,6,1.447223,0,-1,1.4,0.6,1,2,49432
63925005570.2452,14.59755,1,0,0,5,5,0,0.1,0,0,0,0,5,0.447221,2.1,1,0,0,0,2,49432
63925005570.2452,14.59755,1,0,0,5,6,6,0.1,0,0,0,0,6,1.447223,1.44,3,1.4,0,0,2,49432
63925005570.2452,14.59755,1,0,0,5,7,-6,0.1,6,0.9999999,0,-1.192093E-07,5,0.4472237,0,-1,-1,0,0,2,49432
63925005570.3118,14.65754,1,0,0,5,1,-6,0.1,-6,0,0,1,5,0.3805532,1.495,1,0.3925,1.35,0,2,49432
63925005570.3118,14.65754,1,0,0,5,2,0,0.1,-6,0,0,1,6,1.380556,0,-1,1.4,0.6,1,2,49432
63925005570.3118,14.65754,1,0,0,5,5,0,0.1,0,0,0,0,5,0.3805532,2.1,1,0,0,0,2,49432
63925005570.3118,14.65754,1,0,0,5,6,6,0.1,0,0,0,0,6,1.380556,1.44,3,1.4,0,0,2,49432
63925005570.3118,14.65754,1,0,0,5,7,-6,0.1,6,0.9999999,0,-1.192093E-07,5,0.3805561,0,-1,-1,0,0,2,49432
63925005570.3782,14.73753,1,0,0,5,1,-6,0.1,-6,0,0,1,5,0.3138855,1.495,1,0.3925,1.35,0,2,49432
63925005570.3782,14.73753,1,0,0,5,2,0,0.1,-6,0,0,1,6,1.313888,0,-1,1.4,0.6,1,2,49432
63925005570.3782,14.73753,1,0,0,5,5,0,0.1,0,0,0,0,5,0.3138855,2.1,1,0,0,0,2,49432
63925005570.3782,14.73753,1,0,0,5,6,6,0.1,0,0,0,0,6,1.313888,1.44,3,1.4,0,0,2,49432
63925005570.3782,14.73753,1,0,0,5,7,-6,0.1,6,0.9999999,0,-1.192093E-07,5,0.3138885,0,-1,-1,0,0,2,49432
63925005570.4277,14.77752,1,0,0,5,1,-6,0.1,-6,0,0,1,5,0.2638839,1.495,1,0.3925,1.35,0,2,49432
63925005570.4277,14.77752,1,0,0,5,2,0,0.1,-6,0,0,1,6,1.263886,0,-1,1.4,0.6,1,2,49432
63925005570.4277,14.77752,1,0,0,5,5,0,0.1,0,0,0,0,5,0.2638839,2.1,1,0,0,0,2,49432
63925005570.4277,14.77752,1,0,0,5,6,6,0.1,0,0,0,0,6,1.263886,1.44,3,1.4,0,0,2,49432
63925005570.4277,14.77752,1,0,0,5,7,-6,0.1,6,0.9999999,0,-1.192093E-07,5,0.2638874,0,-1,-1,0,0,2,49432
63925005570.4786,14.83751,1,0,0,5,1,-6,0.1,-6,0,0,1,5,0.2138835,1.495,1,0.3925,1.35,0,2,49432
63925005570.4786,14.83751,1,0,0,5,2,0,0.1,-6,0,0,1,6,1.213886,0,-1,1.4,0.6,1,2,49432
63925005570.4786,14.83751,1,0,0,5,5,0,0.1,0,0,0,0,5,0.2138835,2.1,1,0,0,0,2,49432
63925005570.4786,14.83751,1,0,0,5,6,6,0.1,0,0,0,0,6,1.213886,1.44,3,1.4,0,0,2,49432
63925005570.4786,14.83751,1,0,0,5,7,-6,0.1,6,0.9999999,0,-1.192093E-07,5,0.2138872,0,-1,-1,0,0,2,49432
63925005570.529,14.8775,1,0,0,5,1,-6,0.1,-6,0,0,1,5,0.1638827,1.495,1,0.3925,1.35,0,2,49432
63925005570.529,14.8775,1,0,0,5,2,0,0.1,-6,0,0,1,6,1.163885,0,-1,1.4,0.6,1,2,49432
63925005570.529,14.8775,1,0,0,5,5,0,0.1,0,0,0,0,5,0.1638827,2.1,1,0,0,0,2,49432
63925005570.529,14.8775,1,0,0,5,6,6,0.1,0,0,0,0,6,1.163885,1.44,3,1.4,0,0,2,49432
63925005570.529,14.8775,1,0,0,5,7,-6,0.1,6,0.9999999,0,-1.192093E-07,5,0.1638865,0,-1,-1,0,0,2,49432
63925005570.5949,14.93749,1,0,0,5,1,-6,0.1,-6,0,0,1,5,0.09721497,1.495,1,0.3925,1.35,0,2,49432
63925005570.5949,14.93749,1,0,0,5,2,0,0.1,-6,0,0,1,6,1.097217,0,-1,1.4,0.6,1,2,49432
63925005570.5949,14.93749,1,0,0,5,5,0,0.1,0,0,0,0,5,0.09721497,2.1,1,0,0,0,2,49432
63925005570.5949,14.93749,1,0,0,5,6,6,0.1,0,0,0,0,6,1.097217,1.44,3,1.4,0,0,2,49432
63925005570.5949,14.93749,1,0,0,5,7,-6,0.1,6,0.9999999,0,-1.192093E-07,5,0.09721947,0,-1,-1,0,0,2,49432
63925005570.6449,14.99748,1,0,0,5,1,-6,0.1,-6,0,0,1,5,0.04721456,1.495,1,0.3925,1.35,0,2,49432
63925005570.6449,14.99748,1,0,0,5,2,0,0.1,-6,0,0,1,6,1.047217,0,-1,1.4,0.6,1,2,49432
63925005570.6449,14.99748,1,0,0,5,5,0,0.1,0,0,0,0,5,0.04721456,2.1,1,0,0,0,2,49432
63925005570.6449,14.99748,1,0,0,5,6,6,0.1,0,0,0,0,6,1.047217,1.44,3,1.4,0,0,2,49432
63925005570.6449,14.99748,1,0,0,5,7,-6,0.1,6,0.9999999,0,-1.192093E-07,5,0.0472188,0,-1,-1,0,0,2,49432
63925005570.7116,15.05747,1,0,0,2,2,0,0.1,-6,0,0,1,6,0.9805497,0,-1,1.4,0.6,1,2,49432
63925005570.7116,15.05747,1,0,0,2,6,6,0.1,0,0,0,0,6,0.9805497,1.44,3,1.4,0,0,2,49432
63925005570.7778,15.13746,1,0,0,2,2,0,0.1,-6,0,0,1,6,0.9138823,0,-1,1.4,0.6,1,2,49432
63925005570.7778,15.13746,1,0,0,2,6,6,0.1,0,0,0,0,6,0.9138823,1.44,3,1.4,0,0,2,49432
63925005570.845,15.19745,1,0,0,2,2,0,0.1,-6,0,0,1,6,0.8472149,0,-1,1.4,0.6,1,2,49432
63925005570.845,15.19745,1,0,0,2,6,6,0.1,0,0,0,0,6,0.8472149,1.44,3,1.4,0,0,2,49432
63925005570.9108,15.25744,1,0,0,2,2,0,0.1,-6,0,0,1,6,0.7805473,0,-1,1.4,0.6,1,2,49432
63925005570.9122,15.25744,1,0,0,2,6,6,0.1,0,0,0,0,6,0.7805473,1.44,3,1.4,0,0,2,49432
63925005570.9785,15.33743,1,0,0,2,2,0,0.1,-6,0,0,1,6,0.7138799,0,-1,1.4,0.6,1,2,49432
63925005570.9785,15.33743,1,0,0,2,6,6,0.1,0,0,0,0,6,0.7138799,1.44,3,1.4,0,0,2,49432
63925005571.0282,15.37742,1,0,0,2,2,0,0.1,-6,0,0,1,6,0.6638794,0,-1,1.4,0.6,1,2,49432
63925005571.0282,15.37742,1,0,0,2,6,6,0.1,0,0,0,0,6,0.6638794,1.44,3,1.4,0,0,2,49432
63925005571.0942,15.43741,1,0,0,2,2,0,0.1,-6,0,0,1,6,0.597147,0,-1,1.4,0.6,1,2,49432
63925005571.0942,15.43741,1,0,0,2,6,6,0.1,0,0,0,0,6,0.597147,1.44,3,1.4,0,0,2,49432
63925005571.1451,15.5174,1,0,0,2,2,0,0.1,-6,0,0,1,6,0.5471466,0,-1,1.4,0.6,1,2,49432
63925005571.1451,15.5174,1,0,0,2,6,6,0.1,0,0,0,0,6,0.5471466,1.44,3,1.4,0,0,2,49432
63925005571.2116,15.57738,1,0,0,2,2,0,0.1,-6,0,0,1,6,0.4802756,0,-1,1.4,0.6,1,2,49432
63925005571.2116,15.57738,1,0,0,2,6,6,0.1,0,0,0,0,6,0.4802756,1.44,3,1.4,0,0,2,49432
63925005571.2623,15.63737,1,0,0,2,2,0,0.1,-6,0,0,1,6,0.4302751,0,-1,1.4,0.6,1,2,49432
63925005571.2623,15.63737,1,0,0,2,6,6,0.1,0,0,0,0,6,0.4302751,1.44,3,1.4,0,0,2,49432
63925005571.329,15.71736,1,0,0,2,2,0,0.1,-6,0,0,1,6,0.3636073,0,-1,1.4,0.6,1,2,49432
63925005571.329,15.71736,1,0,0,2,6,6,0.1,0,0,0,0,6,0.3636073,1.44,3,1.4,0,0,2,49432
63925005571.3941,15.77735,1,0,0,2,2,0,0.1,-6,0,0,1,6,0.2969401,0,-1,1.4,0.6,1,2,49432
63925005571.3941,15.77735,1,0,0,2,6,6,0.1,0,0,0,0,6,0.2969401,1.44,3,1.4,0,0,2,49432
63925005571.4443,15.83734,1,0,0,2,2,0,0.1,-6,0,0,1,6,0.2469395,0,-1,1.4,0.6,1,2,49432
63925005571.4443,15.83734,1,0,0,2,6,6,0.1,0,0,0,0,6,0.2469395,1.44,3,1.4,0,0,2,49432
63925005571.511,15.89733,1,0,0,2,2,0,0.1,-6,0,0,1,6,0.180272,0,-1,1.4,0.6,1,2,49432
63925005571.511,15.89733,1,0,0,2,6,6,0.1,0,0,0,0,6,0.180272,1.44,3,1.4,0,0,2,49432
63925005571.5614,15.93732,1,0,0,2,2,0,0.1,-6,0,0,1,6,0.1302716,0,-1,1.4,0.6,1,2,49432
63925005571.5624,15.93732,1,0,0,2,6,6,0.1,0,0,0,0,6,0.1302716,1.44,3,1.4,0,0,2,49432
63925005571.6285,15.99731,1,0,0,2,2,0,0.1,-6,0,0,1,6,0.06360396,0,-1,1.4,0.6,1,2,49432
63925005571.6285,15.99731,1,0,0,2,6,6,0.1,0,0,0,0,6,0.06360396,1.44,3,1.4,0,0,2,49432
63925005571.6941,16.0573,1,0,0,0,0,0,0,0,0,0,0,0,0,0,0,0,0,0,2,49432
63925005571.7444,16.11729,1,0,0,0,0,0,0,0,0,0,0,0,0,0,0,0,0,0,2,49432
63925005571.8119,16.17728,1,0,0,0,0,0,0,0,0,0,0,0,0,0,0,0,0,0,2,49432
63925005571.862,16.23727,1,0,0,0,0,0,0,0,0,0,0,0,0,0,0,0,0,0,2,49432
63925005571.9293,16.29726,1,0,0,0,0,0,0,0,0,0,0,0,0,0,0,0,0,0,2,49432
63925005571.9955,16.33726,1,0,0,0,0,0,0,0,0,0,0,0,0,0,0,0,0,0,2,49432
63925005572.0615,16.41724,1,0,0,0,0,0,0,0,0,0,0,0,0,0,0,0,0,0,2,49432
63925005572.1295,16.47723,1,0,0,0,0,0,0,0,0,0,0,0,0,0,0,0,0,0,2,49432
63925005572.1958,16.55722,1,0,0,0,0,0,0,0,0,0,0,0,0,0,0,0,0,0,2,49432
63925005572.2621,16.63721,1,0,0,0,0,0,0,0,0,0,0,0,0,0,0,0,0,0,2,49432
63925005572.3285,16.6972,1,0,0,0,0,0,0,0,0,0,0,0,0,0,0,0,0,0,2,49432
63925005572.3954,16.75719,1,0,0,0,0,0,0,0,0,0,0,0,0,0,0,0,0,0,2,49432
63925005572.4613,16.83717,1,0,0,0,0,0,0,0,0,0,0,0,0,0,0,0,0,0,2,49432
63925005572.5286,16.89716,1,0,0,0,0,0,0,0,0,0,0,0,0,0,0,0,0,0,2,49432
63925005572.5956,16.95715,1,0,0,0,0,0,0,0,0,0,0,0,0,0,0,0,0,0,2,49432
63925005572.6455,17.01714,1,0,0,0,0,0,0,0,0,0,0,0,0,0,0,0,0,0,2,49432
63925005572.7118,17.07713,1,0,0,0,0,0,0,0,0,0,0,0,0,0,0,0,0,0,2,49432
63925005572.7624,17.13712,1,0,0,0,0,0,0,0,0,0,0,0,0,0,0,0,0,0,2,49432
63925005572.8279,17.19711,1,0,0,0,0,0,0,0,0,0,0,0,0,0,0,0,0,0,2,49432
63925005572.8785,17.23711,1,0,0,0,0,0,0,0,0,0,0,0,0,0,0,0,0,0,2,49432
63925005572.9461,17.2971,1,0,0,0,0,0,0,0,0,0,0,0,0,0,0,0,0,0,2,49432
63925005573.0127,17.35709,1,0,0,0,0,0,0,0,0,0,0,0,0,0,0,0,0,0,2,49432
63925005573.0632,17.41708,1,0,0,0,0,0,0,0,0,0,0,0,0,0,0,0,0,0,2,49432
63925005573.1127,17.45707,1,0,0,0,0,0,0,0,0,0,0,0,0,0,0,0,0,0,2,49432
63925005573.1785,17.53706,1,0,0,0,0,0,0,0,0,0,0,0,0,0,0,0,0,0,2,49432
63925005573.2459,17.59705,1,0,0,0,0,0,0,0,0,0,0,0,0,0,0,0,0,0,2,49432
63925005573.3131,17.67703,1,0,0,0,0,0,0,0,0,0,0,0,0,0,0,0,0,0,2,49432
63925005573.3619,17.73702,1,0,0,0,0,0,0,0,0,0,0,0,0,0,0,0,0,0,2,49432
63925005573.4131,17.77702,1,0,0,0,0,0,0,0,0,0,0,0,0,0,0,0,0,0,2,49432
63925005573.4798,17.857,1,0,0,0,0,0,0,0,0,0,0,0,0,0,0,0,0,0,2,49432
63925005573.5467,17.93699,1,0,0,0,0,0,0,0,0,0,0,0,0,0,0,0,0,0,2,49432
63925005573.6129,17.99698,1,0,0,0,0,0,0,0,0,0,0,0,0,0,0,0,0,0,2,49432
63925005573.68,18.07697,1,0,0,0,0,0,0,0,0,0,0,0,0,0,0,0,0,0,2,49432
63925005573.7462,18.11696,1,0,0,0,0,0,0,0,0,0,0,0,0,0,0,0,0,0,2,49432
63925005573.8134,18.17695,1,0,0,0,0,0,0,0,0,0,0,0,0,0,0,0,0,0,2,49432
63925005573.8801,18.25694,1,0,0,0,0,0,0,0,0,0,0,0,0,0,0,0,0,0,2,49432
63925005573.9459,18.31693,1,0,0,0,0,0,0,0,0,0,0,0,0,0,0,0,0,0,2,49432
63925005574.0126,18.35692,1,0,0,0,0,0,0,0,0,0,0,0,0,0,0,0,0,0,2,49432
63925005574.0797,18.4369,1,0,0,0,0,0,0,0,0,0,0,0,0,0,0,0,0,0,2,49432
63925005574.1464,18.49689,1,0,0,0,0,0,0,0,0,0,0,0,0,0,0,0,0,0,2,49432
63925005574.213,18.55688,1,0,0,0,0,0,0,0,0,0,0,0,0,0,0,0,0,0,2,49432
63925005574.2801,18.63687,1,0,0,0,0,0,0,0,0,0,0,0,0,0,0,0,0,0,2,49432
63925005574.3462,18.69686,1,0,0,0,0,0,0,0,0,0,0,0,0,0,0,0,0,0,2,49432
63925005574.4138,18.77685,1,0,0,0,0,0,0,0,0,0,0,0,0,0,0,0,0,0,2,49432
63925005574.4801,18.85683,1,0,0,0,0,0,0,0,0,0,0,0,0,0,0,0,0,0,2,49432
63925005574.5469,18.91682,1,0,0,0,0,0,0,0,0,0,0,0,0,0,0,0,0,0,2,49432
63925005574.6125,18.97681,1,0,0,0,0,0,0,0,0,0,0,0,0,0,0,0,0,0,2,49432
