time,elapsed,local,host,zack,pick,charged,held,s2charges,ultcharge,grounded,casterY,ultRemaining,bolts,boltX,boltZ,chargeVisuals,chargedFlight,shoeState,shoeX,shoeY,shoeZ,frontStun,frontX,frontY,frontZ,magnetRemaining,wallTime
12.4734176975054,0,1,0,1,3,0,1,1,20,1,0.12,0,0,0,0,0,0,1,-2.237121,0.8322861,8.353189,0,3,0.01017132,-5,0,63925002163.7763
12.5239188063269,0.05998993,1,0,1,3,0,1,1,20,1,0.12,0,0,0,0,0,0,1,0.7790707,0.7213163,-7.62579,0,3,0.01002359,-5,0,63925002163.8255
12.5744610265767,0.09998322,1,0,1,3,0,1,1,20,1,0.12,0,0,0,0,0,0,1,0.8544959,0.5209413,-7.90531,0,3,0.01000617,-5,0,63925002163.8749
12.6249611270366,0.1599731,1,0,1,3,0,1,1,20,1,0.12,0,0,0,0,0,0,1,0.8525274,0.4842437,-8.020099,0,3,0.01000081,-5,0,63925002163.9252
12.6754619348546,0.4999161,1,0,1,3,0,1,1,20,1,0.12,0,0,0,0,0,0,1,0.869087,0.5213477,-8.021484,0,3,0.0100002,-5,0,63925002163.9757
12.7259625432578,0.559906,1,0,1,3,0,1,1,20,1,0.12,0,0,0,0,0,0,1,0.8869162,0.606776,-7.930015,0,3,0.01000002,-5,0,63925002164.0256
12.7764629428399,0.5998993,1,0,1,3,0,1,1,20,1,0.12,0,0,0,0,0,0,1,0.7980776,0.7904524,-7.655974,0,3,0.01,-5,0,63925002164.0751
12.8269634515358,0.6598892,1,0,1,3,0,1,1,20,1,0.12,0,0,0,0,0,0,1,0.5730504,0.9253787,-7.460206,0,3,0.009999998,-5,0,63925002164.1248
12.8774642593538,0.6998825,1,0,1,3,0,1,1,20,1,0.12,0,0,0,0,0,0,1,0.5554825,0.9322861,-7.451477,0,3,0.009999998,-5,0,63925002164.1747
12.9279647605245,0.7598724,1,0,1,3,0,1,1,20,1,0.12,0,0,0,0,0,0,1,0.5554825,0.9322861,-7.451477,0,3,0.009999998,-5,0,63925002164.2258
12.9781317358774,0.7998657,1,0,1,3,0,1,1,20,1,0.12,0,0,0,0,0,0,1,0.5554825,0.9322861,-7.451477,0,3,0.009999998,-5,0,63925002164.2754
13.0441324584869,0.8798523,1,0,1,3,0,1,1,20,1,0.12,0,0,0,0,0,0,1,0.5554825,0.9322861,-7.451477,0,3,0.009999998,-5,0,63925002164.3415
13.1101929807787,0.9398422,1,0,1,3,0,1,1,20,1,0.12,0,0,0,0,0,0,1,0.5554825,0.9322861,-7.451477,0,3,0.009999998,-5,0,63925002164.4094
13.1761936130313,0.9998322,1,0,1,3,0,1,1,20,1,0.12,0,0,0,0,0,0,1,0.5554825,0.9322861,-7.451477,0,3,0.009999998,-5,0,63925002164.4753
13.2421941401747,1.079819,1,0,1,3,0,1,1,20,1,0.12,0,0,0,0,0,0,1,0.5554825,0.9322861,-7.451477,0,3,0.009999998,-5,0,63925002164.5421
13.3081948627842,1.139809,1,0,1,3,0,1,1,20,1,0.12,0,0,0,0,0,0,1,0.5554825,0.9322861,-7.451477,0,3,0.009999998,-5,0,63925002164.6088
13.3742246028719,1.199799,1,0,1,3,0,1,1,20,1,0.12,0,0,0,0,0,0,1,0.5554825,0.9322861,-7.451477,0,3,0.009999998,-5,0,63925002164.6747
13.4403271946063,1.279785,1,0,1,3,0,1,1,20,1,0.12,0,0,0,0,0,0,1,0.5554825,0.9322861,-7.451477,0,3,0.009999998,-5,0,63925002164.7427
13.5063318818559,1.339775,1,0,1,3,0,1,1,20,1,0.12,0,0,0,0,0,0,1,0.5554825,0.9322861,-7.451477,0,3,0.009999998,-5,0,63925002164.8093
13.5723867632945,1.419762,1,0,1,3,0,1,1,20,1,0.12,0,0,0,0,0,0,1,0.5554825,0.9322861,-7.451477,0,3,0.009999998,-5,0,63925002164.8752
13.6383878860561,1.499748,1,0,1,3,0,1,1,20,1,0.12,0,0,0,0,0,0,1,0.5554825,0.9322861,-7.451477,0,3,0.009999998,-5,0,63925002164.9416
13.7045708733176,1.559738,1,0,1,3,0,1,1,20,1,0.12,0,0,0,0,0,0,1,0.5554825,0.9322861,-7.451477,0,3,0.009999998,-5,0,63925002165.0087
13.7705714981941,1.619728,1,0,1,3,0,1,1,20,1,0.12,0,0,0,0,0,0,1,0.5554825,0.9322861,-7.451477,0,3,0.009999998,-5,0,63925002165.0754
13.8365724254896,1.699715,1,0,1,3,0,1,1,20,1,0.12,0,0,0,0,0,0,1,0.5554825,0.9322861,-7.451477,0,3,0.009999998,-5,0,63925002165.1426
13.9025878025157,1.759705,1,0,1,3,0,1,1,20,1,0.12,0,0,0,0,0,0,1,0.5554825,0.9322861,-7.451477,0,3,0.009999998,-5,0,63925002165.2097
13.9685886228581,1.799698,1,0,1,3,0,1,1,20,1,0.12,0,0,0,0,0,0,1,0.5554825,0.9322861,-7.451477,0,3,0.009999998,-5,0,63925002165.2755
14.0346888413404,1.879684,1,0,1,3,0,1,1,20,1,0.12,0,0,0,0,0,0,1,0.5554825,0.9322861,-7.451477,0,3,0.009999998,-5,0,63925002165.3429
14.100689864525,1.939674,1,0,1,3,0,1,1,20,1,0.12,0,0,0,0,0,0,1,0.5554825,0.9322861,-7.451477,0,3,0.009999998,-5,0,63925002165.4093
14.1666905963545,1.999664,1,0,1,3,0,1,1,20,1,0.12,0,0,0,0,0,0,1,0.5554825,0.9322861,-7.451477,0,3,0.009999998,-5,0,63925002165.475
14.2168576639084,2.079651,1,0,1,3,0,1,1,20,1,0.12,0,0,0,0,0,0,1,0.5554825,0.9322861,-7.451477,0,3,0.009999998,-5,0,63925002165.5261
14.2670139052843,2.119644,1,0,1,3,0,1,1,20,1,0.12,0,0,0,0,0,0,1,0.5554825,0.9322861,-7.451477,0,3,0.009999998,-5,0,63925002165.5757
14.3171812753876,2.179634,1,0,1,3,0,1,1,20,1,0.12,0,0,0,0,0,0,1,0.5554825,0.9322861,-7.451477,0,3,0.009999998,-5,0,63925002165.626
14.3838486720373,2.239624,1,0,1,3,0,1,1,20,1,0.12,0,0,0,0,0,0,1,0.5554825,0.9322861,-7.451477,0,3,0.009999998,-5,0,63925002165.6932
14.4505165725326,2.319611,1,0,1,3,0,1,1,20,1,0.12,0,0,0,0,0,0,1,0.5554825,0.9322861,-7.451477,0,3,0.009999998,-5,0,63925002165.7597
14.5008632229765,2.359604,1,0,1,3,0,1,1,20,1,0.12,0,0,0,0,0,0,1,0.5554825,0.9322861,-7.451477,0,3,0.009999998,-5,0,63925002165.8096
14.5510304526364,2.419594,1,0,1,3,0,1,1,20,1,0.12,0,0,0,0,0,0,1,0.5554825,0.9322861,-7.451477,0,3,0.009999998,-5,0,63925002165.8601
14.6176981518356,2.479584,1,0,1,3,0,1,1,20,1,0.12,0,0,0,0,0,0,1,0.5554825,0.9322861,-7.451477,0,3,0.009999998,-5,0,63925002165.9259
14.6843653530007,2.519577,1,0,1,3,0,1,1,20,1,0.12,0,0,0,0,0,0,1,0.5554825,0.9322861,-7.451477,0,3,0.009999998,-5,0,63925002165.994
14.7510326513586,2.599564,1,0,1,3,0,1,1,20,1,0.12,0,0,0,0,0,0,1,0.5554825,0.9322861,-7.451477,0,3,0.009999998,-5,0,63925002166.0595
14.8178360369739,2.659554,1,0,1,3,0,1,1,20,1,0.12,0,0,0,0,0,0,1,0.5554825,0.9322861,-7.451477,0,3,0.009999998,-5,0,63925002166.1271
14.8845035312076,2.719543,1,0,1,3,0,1,1,20,1,0.12,0,0,0,0,0,0,1,0.5554825,0.9322861,-7.451477,0,3,0.009999998,-5,0,63925002166.193
14.9511713359443,2.79953,1,0,1,3,0,1,1,20,1,0.12,0,0,0,0,0,0,1,0.5554825,0.9322861,-7.451477,0,3,0.009999998,-5,0,63925002166.2601
15.0017726375287,2.839523,1,0,1,3,0,1,1,20,1,0.12,0,0,0,0,0,0,1,0.5554825,0.9322861,-7.451477,0,3,0.009999998,-5,0,63925002166.3104
15.0522730446359,2.899513,1,0,1,3,0,1,1,20,1,0.12,0,0,0,0,0,0,1,0.5554825,0.9322861,-7.451477,0,3,0.009999998,-5,0,63925002166.3603
15.1030204928045,2.939507,1,0,1,3,0,1,1,20,1,0.12,0,0,0,0,0,0,1,0.5554825,0.9322861,-7.451477,0,3,0.009999998,-5,0,63925002166.4101
15.1535212027964,2.999496,1,0,1,3,0,1,1,20,1,0.12,0,0,0,0,0,0,1,0.5554825,0.9322861,-7.451477,0,3,0.009999998,-5,0,63925002166.4607
15.2040217114923,3.03949,1,0,1,3,0,1,1,20,1,0.12,0,0,0,0,0,0,1,0.5554825,0.9322861,-7.451477,0,3,0.009999998,-5,0,63925002166.5103
15.2545290830669,3.09948,1,0,1,3,0,1,1,20,1,0.12,0,0,0,0,0,0,1,0.5554825,0.9322861,-7.451477,0,3,0.009999998,-5,0,63925002166.5601
15.3051215953504,3.139473,1,0,1,3,0,1,1,20,1,0.12,0,0,0,0,0,0,1,0.5554825,0.9322861,-7.451477,0,3,0.009999998,-5,0,63925002166.6108
15.3556230108192,3.199463,1,0,1,3,0,1,1,20,1,0.12,0,0,0,0,0,0,1,0.5554825,0.9322861,-7.451477,0,3,0.009999998,-5,0,63925002166.6605
15.4062921886829,3.239456,1,0,1,3,0,1,1,20,1,0.12,0,0,0,0,0,0,1,0.5554825,0.9322861,-7.451477,0,3,0.009999998,-5,0,63925002166.7104
15.456793197797,3.299446,1,0,1,3,0,1,1,20,1,0.12,0,0,0,0,0,0,1,0.5554825,0.9322861,-7.451477,0,3,0.009999998,-5,0,63925002166.7604
15.5074214655285,3.339439,1,0,1,3,0,1,1,20,1,0.12,0,0,0,0,0,0,1,0.5554825,0.9322861,-7.451477,0,3,0.009999998,-5,0,63925002166.811
15.5579219742243,3.399429,1,0,1,3,0,1,1,20,1,0.12,0,0,0,0,0,0,1,0.5554825,0.9322861,-7.451477,0,3,0.009999998,-5,0,63925002166.8612
15.6084225751025,3.439423,1,0,1,3,0,1,1,20,1,0.12,0,0,0,0,0,0,1,0.5554825,0.9322861,-7.451477,0,3,0.009999998,-5,0,63925002166.9107
15.6589228843835,3.499413,1,0,1,3,0,1,1,20,1,0.12,0,0,0,0,0,0,1,0.5554825,0.9322861,-7.451477,0,3,0.009999998,-5,0,63925002166.961
15.7094469164995,3.539406,1,0,1,3,0,1,1,20,1,0.12,0,0,0,0,0,0,1,0.5554825,0.9322861,-7.451477,0,3,0.009999998,-5,0,63925002167.0108
15.7599707567257,3.619392,1,0,1,3,0,1,1,20,1,0.12,0,0,0,0,0,0,1,0.5554825,0.9322861,-7.451477,0,3,0.009999998,-5,0,63925002167.0616
15.8104718655472,3.659386,1,0,1,3,0,1,1,20,1,0.12,0,0,0,0,0,0,1,0.5554825,0.9322861,-7.451477,0,3,0.009999998,-5,0,63925002167.111
15.8609726752465,3.719376,1,0,1,3,0,1,1,20,1,0.12,0,0,0,0,0,0,1,0.5554825,0.9322861,-7.451477,0,3,0.009999998,-5,0,63925002167.1613
15.9115426649464,3.759369,1,0,1,3,0,1,1,20,1,0.12,0,0,0,0,0,0,1,0.5554825,0.9322861,-7.451477,0,3,0.009999998,-5,0,63925002167.211
15.9620890277562,3.819359,1,0,1,3,0,1,1,20,1,0.12,0,0,0,0,0,0,1,0.5554825,0.9322861,-7.451477,0,3,0.009999998,-5,0,63925002167.2609
16.0126445730527,3.859352,1,0,1,3,0,1,1,20,1,0.12,0,0,0,0,0,0,1,0.5554825,0.9322861,-7.451477,0,3,0.009999998,-5,0,63925002167.3105
16.0631460901101,3.919342,1,0,1,3,0,1,1,20,1,0.12,0,0,0,0,0,0,1,0.5554825,0.9322861,-7.451477,0,3,0.009999998,-5,0,63925002167.3612
16.1136467982208,3.959335,1,0,1,3,0,1,1,20,1,0.12,0,0,0,0,0,0,1,0.5554825,0.9322861,-7.451477,0,3,0.009999998,-5,0,63925002167.4115
16.1641476079201,4.019325,1,0,1,3,0,1,1,20,1,0.12,0,0,0,0,0,0,1,0.5554825,0.9322861,-7.451477,0,3,0.009999998,-5,0,63925002167.4613
16.2147023442698,4.059319,1,0,1,3,0,1,1,20,1,0.12,0,0,0,0,0,0,1,0.5554825,0.9322861,-7.451477,0,3,0.009999998,-5,0,63925002167.5115
16.2652030523804,4.119308,1,0,1,3,0,1,1,20,1,0.12,0,0,0,0,0,0,1,0.5554825,0.9322861,-7.451477,0,3,0.009999998,-5,0,63925002167.5607
16.3157122412634,4.159302,1,0,1,3,0,1,1,20,1,0.12,0,0,0,0,0,0,1,0.5554825,0.9322861,-7.451477,0,3,0.009999998,-5,0,63925002167.6118
16.366253961095,4.219292,1,0,1,3,0,1,1,20,1,0.12,0,0,0,0,0,0,1,0.5554825,0.9322861,-7.451477,0,3,0.009999998,-5,0,63925002167.6618
16.4167899185916,4.239288,1,0,1,3,0,1,1,20,1,0.12,0,0,0,0,0,0,1,0.5554825,0.9322861,-7.451477,0,3,0.009999998,-5,0,63925002167.7108
16.4670682859359,4.299278,1,0,1,3,0,1,1,20,1,0.12,0,0,0,0,0,0,1,0.5554825,0.9322861,-7.451477,0,3,0.009999998,-5,0,63925002167.7615
16.5172444609491,4.339272,1,0,1,3,0,1,1,20,1,0.12,0,0,0,0,0,0,1,0.5554825,0.9322861,-7.451477,0,3,0.009999998,-5,0,63925002167.8122
16.5675382049878,4.399261,1,0,1,3,0,1,1,20,1,0.12,0,0,0,0,0,0,1,0.5554825,0.9322861,-7.451477,0,3,0.009999998,-5,0,63925002167.8624
16.6175681603824,4.439255,1,0,1,3,0,1,1,20,1,0.12,0,0,0,0,0,0,1,0.5554825,0.9322861,-7.451477,0,3,0.009999998,-5,0,63925002167.9126
16.667837737867,4.499245,1,0,1,3,0,1,1,20,1,0.12,0,0,0,0,0,0,1,0.5554825,0.9322861,-7.451477,0,3,0.009999998,-5,0,63925002167.9619
16.7345054370662,4.559235,1,0,1,3,0,1,1,20,1,0.12,0,0,0,0,0,0,1,0.5554825,0.9322861,-7.451477,0,3,0.009999998,-5,0,63925002168.0291
16.8011736147044,4.619225,1,0,1,3,0,1,1,20,1,0.12,0,0,0,0,0,0,1,0.5554825,0.9322861,-7.451477,0,3,0.009999998,-5,0,63925002168.0952
16.8678415151996,4.699211,1,0,1,3,0,1,1,20,1,0.12,0,0,0,0,0,0,1,0.5554825,0.9322861,-7.451477,0,3,0.009999998,-5,0,63925002168.1627
16.9345089117003,4.759201,1,0,1,3,0,1,1,20,1,0.12,0,0,0,0,0,0,1,0.5554825,0.9322861,-7.451477,0,3,0.009999998,-5,0,63925002168.2294
17.0005100344618,4.819191,1,0,1,3,0,1,1,20,1,0.12,0,0,0,0,0,0,1,0.5554825,0.9322861,-7.451477,0,3,0.009999998,-5,0,63925002168.2954
17.0667420302083,4.899178,1,0,1,3,0,1,1,20,1,0.12,0,0,0,0,0,0,1,0.5554825,0.9322861,-7.451477,0,3,0.009999998,-5,0,63925002168.3626
17.1169391979588,4.939171,1,0,1,3,0,1,1,20,1,0.12,0,0,0,0,0,0,1,0.5554825,0.9322861,-7.451477,0,3,0.009999998,-5,0,63925002168.4126
17.1836913521712,5.019157,1,0,1,3,0,1,1,20,1,0.12,0,0,0,0,0,0,1,0.5554825,0.9322861,-7.451477,0,3,0.009999998,-5,0,63925002168.4788
17.2504758423318,5.079147,1,0,1,3,0,1,1,20,1,0.12,0,0,0,0,0,0,1,0.5554825,0.9322861,-7.451477,0,3,0.009999998,-5,0,63925002168.5462
17.3171559144867,5.139137,1,0,1,3,0,1,1,20,1,0.12,0,0,0,0,0,0,1,0.5554825,0.9322861,-7.451477,0,3,0.009999998,-5,0,63925002168.6133
17.3838497766231,5.219124,1,0,1,3,0,1,1,20,1,0.12,0,0,0,0,0,0,1,0.5554825,0.9322861,-7.451477,0,3,0.009999998,-5,0,63925002168.679
17.4338629828145,5.259117,1,0,1,3,0,1,1,20,1,0.12,0,0,0,0,0,0,1,0.5554825,0.9322861,-7.451477,0,3,0.009999998,-5,0,63925002168.7291
17.4840305524816,5.319107,1,0,1,3,0,1,1,20,1,0.12,0,0,0,0,0,0,1,0.5554825,0.9322861,-7.451477,0,3,0.009999998,-5,0,63925002168.7797
17.5507055206721,5.379097,1,0,1,3,0,1,1,20,1,0.12,0,0,0,0,0,0,1,0.5554825,0.9322861,-7.451477,0,3,0.009999998,-5,0,63925002168.8458
17.6173728234445,5.439087,1,0,1,3,0,1,1,20,1,0.12,0,0,0,0,0,0,1,0.5554825,0.9322861,-7.451477,0,3,0.009999998,-5,0,63925002168.913
17.6841102170696,5.519073,1,0,1,3,0,1,1,20,1,0.12,0,0,0,0,0,0,1,0.5554825,0.9322861,-7.451477,0,3,0.009999998,-5,0,63925002168.9789
17.7507778152575,5.59906,1,0,1,3,0,1,1,20,1,0.12,0,0,0,0,0,0,1,0.5554825,0.9322861,-7.451477,0,3,0.009999998,-5,0,63925002169.0458
17.8174454167237,5.65905,1,0,1,3,0,1,1,20,1,0.12,0,0,0,0,0,0,1,0.5554825,0.9322861,-7.451477,0,3,0.009999998,-5,0,63925002169.1132
17.8841256826123,5.739037,1,0,1,3,0,1,1,20,1,0.12,0,0,0,0,0,0,1,0.5554825,0.9322861,-7.451477,0,3,0.009999998,-5,0,63925002169.1799
17.9507935791214,5.799026,1,0,1,3,0,1,1,20,1,0.12,0,0,0,0,0,0,1,0.5554825,0.9322861,-7.451477,0,3,0.009999998,-5,0,63925002169.2468
18.0169271651221,5.859016,1,0,1,3,0,1,1,20,1,0.12,0,0,0,0,0,0,1,0.5554825,0.9322861,-7.451477,0,3,0.009999998,-5,0,63925002169.3131
18.083599905589,5.939003,1,0,1,3,0,1,1,20,1,0.12,0,0,0,0,0,0,1,0.5554825,0.9322861,-7.451477,0,3,0.009999998,-5,0,63925002169.3802
18.1503783045461,5.998993,1,0,1,3,0,1,1,20,1,0.12,0,0,0,0,0,0,1,0.5554825,0.9322861,-7.451477,0,3,0.009999998,-5,0,63925002169.4457
18.2170638244723,6.058983,1,0,1,3,0,1,1,20,1,0.12,0,0,0,0,0,0,1,0.5554825,0.9322861,-7.451477,0,3,0.009999998,-5,0,63925002169.5132
18.2837629469236,6.138969,1,0,1,3,0,1,1,20,1,0.12,0,0,0,0,0,0,1,0.5554825,0.9322861,-7.451477,0,3,0.009999998,-5,0,63925002169.58
18.3504363825855,6.198959,1,0,1,3,0,1,1,20,1,0.12,0,0,0,0,0,0,1,0.5554825,0.9322861,-7.451477,0,3,0.009999998,-5,0,63925002169.6464
18.4174300030184,6.258949,1,0,1,3,0,1,1,20,1,0.12,0,0,0,0,0,0,1,0.5554825,0.9322861,-7.451477,0,3,0.009999998,-5,0,63925002169.7141
18.484179304031,6.338936,1,0,1,3,0,1,1,20,1,0.12,0,0,0,0,0,0,1,0.5554825,0.9322861,-7.451477,0,3,0.009999998,-5,0,63925002169.7808
18.5508462161322,6.398926,1,0,1,3,0,1,1,20,1,0.12,0,0,0,0,0,0,1,0.5554825,0.9322861,-7.451477,0,3,0.009999998,-5,0,63925002169.8473
18.6175179723029,6.438919,1,0,1,3,0,1,1,20,1,0.12,0,0,0,0,0,0,1,0.5554825,0.9322861,-7.451477,0,3,0.009999998,-5,0,63925002169.9134
18.6843337554422,6.518906,1,0,1,3,0,1,1,20,1,0.12,0,0,0,0,0,0,1,0.5554825,0.9322861,-7.451477,0,3,0.009999998,-5,0,63925002169.9809
18.7510612428499,6.578896,1,0,1,3,0,1,1,20,1,0.12,0,0,0,0,0,0,1,0.5554825,0.9322861,-7.451477,0,3,0.009999998,-5,0,63925002170.0473
18.8177290396517,6.638885,1,0,1,3,0,1,1,20,1,0.12,0,0,0,0,0,0,1,0.5554825,0.9322861,-7.451477,0,3,0.009999998,-5,0,63925002170.1138
18.8843973327739,6.718872,1,0,1,3,0,1,1,20,1,0.12,0,0,0,0,0,0,1,0.5554825,0.9322861,-7.451477,0,3,0.009999998,-5,0,63925002170.1808
18.9510653403526,6.778862,1,0,1,3,0,1,1,20,1,0.12,0,0,0,0,0,0,1,0.5554825,0.9322861,-7.451477,0,3,0.009999998,-5,0,63925002170.2473
19.0172645623547,6.838852,1,0,1,3,0,1,1,20,1,0.12,0,0,0,0,0,0,1,0.5554825,0.9322861,-7.451477,0,3,0.009999998,-5,0,63925002170.3133
19.0832653826972,6.918839,1,0,1,3,0,1,1,20,1,0.12,0,0,0,0,0,0,1,0.5554825,0.9322861,-7.451477,0,3,0.009999998,-5,0,63925002170.3803
19.1492664058817,6.978828,1,0,1,3,0,1,1,20,1,0.12,0,0,0,0,0,0,1,0.5554825,0.9322861,-7.451477,0,3,0.009999998,-5,0,63925002170.4471
19.2152801970517,7.038818,1,0,1,3,0,1,1,20,1,0.12,0,0,0,0,0,0,1,0.5554825,0.9322861,-7.451477,0,3,0.009999998,-5,0,63925002170.5138
19.2812814157022,7.118805,1,0,1,3,0,1,1,20,1,0.12,0,0,0,0,0,0,1,0.5554825,0.9322861,-7.451477,0,3,0.009999998,-5,0,63925002170.5814
19.3472825366197,7.178795,1,0,1,3,0,1,1,20,1,0.12,0,0,0,0,0,0,1,0.5554825,0.9322861,-7.451477,0,3,0.009999998,-5,0,63925002170.6483
19.4132836575372,7.238785,1,0,1,3,0,1,1,20,1,0.12,0,0,0,0,0,0,1,0.5554825,0.9322861,-7.451477,0,3,0.009999998,-5,0,63925002170.714
19.4792846807217,7.318771,1,0,1,3,0,1,1,20,1,0.12,0,0,0,0,0,0,1,0.5554825,0.9322861,-7.451477,0,3,0.009999998,-5,0,63925002170.7809
19.545308173274,7.378761,1,0,1,3,0,1,1,20,1,0.12,0,0,0,0,0,0,1,0.5554825,0.9322861,-7.451477,0,3,0.009999998,-5,0,63925002170.8481
19.6113093919245,7.438751,1,0,1,3,0,1,1,20,1,0.12,0,0,0,0,0,0,1,0.5554825,0.9322861,-7.451477,0,3,0.009999998,-5,0,63925002170.9136
19.6773313078408,7.538734,1,0,1,3,0,1,1,20,1,0.12,0,0,0,0,0,0,1,0.5554825,0.9322861,-7.451477,0,3,0.009999998,-5,0,63925002170.9815
19.7433410440137,7.598724,1,0,1,3,0,1,1,20,1,0.12,0,0,0,0,0,0,1,0.5554825,0.9322861,-7.451477,0,3,0.009999998,-5,0,63925002171.0474
19.8093730467123,7.658714,1,0,1,3,0,1,1,20,1,0.12,0,0,0,0,0,0,1,0.5554825,0.9322861,-7.451477,0,3,0.009999998,-5,0,63925002171.1137
19.8753959510227,7.738701,1,0,1,3,0,1,1,20,1,0.12,0,0,0,0,0,0,1,0.5554825,0.9322861,-7.451477,0,3,0.009999998,-5,0,63925002171.1804
19.9413972692502,7.798691,1,0,1,3,0,1,1,20,1,0.12,0,0,0,0,0,0,1,0.5554825,0.9322861,-7.451477,0,3,0.009999998,-5,0,63925002171.2473
20.0074207636466,7.858681,1,0,1,3,0,1,1,20,1,0.12,0,0,0,0,0,0,1,0.5554825,0.9322861,-7.451477,0,3,0.009999998,-5,0,63925002171.3144
20.0734218864081,7.938667,1,0,1,3,0,1,1,20,1,0.12,0,0,0,0,0,0,1,0.5554825,0.9322861,-7.451477,0,3,0.009999998,-5,0,63925002171.3816
20.1394229095926,7.998657,1,0,1,3,0,1,1,20,1,0.12,0,0,0,0,0,0,1,0.5554825,0.9322861,-7.451477,0,3,0.009999998,-5,0,63925002171.4473
20.2054241300871,8.058647,1,0,1,3,0,1,1,20,1,0.12,0,0,0,0,0,0,1,0.5554825,0.9322861,-7.451477,0,3,0.009999998,-5,0,63925002171.5142
20.2714253487376,8.138634,1,0,1,3,0,1,1,20,1,0.12,0,0,0,0,0,0,1,0.5554825,0.9322861,-7.451477,0,3,0.009999998,-5,0,63925002171.5806
20.3374264696551,8.198624,1,0,1,3,0,1,1,20,1,0.12,0,0,0,0,0,0,1,0.5554825,0.9322861,-7.451477,0,3,0.009999998,-5,0,63925002171.6476
20.4034275924166,8.238617,1,0,1,3,0,1,1,20,1,0.12,0,0,0,0,0,0,1,0.5554825,0.9322861,-7.451477,0,3,0.009999998,-5,0,63925002171.7142
20.4694486176719,8.318604,1,0,1,3,0,1,1,20,1,0.12,0,0,0,0,0,0,1,0.5554825,0.9322861,-7.451477,0,3,0.009999998,-5,0,63925002171.7817
20.5355138883119,8.378593,1,0,1,3,0,1,1,20,1,0.12,0,0,0,0,0,0,1,0.5554825,0.9322861,-7.451477,0,3,0.009999998,-5,0,63925002171.8482
20.6015967877706,8.438583,1,0,1,3,0,1,1,20,1,0.12,0,0,0,0,0,0,1,0.5554825,0.9322861,-7.451477,0,3,0.009999998,-5,0,63925002171.914
20.6675982037311,8.51857,1,0,1,3,0,1,1,20,1,0.12,0,0,0,0,0,0,1,0.5554825,0.9322861,-7.451477,0,3,0.009999998,-5,0,63925002171.9816
20.7335992269156,8.57856,1,0,1,3,0,1,1,20,1,0.12,0,0,0,0,0,0,1,0.5554825,0.9322861,-7.451477,0,3,0.009999998,-5,0,63925002172.0483
20.8003272184109,8.63855,1,0,1,3,0,1,1,20,1,0.12,0,0,0,0,0,0,1,0.5554825,0.9322861,-7.451477,0,3,0.009999998,-5,0,63925002172.1145
20.8671234181834,8.718536,1,0,1,3,0,1,1,20,1,0.12,0,0,0,0,0,0,1,0.5554825,0.9322861,-7.451477,0,3,0.009999998,-5,0,63925002172.1806
20.9337918073063,8.778526,1,0,1,3,0,1,1,20,1,0.12,0,0,0,0,0,0,1,0.5554825,0.9322861,-7.451477,0,3,0.009999998,-5,0,63925002172.2483
21.0002866414127,8.838516,1,0,1,3,0,1,1,20,1,0.12,0,0,0,0,0,0,1,0.5554825,0.9322861,-7.451477,0,3,0.009999998,-5,0,63925002172.3149
21.0669539384854,8.918503,1,0,1,3,0,1,1,20,1,0.12,0,0,0,0,0,0,1,0.5554825,0.9322861,-7.451477,0,3,0.009999998,-5,0,63925002172.382
21.1336214402442,8.978493,1,0,1,3,0,1,1,20,1,0.12,0,0,0,0,0,0,1,0.5554825,0.9322861,-7.451477,0,3,0.009999998,-5,0,63925002172.4487
21.2002888408427,9.038483,1,0,1,3,0,1,1,20,1,0.12,0,0,0,0,0,0,1,0.5554825,0.9322861,-7.451477,0,3,0.009999998,-5,0,63925002172.5142
21.2669561352519,9.118469,1,0,1,3,0,1,1,20,1,0.12,0,0,0,0,0,0,1,0.5554825,0.9322861,-7.451477,0,3,0.009999998,-5,0,63925002172.5811
21.3336237272186,9.178459,1,0,1,3,0,1,1,20,1,0.12,0,0,0,0,0,0,1,0.5554825,0.9322861,-7.451477,0,3,0.009999998,-5,0,63925002172.6487
21.4002910335114,9.238449,1,0,1,3,0,1,1,20,1,0.12,0,0,0,0,0,0,1,0.5554825,0.9322861,-7.451477,0,3,0.009999998,-5,0,63925002172.7142
21.4670471264546,9.318436,1,0,1,3,0,1,1,20,1,0.12,0,0,0,0,0,0,1,0.5554825,0.9322861,-7.451477,0,3,0.009999998,-5,0,63925002172.782
21.5337148181287,9.378426,1,0,1,3,0,1,1,20,1,0.12,0,0,0,0,0,0,1,0.5554825,0.9322861,-7.451477,0,3,0.009999998,-5,0,63925002172.8481
21.6003825252627,9.438416,1,0,1,3,0,1,1,20,1,0.12,0,0,0,0,0,0,1,0.5554825,0.9322861,-7.451477,0,3,0.009999998,-5,0,63925002172.9148
21.667064371941,9.538399,1,0,1,3,0,1,1,20,1,0.12,0,0,0,0,0,0,1,0.5554825,0.9322861,-7.451477,0,3,0.009999998,-5,0,63925002172.9822
21.7337317664673,9.598389,1,0,1,3,0,1,1,20,1,0.12,0,0,0,0,0,0,1,0.5554825,0.9322861,-7.451477,0,3,0.009999998,-5,0,63925002173.0485
21.8003989750271,9.658379,1,0,1,3,0,1,1,20,1,0.12,0,0,0,0,0,0,1,0.5554825,0.9322861,-7.451477,0,3,0.009999998,-5,0,63925002173.115
21.8670670812887,9.738365,1,0,1,3,0,1,1,20,1,0.12,0,0,0,0,0,0,1,0.5554825,0.9322861,-7.451477,0,3,0.009999998,-5,0,63925002173.1825
21.933738042408,9.798355,1,0,1,3,0,1,1,20,1,0.12,0,0,0,0,0,0,1,0.5554825,0.9322861,-7.451477,0,3,0.009999998,-5,0,63925002173.2487
22.0000883452718,9.858345,1,0,1,3,0,1,1,20,1,0.12,0,0,0,0,0,0,1,0.5554825,0.9322861,-7.451477,0,3,0.009999998,-5,0,63925002173.3143
22.0500900633571,9.918335,1,0,1,3,0,1,1,20,1,0.12,0,0,0,0,0,0,1,0.5554825,0.9322861,-7.451477,0,3,0.009999998,-5,0,63925002173.3654
22.1003844187347,9.958328,1,0,1,3,0,1,1,20,1,0.12,0,0,0,0,0,0,1,0.5554825,0.9322861,-7.451477,0,3,0.009999998,-5,0,63925002173.4145
22.1670521197778,10.03831,1,0,1,3,0,1,1,20,1,0.12,0,0,0,0,0,0,1,0.5554825,0.9322861,-7.451477,0,3,0.009999998,-5,0,63925002173.4817
22.2338463642759,10.0983,1,0,1,3,0,1,1,20,1,0.12,0,0,0,0,0,0,1,0.5554825,0.9322861,-7.451477,0,3,0.009999998,-5,0,63925002173.5482
22.3005240477373,10.15829,1,0,1,3,0,1,1,20,1,0.12,0,0,0,0,0,0,1,0.5554825,0.9322861,-7.451477,0,3,0.009999998,-5,0,63925002173.6151
22.3672049129692,10.23828,1,0,1,3,0,1,1,20,1,0.12,0,0,0,0,0,0,1,0.5554825,0.9322861,-7.451477,0,3,0.009999998,-5,0,63925002173.6819
22.4338738037025,10.29827,1,0,1,3,0,1,1,20,1,0.12,0,0,0,0,0,0,1,0.5554825,0.9322861,-7.451477,0,3,0.009999998,-5,0,63925002173.7483
22.5005447310333,10.35826,1,0,1,3,0,1,1,20,1,0.12,0,0,0,0,0,0,1,0.5554825,0.9322861,-7.451477,0,3,0.009999998,-5,0,63925002173.8153
22.5672129258824,10.41825,1,0,1,3,0,1,1,20,1,0.12,0,0,0,0,0,0,1,0.5554825,0.9322861,-7.451477,0,3,0.009999998,-5,0,63925002173.8823
22.6339628384014,10.47824,1,0,1,3,0,1,1,20,1,0.12,0,0,0,0,0,0,1,0.5554825,0.9322861,-7.451477,0,3,0.009999998,-5,0,63925002173.9483
22.7006303465491,10.53823,1,0,1,3,0,1,1,20,1,0.12,0,0,0,0,0,0,1,0.5554825,0.9322861,-7.451477,0,3,0.009999998,-5,0,63925002174.0153
22.7506785135654,10.59822,1,0,1,3,0,1,1,20,1,0.12,0,0,0,0,0,0,1,0.5554825,0.9322861,-7.451477,0,3,0.009999998,-5,0,63925002174.0663
22.8008524530691,10.63821,1,0,1,3,0,1,1,20,1,0.12,0,0,0,0,0,0,1,0.5554825,0.9322861,-7.451477,0,3,0.009999998,-5,0,63925002174.1154
22.8510777520326,10.6982,1,0,1,3,0,1,1,20,1,0.12,0,0,0,0,0,0,1,0.5554825,0.9322861,-7.451477,0,3,0.009999998,-5,0,63925002174.1662
22.9012452197385,10.7382,1,0,1,3,0,1,1,20,1,0.12,0,0,0,0,0,0,1,0.5554825,0.9322861,-7.451477,0,3,0.009999998,-5,0,63925002174.2154
22.9676668911924,10.81818,1,0,1,3,0,1,1,20,1,0.12,0,0,0,0,0,0,1,0.5554825,0.9322861,-7.451477,0,3,0.009999998,-5,0,63925002174.2829
23.0336681116869,10.87817,1,0,1,3,0,1,1,20,1,0.12,0,0,0,0,0,0,1,0.5554825,0.9322861,-7.451477,0,3,0.009999998,-5,0,63925002174.35
23.1000028734592,10.93816,1,0,1,3,0,1,1,20,1,0.12,0,0,0,0,0,0,1,0.5554825,0.9322861,-7.451477,0,3,0.009999998,-5,0,63925002174.4155
23.1501848814202,10.99815,1,0,1,3,0,1,1,20,1,0.12,0,0,0,0,0,0,1,0.5554825,0.9322861,-7.451477,0,3,0.009999998,-5,0,63925002174.4662
23.2168532860031,11.05814,1,0,1,3,0,1,1,20,1,0.12,0,0,0,0,0,0,1,0.5554825,0.9322861,-7.451477,0,3,0.009999998,-5,0,63925002174.5328
23.2835207921763,11.13813,1,0,1,3,0,1,1,20,1,0.12,0,0,0,0,0,0,1,0.5554825,0.9322861,-7.451477,0,3,0.009999998,-5,0,63925002174.6
23.350188694646,11.19812,1,0,1,3,0,1,1,20,1,0.12,0,0,0,0,0,0,1,0.5554825,0.9322861,-7.451477,0,3,0.009999998,-5,0,63925002174.6658
23.4169116366965,11.27811,1,0,1,3,0,1,1,20,1,0.12,0,0,0,0,0,0,1,0.5554825,0.9322861,-7.451477,0,3,0.009999998,-5,0,63925002174.7331
23.4835898286601,11.35809,1,0,1,3,0,1,1,20,1,0.12,0,0,0,0,0,0,1,0.5554825,0.9322861,-7.451477,0,3,0.009999998,-5,0,63925002174.8
23.5502573323933,11.41808,1,0,1,3,0,1,1,20,1,0.12,0,0,0,0,0,0,1,0.5554825,0.9322861,-7.451477,0,3,0.009999998,-5,0,63925002174.8666
23.6003676851404,11.45808,1,0,1,3,0,1,1,20,1,0.12,0,0,0,0,0,0,1,0.5554825,0.9322861,-7.451477,0,3,0.009999998,-5,0,63925002174.9161
23.6505875290682,11.51807,1,0,1,3,0,1,1,20,1,0.12,0,0,0,0,0,0,1,0.5554825,0.9322861,-7.451477,0,3,0.009999998,-5,0,63925002174.9665
23.7172551284296,11.57806,1,0,1,3,0,1,1,20,1,0.12,0,0,0,0,0,0,1,0.5554825,0.9322861,-7.451477,0,3,0.009999998,-5,0,63925002175.0327
23.7839346072202,11.65804,1,0,1,3,0,1,1,20,1,0.12,0,0,0,0,0,0,1,0.5554825,0.9322861,-7.451477,0,3,0.009999998,-5,0,63925002175.1003
23.8506025077154,11.71803,1,0,1,3,0,1,1,20,1,0.12,0,0,0,0,0,0,1,0.5554825,0.9322861,-7.451477,0,3,0.009999998,-5,0,63925002175.166
23.9007886869585,11.77802,1,0,1,3,0,1,1,20,1,0.12,0,0,0,0,0,0,1,0.5554825,0.9322861,-7.451477,0,3,0.009999998,-5,0,63925002175.2175
23.9509667632853,11.81802,1,0,1,3,0,1,1,20,1,0.12,0,0,0,0,0,0,1,0.5554825,0.9322861,-7.451477,0,3,0.009999998,-5,0,63925002175.2676
24.017023424202,11.87801,1,0,1,3,0,1,1,20,1,0.12,0,0,0,0,0,0,1,0.5554825,0.9322861,-7.451477,0,3,0.009999998,-5,0,63925002175.3331
24.0833578869452,11.938,1,0,1,3,0,1,1,20,1,0.12,0,0,0,0,0,0,1,0.5554825,0.9322861,-7.451477,0,3,0.009999998,-5,0,63925002175.4
24.1335254544889,11.97799,1,0,1,3,0,1,1,20,1,0.12,0,0,0,0,0,0,1,0.5554825,0.9322861,-7.451477,0,3,0.009999998,-5,0,63925002175.4503
24.2002177848419,12.05798,1,0,1,3,0,1,1,20,1,0.12,0,0,0,0,0,0,1,0.5554825,0.9322861,-7.451477,0,3,0.009999998,-5,0,63925002175.5176
24.2668907141251,12.11797,1,0,1,3,0,1,1,20,1,0.12,0,0,0,0,0,0,1,0.5554825,0.9322861,-7.451477,0,3,0.009999998,-5,0,63925002175.5837
24.3335607309205,12.19795,1,0,1,3,0,1,1,20,1,0.12,0,0,0,0,0,0,1,0.5554825,0.9322861,-7.451477,0,3,0.009999998,-5,0,63925002175.6506
24.4002271426034,12.27794,1,0,1,3,0,1,1,20,1,0.12,0,0,0,0,0,0,1,0.5554825,0.9322861,-7.451477,0,3,0.009999998,-5,0,63925002175.7175
24.4996057455552,12.35793,1,0,1,3,0,1,1,0,1,0.12,0,0,0,0,0,0,1,0.5554825,0.9322861,-7.451477,0,3,0.009999998,-5,0,63925002175.8165
24.5659405991,12.43791,1,0,1,3,0,1,1,20,1,0.12,0,0,0,0,0,0,1,0.4437733,0.2450719,-8.233783,0,3,0.009999998,-5,0,63925002175.8832
24.6160023998407,12.47791,1,0,1,3,0,1,1,20,1,0.12,0,0,0,0,0,0,1,0.07756196,0.2488184,-7.637395,0,3,0.009999998,-5,0,63925002175.9335
24.6661746218925,12.5379,1,0,1,3,0,1,1,20,1,0.12,0,0,0,0,0,0,1,0.1499363,1.431949,-7.53058,0,3,0.009999998,-5,0,63925002175.9828
24.7328425284972,12.59789,1,0,1,3,0,1,1,20,1,0.12,0,0,0,0,0,0,1,0.5279244,1.564531,-8.189127,0,3,0.009999998,-5,0,63925002176.0494
24.7995716621106,12.63788,1,0,1,3,0,1,1,20,1,0.12,0,0,0,0,0,0,1,0.493505,1.506006,-8.132578,0,3,0.009999998,-5,0,63925002176.1163
24.8662393617382,12.71786,1,0,1,3,0,1,1,0,1,0.12,0,0,0,0,0,0,1,0.9168445,0.7044094,-7.910136,0,3,0.009999998,-5,0,63925002176.1834
24.9312184270596,12.77785,1,0,1,3,0,1,1,0,1,0.12,6.951705,3,0,-3.665565,2,0,1,0.8812261,0.7329974,-7.758276,0,3,0.009999998,-5,0,63925002176.2483
24.9818387144369,12.85784,1,0,1,3,0,1,1,0,1,0.12,6.901584,3,0,-3.665565,2,0,1,0.8616675,0.7424743,-7.684281,0,3,0.009999998,-5,0,63925002176.298
25.0325537464147,12.89783,1,0,1,3,0,1,1,0,1,0.12,6.851416,3,0,-3.665565,2,0,1,0.8764068,0.7310551,-7.744296,0,3,0.009999998,-5,0,63925002176.3486
25.0830547555288,12.95782,1,0,1,3,0,1,1,0,1,0.12,6.801371,3,0,-3.665565,2,0,1,0.8911341,0.7218324,-7.829492,0,3,0.009999998,-5,0,63925002176.3987
25.1335703068723,12.99782,1,0,1,3,0,1,1,0,1,0.12,6.75137,3,0,-3.665565,2,0,1,0.8703479,0.6586174,-7.822989,0,3,0.009999998,-5,0,63925002176.4487
25.1840841406149,13.05781,1,0,1,3,0,1,1,0,1,0.12,6.701343,3,0,-3.665565,2,0,1,0.7315511,0.412979,-7.824872,0,3,0.009999998,-5,0,63925002176.499
25.2346549449054,13.0978,1,0,1,3,0,1,1,0,1,0.12,6.651272,1,0,-3.665565,2,0,1,0.5514111,0.2034587,-7.954219,0,3,0.009999998,-5,0,63925002176.5517
25.2851671626357,13.15779,1,0,1,3,0,1,1,0,1,0.12,6.60126,0,0,0,2,0,1,0.4953871,0.1575878,-8.021281,1.941991,3.174202,0.2259036,-5.077487,0,63925002176.6003
25.3356746433241,13.19778,1,0,1,3,0,1,1,0,1,0.12,6.55126,0,0,0,2,0,1,0.6607753,0.2985743,-7.829921,1.875322,3.598262,0.5151969,-5.266114,0,63925002176.6493
25.3861759515603,13.25777,1,0,1,3,0,1,1,0,1,0.12,6.501251,0,0,0,2,0,1,0.6985829,0.6737831,-7.552117,1.825284,4.154299,0.7680577,-5.513446,0,63925002176.699
25.4366771694956,13.27777,1,0,1,3,0,1,1,0,1,0.12,6.45125,0,0,0,2,0,1,0.5536572,0.9391232,-7.453279,1.791951,4.404173,0.8309014,-5.624592,0,63925002176.7492
25.4871787806166,13.33776,1,0,1,3,0,1,1,0,1,0.12,6.401248,0,0,0,2,0,1,0.5540637,0.9376004,-7.452878,1.741949,4.573019,0.8612693,-5.699697,0,63925002176.7993
25.5376794887272,13.37775,1,0,1,3,0,1,1,0,1,0.12,6.351247,0,0,0,2,0,1,0.5543941,0.9363629,-7.452552,1.691949,4.601711,0.8658456,-5.71246,0,63925002176.8481
25.5881805975487,13.43774,1,0,1,3,0,1,1,0,1,0.12,6.301246,0,0,0,2,0,1,0.5546592,0.9353698,-7.45229,1.641948,4.612107,0.8674313,-5.717084,0,63925002176.8978
25.6386816066628,13.49773,1,0,1,3,0,1,1,0,1,0.12,6.251245,0,0,0,2,0,1,0.5548694,0.9345825,-7.452083,1.591946,4.613439,0.8676281,-5.717676,0,63925002176.9489
25.6892390765001,13.55772,1,0,1,3,0,1,1,0,1,0.12,6.201244,0,0,0,2,0,1,0.555034,0.933966,-7.45192,1.541946,4.613869,0.8676904,-5.717867,0,63925002176.999
25.7397402925541,13.59772,1,0,1,3,0,1,1,0,1,0.12,6.151188,0,0,0,2,0,1,0.5551614,0.933489,-7.451794,1.491889,4.613919,0.8676976,-5.717889,0,63925002177.048
25.7902422103224,13.65771,1,0,1,3,0,1,1,0,1,0.12,6.101187,0,0,0,2,0,1,0.5552583,0.9331256,-7.451698,1.441888,4.613934,0.8676997,-5.717896,0,63925002177.0986
25.8407431197291,13.6977,1,0,1,3,0,1,1,0,1,0.12,6.051184,0,0,0,2,0,1,0.5553313,0.9328522,-7.451626,1.391886,4.613935,0.8676999,-5.717897,0,63925002177.1482
25.8912443282579,13.73769,1,0,1,3,0,1,1,0,1,0.12,6.001184,0,0,0,2,0,1,0.5553852,0.9326503,-7.451573,1.341885,4.613936,0.8677,-5.717897,0,63925002177.1989
25.9417449366612,13.77769,1,0,1,3,0,1,1,0,1,0.12,5.951182,0,0,0,2,0,1,0.5554244,0.9325038,-7.451534,1.291884,4.613936,0.8677,-5.717897,0,63925002177.2491
26.0080794033905,13.83768,1,0,1,3,0,1,1,0,1,0.12,5.884514,0,0,0,2,0,1,0.5554593,0.9323729,-7.4515,1.225216,4.613936,0.8677,-5.717897,0,63925002177.3153
26.074081016661,13.91766,1,0,1,3,0,1,1,0,1,0.12,5.817846,0,0,0,2,0,1,0.5554802,0.9322944,-7.451479,1.158548,4.613936,0.8677,-5.717897,0,63925002177.3824
26.1400826373075,13.97765,1,0,1,3,0,1,1,0,1,0.12,5.751178,0,0,0,2,0,1,0.5554919,0.9322512,-7.451468,1.09188,4.613936,0.8677,-5.717897,0,63925002177.449
26.206083955535,14.03764,1,0,1,3,0,1,1,0,1,0.12,5.68451,0,0,0,2,0,1,0.5554973,0.9322305,-7.451462,1.025211,4.613936,0.8677,-5.717897,0,63925002177.515
26.2720850764525,14.11763,1,0,1,3,0,1,1,0,1,0.12,5.617842,0,0,0,2,0,1,0.5554991,0.9322241,-7.451461,0.9585437,4.613936,0.8677,-5.717897,0,63925002177.582
26.3380872853411,14.17762,1,0,1,3,0,1,1,0,1,0.12,5.551173,0,0,0,2,0,1,0.5554985,0.9322259,-7.451461,0.8918748,4.613936,0.8677,-5.717897,0,63925002177.6485
26.4040887013016,14.23761,1,0,1,3,0,1,1,0,1,0.12,5.484505,0,0,0,2,0,1,0.5554969,0.9322321,-7.451463,0.8252068,4.613936,0.8677,-5.717897,0,63925002177.7147
26.4700900213731,14.3176,1,0,1,3,0,1,1,0,1,0.12,5.417837,0,0,0,2,0,1,0.5554948,0.9322399,-7.451465,0.7585387,4.613936,0.8677,-5.717897,0,63925002177.7812
26.5360930250337,14.37759,1,0,1,3,0,1,1,0,1,0.12,5.35117,0,0,0,2,0,1,0.5554926,0.9322482,-7.451467,0.6918709,4.613936,0.8677,-5.717897,0,63925002177.849
26.6020936572862,14.43758,1,0,1,3,0,1,1,0,1,0.12,5.284501,0,0,0,2,0,1,0.5554906,0.9322559,-7.451469,0.6252015,4.613936,0.8677,-5.717897,0,63925002177.9155
26.6680947818918,14.51756,1,0,1,3,0,1,1,0,1,0.12,5.217833,0,0,0,2,0,1,0.5554887,0.9322626,-7.451471,0.5585338,4.613936,0.8677,-5.717897,0,63925002177.9823
26.7341527280894,14.59755,1,0,1,3,0,1,1,0,1,0.12,5.151108,0,0,0,2,0,1,0.5554873,0.9322683,-7.451472,0.4918085,4.613936,0.8677,-5.717897,0,63925002178.0489
26.800155132444,14.65754,1,0,1,3,0,1,1,0,1,0.12,5.08444,0,0,0,2,0,1,0.555486,0.9322729,-7.451474,0.4251403,4.613936,0.8677,-5.717897,0,63925002178.1148
26.8668224510488,14.73753,1,0,1,3,0,1,1,0,1,0.12,5.017772,0,0,0,2,0,1,0.555485,0.9322765,-7.451475,0.3584723,4.613936,0.8677,-5.717897,0,63925002178.1824
26.9334901347881,14.79752,1,0,1,3,0,1,1,0,1,0.12,4.951104,0,0,0,2,0,1,0.5554843,0.9322793,-7.451475,0.2918041,4.613936,0.8677,-5.717897,0,63925002178.2486
26.9998476621074,14.83751,1,0,1,3,0,1,1,0,1,0.12,4.884077,0,0,0,2,0,1,0.5554838,0.9322814,-7.451476,0.2247766,4.613936,0.8677,-5.717897,0,63925002178.316
27.0500153351886,14.8975,1,0,1,3,0,1,1,0,1,0.12,4.834075,0,0,0,2,0,1,0.5554835,0.9322825,-7.451476,0.1747755,4.613936,0.8677,-5.717897,0,63925002178.3655
27.1166832376582,14.95749,1,0,1,3,0,1,1,0,1,0.12,4.767407,0,0,0,2,0,1,0.5554831,0.9322838,-7.451477,0.1081075,4.613936,0.8677,-5.717897,0,63925002178.4331
27.1833512319004,15.03748,1,0,1,3,0,1,1,0,1,0.12,4.700739,0,0,0,2,0,1,0.5554829,0.9322847,-7.451477,0.04143963,4.613936,0.8677,-5.717897,0,63925002178.4991
27.2500195352298,15.09747,1,0,1,3,0,1,1,0,1,0.12,4.634071,0,0,0,2,0,1,0.5554827,0.9322852,-7.451477,0,4.613936,0.8677,-5.717897,0,63925002178.5651
27.3167084473682,15.15746,1,0,1,3,0,1,1,0,1,0.12,4.567382,0,0,0,2,0,1,0.5554826,0.9322856,-7.451477,0,4.613936,0.8677,-5.717897,0,63925002178.6325
27.3833775677284,15.25744,1,0,1,3,0,1,1,0,1,0.12,4.500714,0,0,0,2,0,1,0.5554826,0.9322858,-7.451477,0,4.613936,0.8677,-5.717897,0,63925002178.6984
27.4500450853755,15.31743,1,0,1,3,0,1,1,0,1,0.12,4.434046,0,0,0,2,0,1,0.5554825,0.932286,-7.451477,0,4.613936,0.8677,-5.717897,0,63925002178.7654
27.5000757344191,15.35742,1,0,1,3,0,1,1,0,1,0.12,4.384045,0,0,0,2,0,1,0.5554825,0.9322861,-7.451477,0,4.613936,0.8677,-5.717897,0,63925002178.8156
27.5502432022554,15.41741,1,0,1,3,0,1,1,0,1,0.12,4.333846,0,0,0,2,0,1,0.5554825,0.9322861,-7.451477,0,4.613936,0.8677,-5.717897,0,63925002178.8662
27.6169109990572,15.45741,1,0,1,3,0,1,1,0,1,0.12,4.267178,0,0,0,2,0,1,0.5554824,0.9322861,-7.451477,0,4.613936,0.8677,-5.717897,0,63925002178.9335
27.6835905835157,15.53739,1,0,1,3,0,1,1,0,1,0.12,4.200499,0,0,0,2,0,1,0.5554824,0.9322861,-7.451477,0,4.613936,0.8677,-5.717897,0,63925002178.9996
27.7502586872814,15.59738,1,0,1,3,0,1,1,0,1,0.12,4.133831,0,0,0,2,0,1,0.5554824,0.9322861,-7.451477,0,4.613936,0.8677,-5.717897,0,63925002179.0654
27.8169265857649,15.67737,1,0,1,3,0,1,1,0,1,0.12,4.067163,0,0,0,2,0,1,0.5554824,0.9322861,-7.451477,0,4.613936,0.8677,-5.717897,0,63925002179.1326
27.8837263595251,15.75735,1,0,1,3,0,1,1,0,1,0.12,4.000362,0,0,0,2,0,1,0.5554824,0.9322861,-7.451477,0,4.613936,0.8677,-5.717897,0,63925002179.1992
27.9503943597277,15.81734,1,0,1,3,0,1,1,0,1,0.12,3.933695,0,0,0,2,0,1,0.5554825,0.9322861,-7.451477,0,4.613936,0.8677,-5.717897,0,63925002179.2656
28.0167285180775,15.87733,1,0,1,3,0,1,1,0,1,0.12,3.867027,0,0,0,2,0,1,0.5554825,0.9322861,-7.451477,0,4.613936,0.8677,-5.717897,0,63925002179.333
28.0833962172767,15.93732,1,0,1,3,0,1,1,0,1,0.12,3.80036,0,0,0,2,0,1,0.5554825,0.9322861,-7.451477,0,4.613936,0.8677,-5.717897,0,63925002179.3988
28.1500728924697,15.97732,1,0,1,3,0,1,1,0,1,0.12,3.733682,0,0,0,2,0,1,0.5554825,0.9322861,-7.451477,0,4.613936,0.8631297,-5.717897,0,63925002179.4671
28.2168360288565,16.0573,1,0,1,3,0,1,1,0,1,0.12,3.666919,0,0,0,2,0,1,0.5554825,0.9322861,-7.451477,0,4.613936,0.8140451,-5.717897,0,63925002179.5332
28.2835607347575,16.13729,1,0,1,3,0,1,1,0,1,0.12,3.600193,0,0,0,2,0,1,0.5554825,0.9322861,-7.451477,0,4.613936,0.4384467,-5.717897,0,63925002179.5991
28.3503709420686,16.19728,1,0,1,3,0,1,1,0,1,0.12,3.533385,0,0,0,2,0,1,0.5554825,0.9322861,-7.451477,0,4.613936,0.1227028,-5.717897,0,63925002179.6659
28.4170638018971,16.25727,1,0,1,3,0,1,1,0,1,0.12,3.466692,0,0,0,2,0,1,0.5554825,0.9322861,-7.451477,0,4.613936,0.07083537,-5.717897,0,63925002179.7338
28.4837316008036,16.33726,1,0,1,3,0,1,1,0,1,0.12,3.400025,0,0,0,2,0,1,0.5554825,0.9322861,-7.451477,0,4.613936,0.06999995,-5.717897,0,63925002179.7998
28.5503993976054,16.39725,1,0,1,3,0,1,1,0,1,0.12,3.333357,0,0,0,2,0,1,0.5554825,0.9322861,-7.451477,0,4.613936,0.06999995,-5.717897,0,63925002179.8665
28.600421329805,16.43724,1,0,1,3,0,1,1,0,1,0.12,3.283356,0,0,0,2,0,1,0.5554825,0.9322861,-7.451477,0,4.613936,0.06999995,-5.717897,0,63925002179.9161
28.6505888973487,16.49723,1,0,1,3,0,1,1,0,1,0.12,3.233166,0,0,0,2,0,1,0.5554825,0.9322861,-7.451477,0,4.613936,0.06999995,-5.717897,0,63925002179.9658
28.7172570805376,16.55722,1,0,1,3,0,1,1,0,1,0.12,3.166497,0,0,0,2,0,1,0.5554825,0.9322861,-7.451477,0,4.613936,0.06999995,-5.717897,0,63925002180.0337
28.7672725443294,16.61721,1,0,1,3,0,1,1,0,1,0.12,3.116375,0,0,0,2,0,1,0.5554825,0.9322861,-7.451477,0,4.613936,0.06999995,-5.717897,0,63925002180.0836
28.8177005967436,16.6572,1,0,1,3,0,1,1,0,1,0.12,3.066316,0,0,0,2,0,1,0.5554825,0.9322861,-7.451477,0,4.613936,0.06999995,-5.717897,0,63925002180.1343
28.8843675030147,16.73719,1,0,1,3,0,1,1,0,1,0.12,2.999391,0,0,0,2,0,1,0.5554825,0.9322861,-7.451477,0,4.613936,0.06999995,-5.717897,0,63925002180.2006
28.9510442865578,16.79718,1,0,1,3,0,1,1,0,1,0.12,2.932714,0,0,0,2,0,1,0.5554825,0.9322861,-7.451477,0,4.613936,0.06999995,-5.717897,0,63925002180.2674
29.0170589683888,16.85717,1,0,1,3,0,1,1,0,1,0.12,2.866033,0,0,0,2,0,1,0.5554825,0.9322861,-7.451477,0,4.613936,0.06999995,-5.717897,0,63925002180.3336
29.0835712332589,16.93716,1,0,1,3,0,1,1,0,1,0.12,2.799185,0,0,0,2,0,1,0.5554825,0.9322861,-7.451477,0,4.613936,0.06999995,-5.717897,0,63925002180.401
29.1502425689561,17.01714,1,0,1,3,0,1,1,0,1,0.12,2.732514,0,0,0,2,0,1,0.5554825,0.9322861,-7.451477,0,4.613936,0.06999995,-5.717897,0,63925002180.4678
29.2003292446521,17.07713,1,0,1,3,0,1,1,0,1,0.12,2.682513,0,0,0,2,0,1,0.5554825,0.9322861,-7.451477,0,4.613936,0.06999995,-5.717897,0,63925002180.5181
29.2506202366514,17.11713,1,0,1,3,0,1,1,0,1,0.12,2.632258,0,0,0,2,0,1,0.5554825,0.9322861,-7.451477,0,4.613936,0.06999995,-5.717897,0,63925002180.5676
29.3173813026336,17.17712,1,0,1,3,0,1,1,0,1,0.12,2.565374,0,0,0,2,0,1,0.5554825,0.9322861,-7.451477,0,4.613936,0.06999995,-5.717897,0,63925002180.6338
29.3841970944156,17.23711,1,0,1,3,0,1,1,0,1,0.12,2.498556,0,0,0,2,0,1,0.5554825,0.9322861,-7.451477,0,4.613936,0.06999995,-5.717897,0,63925002180.7005
29.4508886454379,17.2971,1,0,1,3,0,1,1,0,1,0.12,2.431865,0,0,0,2,0,1,0.5554825,0.9322861,-7.451477,0,4.613936,0.06999995,-5.717897,0,63925002180.7679
29.5009905146559,17.35709,1,0,1,3,0,1,1,0,1,0.12,2.381634,0,0,0,2,0,1,0.5554825,0.9322861,-7.451477,0,4.613936,0.06999995,-5.717897,0,63925002180.8183
29.5512921153692,17.39708,1,0,1,3,0,1,1,0,1,0.12,2.331597,0,0,0,2,0,1,0.5554825,0.9322861,-7.451477,0,4.613936,0.06999995,-5.717897,0,63925002180.8688
29.6181653616143,17.47707,1,0,1,3,0,1,1,0,1,0.12,2.264641,0,0,0,2,0,1,0.5554825,0.9322861,-7.451477,0,4.613936,0.06999995,-5.717897,0,63925002180.9348
29.6848329576788,17.55705,1,0,1,3,0,1,1,0,1,0.12,2.197923,0,0,0,2,0,1,0.5554825,0.9322861,-7.451477,0,4.613936,0.06999995,-5.717897,0,63925002181.0023
29.7515562126537,17.61704,1,0,1,3,0,1,1,0,1,0.12,2.1312,0,0,0,2,0,1,0.5554825,0.9322861,-7.451477,0,4.613936,0.06999995,-5.717897,0,63925002181.0681
29.8182257290309,17.65704,1,0,1,3,0,1,1,0,1,0.12,2.064531,0,0,0,2,0,1,0.5554825,0.9322861,-7.451477,0,4.613936,0.06999995,-5.717897,0,63925002181.1345
29.8848937212986,17.73702,1,0,1,3,0,1,1,0,1,0.12,1.997863,0,0,0,2,0,1,0.5554825,0.9322861,-7.451477,0,4.613936,0.06999995,-5.717897,0,63925002181.202
29.9515617175152,17.79701,1,0,1,3,0,1,1,0,1,0.12,1.931195,0,0,0,2,0,1,0.5554825,0.9322861,-7.451477,0,4.613936,0.06999995,-5.717897,0,63925002181.2681
30.0020661618312,17.857,1,0,1,3,0,1,1,0,1,0.12,1.881194,0,0,0,2,0,1,0.5554825,0.9322861,-7.451477,0,4.613936,0.06999995,-5.717897,0,63925002181.3185
30.0525671709453,17.897,1,0,1,3,0,1,1,0,1,0.12,1.83119,0,0,0,2,0,1,0.5554825,0.9322861,-7.451477,0,4.613936,0.06999995,-5.717897,0,63925002181.3689
30.1030676796411,17.95699,1,0,1,3,0,1,1,0,1,0.12,1.781189,0,0,0,2,0,1,0.5554825,0.9322861,-7.451477,0,4.613936,0.06999995,-5.717897,0,63925002181.4191
30.153905825795,17.99698,1,0,1,3,0,1,1,0,1,0.12,1.730854,0,0,0,2,0,1,0.5554825,0.9322861,-7.451477,0,4.613936,0.06999995,-5.717897,0,63925002181.4682
30.2046103433458,18.05697,1,0,1,3,0,1,1,0,1,0.12,1.680652,0,0,0,2,0,1,0.5554825,0.9322861,-7.451477,0,4.613936,0.06999995,-5.717897,0,63925002181.5196
30.2551212573548,18.11696,1,0,1,3,0,1,1,0,1,0.12,1.630641,0,0,0,2,0,1,0.5554825,0.9322861,-7.451477,0,4.613936,0.06999995,-5.717897,0,63925002181.5698
30.3056222683502,18.17695,1,0,1,3,0,1,1,0,1,0.12,1.580639,0,0,0,2,0,1,0.5554825,0.9322861,-7.451477,0,4.613936,0.06999995,-5.717897,0,63925002181.6188
30.356123476879,18.21694,1,0,1,3,0,1,1,0,1,0.12,1.530639,0,0,0,2,0,1,0.5554825,0.9322861,-7.451477,0,4.613936,0.06999995,-5.717897,0,63925002181.6688
30.4066242865783,18.27693,1,0,1,3,0,1,1,0,1,0.12,1.480638,0,0,0,2,0,1,0.5554825,0.9322861,-7.451477,0,4.613936,0.06999995,-5.717897,0,63925002181.7191
30.4571261046392,18.31693,1,0,1,3,0,1,1,0,1,0.12,1.430637,0,0,0,2,0,1,0.5554825,0.9322861,-7.451477,0,4.613936,0.06999995,-5.717897,0,63925002181.7698
30.5076263048065,18.35692,1,0,1,3,0,1,1,0,1,0.12,1.380636,0,0,0,2,0,1,0.5554825,0.9322861,-7.451477,0,4.613936,0.06999995,-5.717897,0,63925002181.8196
30.5581276224491,18.39691,1,0,1,3,0,1,1,0,1,0.12,1.330634,0,0,0,2,0,1,0.5554825,0.9322861,-7.451477,0,4.613936,0.06999995,-5.717897,0,63925002181.8697
30.6086287331519,18.4569,1,0,1,3,0,1,1,0,1,0.12,1.280634,0,0,0,2,0,1,0.5554825,0.9322861,-7.451477,0,4.613936,0.06999995,-5.717897,0,63925002181.9197
30.6591478212861,18.49689,1,0,1,3,0,1,1,0,1,0.12,1.230615,0,0,0,2,0,1,0.5554825,0.9322861,-7.451477,0,4.613936,0.06999995,-5.717897,0,63925002181.9692
30.709648531278,18.55688,1,0,1,3,0,1,1,0,1,0.12,1.180614,0,0,0,2,0,1,0.5554825,0.9322861,-7.451477,0,4.613936,0.06999995,-5.717897,0,63925002182.019
30.7601895324637,18.59688,1,0,1,3,0,1,1,0,1,0.12,1.130572,0,0,0,2,0,1,0.5554825,0.9322861,-7.451477,0,4.613936,0.06999995,-5.717897,0,63925002182.0693
30.8107035750275,18.65687,1,0,1,3,0,1,1,0,1,0.12,1.080572,0,0,0,2,0,1,0.5554825,0.9322861,-7.451477,0,4.613936,0.06999995,-5.717897,0,63925002182.1194
30.8612043847268,18.69686,1,0,1,3,0,1,1,0,1,0.12,1.030559,0,0,0,2,0,1,0.5554825,0.9322861,-7.451477,0,4.613936,0.06999995,-5.717897,0,63925002182.1693
30.9117052922522,18.75685,1,0,1,3,0,1,1,0,1,0.12,0.9805577,0,0,0,2,0,1,0.5554825,0.9322861,-7.451477,0,4.613936,0.06999995,-5.717897,0,63925002182.2188
30.9622062016589,18.79684,1,0,1,3,0,1,1,0,1,0.12,0.9305568,0,0,0,2,0,1,0.5554825,0.9322861,-7.451477,0,4.613936,0.06999995,-5.717897,0,63925002182.2691
31.0127070094769,18.85683,1,0,1,3,0,1,1,0,1,0.12,0.880556,0,0,0,2,0,1,0.5554825,0.9322861,-7.451477,0,4.613936,0.06999995,-5.717897,0,63925002182.3197
31.0632230612387,18.89683,1,0,1,3,0,1,1,0,1,0.12,0.83054,0,0,0,2,0,1,0.5554825,0.9322861,-7.451477,0,4.613936,0.06999995,-5.717897,0,63925002182.3696
31.1137240778779,18.95682,1,0,1,3,0,1,1,0,1,0.12,0.7805394,0,0,0,2,0,1,0.5554825,0.9322861,-7.451477,0,4.613936,0.06999995,-5.717897,0,63925002182.4197
31.1642247784634,18.99681,1,0,1,3,0,1,1,0,1,0.12,0.7305383,0,0,0,2,0,1,0.5554825,0.9322861,-7.451477,0,4.613936,0.06999995,-5.717897,0,63925002182.4693
31.2147277139996,19.0568,1,0,1,3,0,1,1,0,1,0.12,0.6805354,0,0,0,2,0,1,0.5554825,0.9322861,-7.451477,0,4.613936,0.06999995,-5.717897,0,63925002182.5196
31.2652289244098,19.09679,1,0,1,3,0,1,1,0,1,0.12,0.6305346,0,0,0,2,0,1,0.5554825,0.9322861,-7.451477,0,4.613936,0.06999995,-5.717897,0,63925002182.5688
31.3157294236993,19.15678,1,0,1,3,0,1,1,0,1,0.12,0.5805335,0,0,0,2,0,1,0.5554825,0.9322861,-7.451477,0,4.613936,0.06999995,-5.717897,0,63925002182.6196
31.3662302315173,19.21677,1,0,1,3,0,1,1,0,1,0.12,0.5305328,0,0,0,2,0,1,0.5554825,0.9322861,-7.451477,0,4.613936,0.06999995,-5.717897,0,63925002182.6692
31.4167311390427,19.27676,1,0,1,3,0,1,1,0,1,0.12,0.4805322,0,0,0,2,0,1,0.5554825,0.9322861,-7.451477,0,4.613936,0.06999995,-5.717897,0,63925002182.7197
31.4834012650823,19.33675,1,0,1,3,0,1,1,0,1,0.12,0.4138623,0,0,0,2,0,1,0.5554825,0.9322861,-7.451477,0,4.613936,0.06999995,-5.717897,0,63925002182.7858
31.550069171687,19.39674,1,0,1,3,0,1,1,0,1,0.12,0.3471943,0,0,0,2,0,1,0.5554825,0.9322861,-7.451477,0,4.613936,0.06999995,-5.717897,0,63925002182.8519
31.6167370781054,19.47673,1,0,1,3,0,1,1,0,1,0.12,0.2805265,0,0,0,2,0,1,0.5554825,0.9322861,-7.451477,0,4.613936,0.06999995,-5.717897,0,63925002182.9195
31.6834046834273,19.53672,1,0,1,3,0,1,1,0,1,0.12,0.2138587,0,0,0,2,0,1,0.5554825,0.9322861,-7.451477,0,4.613936,0.06999995,-5.717897,0,63925002182.986
31.7500724844572,19.59671,1,0,1,3,0,1,1,0,1,0.12,0.1471909,0,0,0,2,0,1,0.5554825,0.9322861,-7.451477,0,4.613936,0.06999995,-5.717897,0,63925002183.0524
31.816740478569,19.6767,1,0,1,3,0,1,1,0,1,0.12,0.08052273,0,0,0,2,0,1,0.5554825,0.9322861,-7.451477,0,4.613936,0.06999995,-5.717897,0,63925002183.1188
31.8834177704652,19.73669,1,0,1,3,0,1,1,0,1,0.12,0.01385513,0,0,0,2,0,1,0.5554825,0.9322861,-7.451477,0,4.613936,0.06999995,-5.717897,0,63925002183.187
31.9500856709232,19.79668,1,0,1,3,0,1,1,0,1,0.12,0,0,0,0,0,0,1,0.5554825,0.9322861,-7.451477,0,4.613936,0.06999995,-5.717897,0,63925002183.252
32.0168133675059,19.85667,1,0,1,3,0,1,1,0,1,0.12,0,0,0,0,0,0,1,0.5554825,0.9322861,-7.451477,0,4.613936,0.06999995,-5.717897,0,63925002183.3197
32.0834813677085,19.91666,1,0,1,3,0,1,1,0,1,0.12,0,0,0,0,0,0,1,0.5554825,0.9322861,-7.451477,0,4.613936,0.06999995,-5.717897,0,63925002183.3861
32.1501492720221,19.97665,1,0,1,3,0,1,1,0,1,0.12,0,0,0,0,0,0,1,0.5554825,0.9322861,-7.451477,0,4.613936,0.06999995,-5.717897,0,63925002183.4528
32.2168188084041,20.05663,1,0,1,3,0,1,1,0,1,0.12,0,0,0,0,0,0,1,0.5554825,0.9322861,-7.451477,0,4.613936,0.06999995,-5.717897,0,63925002183.5195
32.2834865117011,20.11662,1,0,1,3,0,1,1,0,1,0.12,0,0,0,0,0,0,1,0.5554825,0.9322861,-7.451477,0,4.613936,0.06999995,-5.717897,0,63925002183.5853
32.350154305355,20.17661,1,0,1,3,0,1,1,0,1,0.12,0,0,0,0,0,0,1,0.5554825,0.9322861,-7.451477,0,4.613936,0.06999995,-5.717897,0,63925002183.6532
32.4168223170315,20.2566,1,0,1,3,0,1,1,0,1,0.12,0,0,0,0,0,0,1,0.5554825,0.9322861,-7.451477,0,4.613936,0.06999995,-5.717897,0,63925002183.7199
32.4835438512204,20.33659,1,0,1,3,0,1,1,0,1,0.12,0,0,0,0,0,0,1,0.5554825,0.9322861,-7.451477,0,4.613936,0.06999995,-5.717897,0,63925002183.7865
32.5502117498343,20.39658,1,0,1,3,0,1,1,0,1,0.12,0,0,0,0,0,0,1,0.5554825,0.9322861,-7.451477,0,4.613936,0.06999995,-5.717897,0,63925002183.8528
32.616879952879,20.47656,1,0,1,3,0,1,1,0,1,0.12,0,0,0,0,0,0,1,0.5554825,0.9322861,-7.451477,0,4.613936,0.06999995,-5.717897,0,63925002183.919
32.6835477517856,20.51656,1,0,1,3,0,1,1,0,1,0.12,0,0,0,0,0,0,1,0.5554825,0.9322861,-7.451477,0,4.613936,0.06999995,-5.717897,0,63925002183.9865
32.750315540762,20.57655,1,0,1,3,0,1,1,0,1,0.12,0,0,0,0,0,0,1,0.5554825,0.9322861,-7.451477,0,4.613936,0.06999995,-5.717897,0,63925002184.0528
32.8169836385672,20.65653,1,0,1,3,0,1,1,0,1,0.12,0,0,0,0,0,0,1,0.5554825,0.9322861,-7.451477,0,4.613936,0.06999995,-5.717897,0,63925002184.1193
32.8669962409263,20.69653,1,0,1,3,0,1,1,0,1,0.12,0,0,0,0,0,0,1,0.5554825,0.9322861,-7.451477,0,4.613936,0.06999995,-5.717897,0,63925002184.1696
32.9171638143,20.75652,1,0,1,3,0,1,1,0,1,0.12,0,0,0,0,0,0,1,0.5554825,0.9322861,-7.451477,0,4.613936,0.06999995,-5.717897,0,63925002184.2197
32.9672857385812,20.79651,1,0,1,3,0,1,1,0,1,0.12,0,0,0,0,0,0,1,0.5554825,0.9322861,-7.451477,0,4.613936,0.06999995,-5.717897,0,63925002184.2704
33.0332870641847,20.8565,1,0,1,3,0,1,1,0,1,0.12,0,0,0,0,0,0,1,0.5554825,0.9322861,-7.451477,0,4.613936,0.06999995,-5.717897,0,63925002184.3359
33.0834545223725,20.91649,1,0,1,3,0,1,1,0,1,0.12,0,0,0,0,0,0,1,0.5554825,0.9322861,-7.451477,0,4.613936,0.06999995,-5.717897,0,63925002184.3859
33.1501223193047,20.97648,1,0,1,3,0,1,1,0,1,0.12,0,0,0,0,0,0,1,0.5554825,0.9322861,-7.451477,0,4.613936,0.06999995,-5.717897,0,63925002184.4529
33.2167901203347,21.05647,1,0,1,3,0,1,1,0,1,0.12,0,0,0,0,0,0,1,0.5554825,0.9322861,-7.451477,0,4.613936,0.06999995,-5.717897,0,63925002184.5206
33.2834581163091,21.11646,1,0,1,3,0,1,1,0,1,0.12,0,0,0,0,0,0,1,0.5554825,0.9322861,-7.451477,0,4.613936,0.06999995,-5.717897,0,63925002184.5872
33.3502287241754,21.19644,1,0,1,3,0,1,1,0,1,0.12,0,0,0,0,0,0,1,0.5554825,0.9322861,-7.451477,0,4.613936,0.06999995,-5.717897,0,63925002184.6538
33.4168987103862,21.27643,1,0,1,3,0,1,1,0,1,0.12,0,0,0,0,0,0,1,0.5554825,0.9322861,-7.451477,0,4.613936,0.06999995,-5.717897,0,63925002184.7208
33.4835666108442,21.33642,1,0,1,3,0,1,1,0,1,0.12,0,0,0,0,0,0,1,0.5554825,0.9322861,-7.451477,0,4.613936,0.06999995,-5.717897,0,63925002184.7873
33.5502348103312,21.39641,1,0,1,3,0,1,1,0,1,0.12,0,0,0,0,0,0,1,0.5554825,0.9322861,-7.451477,0,4.613936,0.06999995,-5.717897,0,63925002184.8539
33.6169026111191,21.47639,1,0,1,3,0,1,1,0,1,0.12,0,0,0,0,0,0,1,0.5554825,0.9322861,-7.451477,0,4.613936,0.06999995,-5.717897,0,63925002184.9201
33.6835712089141,21.53638,1,0,1,3,0,1,1,0,1,0.12,0,0,0,0,0,0,1,0.5554825,0.9322861,-7.451477,0,4.613936,0.06999995,-5.717897,0,63925002184.9873
33.7502390095716,21.61637,1,0,1,3,0,1,1,0,1,0.12,0,0,0,0,0,0,1,0.5554825,0.9322861,-7.451477,0,4.613936,0.06999995,-5.717897,0,63925002185.0539
33.8169071950515,21.69636,1,0,1,3,0,1,1,0,1,0.12,0,0,0,0,0,0,1,0.5554825,0.9322861,-7.451477,0,4.613936,0.06999995,-5.717897,0,63925002185.1196
33.8835755675969,21.75635,1,0,1,3,0,1,1,0,1,0.12,0,0,0,0,0,0,1,0.5554825,0.9322861,-7.451477,0,4.613936,0.06999995,-5.717897,0,63925002185.187
33.9335941305136,21.81634,1,0,1,3,0,1,1,0,1,0.12,0,0,0,0,0,0,1,0.5554825,0.9322861,-7.451477,0,4.613936,0.06999995,-5.717897,0,63925002185.2374
33.9999411534642,21.85633,1,0,1,3,0,1,1,0,1,0.12,0,0,0,0,0,0,1,0.5554825,0.9322861,-7.451477,0,4.613936,0.06999995,-5.717897,0,63925002185.3039
34.0501087248636,21.89632,1,0,1,3,0,1,1,0,1,0.12,0,0,0,0,0,0,1,0.5554825,0.9322861,-7.451477,0,4.613936,0.06999995,-5.717897,0,63925002185.3534
34.1167783069362,21.97631,1,0,1,3,0,1,1,0,1,0.12,0,0,0,0,0,0,1,0.5554825,0.9322861,-7.451477,0,4.613936,0.06999995,-5.717897,0,63925002185.4202
34.1834487323773,22.0363,1,0,1,3,0,1,1,0,1,0.12,0,0,0,0,0,0,1,0.5554825,0.9322861,-7.451477,0,4.613936,0.06999995,-5.717897,0,63925002185.4865
34.2501157478554,22.07629,1,0,1,3,0,1,1,0,1,0.12,0,0,0,0,0,0,1,0.5554825,0.9322861,-7.451477,0,4.613936,0.06999995,-5.717897,0,63925002185.5533
34.3168057648217,22.15628,1,0,1,3,0,1,1,0,1,0.12,0,0,0,0,0,0,1,0.5554825,0.9322861,-7.451477,0,4.613936,0.06999995,-5.717897,0,63925002185.6203
34.3834792865006,22.21627,1,0,1,3,0,1,1,0,1,0.12,0,0,0,0,0,0,1,0.5554825,0.9322861,-7.451477,0,4.613936,0.06999995,-5.717897,0,63925002185.6874
34.4501992619348,22.27626,1,0,1,3,0,1,1,0,1,0.12,0,0,0,0,0,0,1,0.5554825,0.9322861,-7.451477,0,4.613936,0.06999995,-5.717897,0,63925002185.7532
34.5168671585744,22.35625,1,0,1,3,0,1,1,0,1,0.12,0,0,0,0,0,0,1,0.5554825,0.9322861,-7.451477,0,4.613936,0.06999995,-5.717897,0,63925002185.8197
34.5836297905569,22.41624,1,0,1,3,0,1,1,0,1,0.12,0,0,0,0,0,0,1,0.5554825,0.9322861,-7.451477,0,4.613936,0.06999995,-5.717897,0,63925002185.8871
34.6502974880611,22.47623,1,0,1,3,0,1,1,0,1,0.12,0,0,0,0,0,0,1,0.5554825,0.9322861,-7.451477,0,4.613936,0.06999995,-5.717897,0,63925002185.9536
34.7170465947067,22.55621,1,0,1,3,0,1,1,0,1,0.12,0,0,0,0,0,0,1,0.5554825,0.9322861,-7.451477,0,4.613936,0.06999995,-5.717897,0,63925002186.0198
34.7670785033641,22.59621,1,0,1,3,0,1,1,0,1,0.12,0,0,0,0,0,0,1,0.5554825,0.9322861,-7.451477,0,4.613936,0.06999995,-5.717897,0,63925002186.0705
34.8173112392177,22.6562,1,0,1,3,0,1,1,0,1,0.12,0,0,0,0,0,0,1,0.5554825,0.9322861,-7.451477,0,4.613936,0.06999995,-5.717897,0,63925002186.1208
34.8839998336819,22.73618,1,0,1,3,0,1,1,0,1,0.12,0,0,0,0,0,0,1,0.5554825,0.9322861,-7.451477,0,4.613936,0.06999995,-5.717897,0,63925002186.1878
34.9509173990538,22.79617,1,0,1,3,0,1,1,0,1,0.12,0,0,0,0,0,0,1,0.5554825,0.9322861,-7.451477,0,4.613936,0.06999995,-5.717897,0,63925002186.2544
35.0170849389707,22.87616,1,0,1,3,0,1,1,0,1,0.12,0,0,0,0,0,0,1,0.5554825,0.9322861,-7.451477,0,4.613936,0.06999995,-5.717897,0,63925002186.3213
35.0834194055696,22.93615,1,0,1,3,0,1,1,0,1,0.12,0,0,0,0,0,0,1,0.5554825,0.9322861,-7.451477,0,4.613936,0.06999995,-5.717897,0,63925002186.3883
35.1336488835638,22.97614,1,0,1,3,0,1,1,0,1,0.12,0,0,0,0,0,0,1,0.5554825,0.9322861,-7.451477,0,4.613936,0.06999995,-5.717897,0,63925002186.4381
35.2003166804959,23.03613,1,0,1,3,0,1,1,0,1,0.12,0,0,0,0,0,0,1,0.5554825,0.9322861,-7.451477,0,4.613936,0.06999995,-5.717897,0,63925002186.5045
35.2670986260039,23.09612,1,0,1,3,0,1,1,0,1,0.12,0,0,0,0,0,0,1,0.5554825,0.9322861,-7.451477,0,4.613936,0.06999995,-5.717897,0,63925002186.5711
35.3337664249105,23.17611,1,0,1,3,0,1,1,0,1,0.12,0,0,0,0,0,0,1,0.5554825,0.9322861,-7.451477,0,4.613936,0.06999995,-5.717897,0,63925002186.6378
35.4005278490235,23.2361,1,0,1,3,0,1,1,0,1,0.12,0,0,0,0,0,0,1,0.5554825,0.9322861,-7.451477,0,4.613936,0.06999995,-5.717897,0,63925002186.7044
35.4672215240014,23.29609,1,0,1,3,0,1,1,0,1,0.12,0,0,0,0,0,0,1,0.5554825,0.9322861,-7.451477,0,4.613936,0.06999995,-5.717897,0,63925002186.7716
35.5338890277346,23.37608,1,0,1,3,0,1,1,0,1,0.12,0,0,0,0,0,0,1,0.5554825,0.9322861,-7.451477,0,4.613936,0.06999995,-5.717897,0,63925002186.8378
35.6005569243742,23.43607,1,0,1,3,0,1,1,0,1,0.12,0,0,0,0,0,0,1,0.5554825,0.9322861,-7.451477,0,4.613936,0.06999995,-5.717897,0,63925002186.9054
35.6675060459537,23.49606,1,0,1,3,0,1,1,0,1,0.12,0,0,0,0,0,0,1,0.5554825,0.9322861,-7.451477,0,4.613936,0.06999995,-5.717897,0,63925002186.9719
35.7175302532812,23.55605,1,0,1,3,0,1,1,0,1,0.12,0,0,0,0,0,0,1,0.5554825,0.9322861,-7.451477,0,4.613936,0.06999995,-5.717897,0,63925002187.0225
35.7677026745801,23.61604,1,0,1,3,0,1,1,0,1,0.12,0,0,0,0,0,0,1,0.5554825,0.9322861,-7.451477,0,4.613936,0.06999995,-5.717897,0,63925002187.0726
35.8177659805243,23.67603,1,0,1,3,0,1,1,0,1,0.12,0,0,0,0,0,0,1,0.5554825,0.9322861,-7.451477,0,4.613936,0.06999995,-5.717897,0,63925002187.1228
35.8679327410956,23.71602,1,0,1,3,0,1,1,0,1,0.12,0,0,0,0,0,0,1,0.5554825,0.9322861,-7.451477,0,4.613936,0.06999995,-5.717897,0,63925002187.1716
35.9346006435653,23.79601,1,0,1,3,0,1,1,0,1,0.12,0,0,0,0,0,0,1,0.5554825,0.9322861,-7.451477,0,4.613936,0.06999995,-5.717897,0,63925002187.2392
36.0007986780194,23.856,1,0,1,3,0,1,1,0,1,0.12,0,0,0,0,0,0,1,0.5554825,0.9322861,-7.451477,0,4.613936,0.06999995,-5.717897,0,63925002187.3063
36.0667999003579,23.91599,1,0,1,3,0,1,1,0,1,0.12,0,0,0,0,0,0,1,0.5554825,0.9322861,-7.451477,0,4.613936,0.06999995,-5.717897,0,63925002187.3728
36.11699153093,23.97598,1,0,1,3,0,1,1,0,1,0.12,0,0,0,0,0,0,1,0.5554825,0.9322861,-7.451477,0,4.613936,0.06999995,-5.717897,0,63925002187.4227
