time,elapsed,local,host,charge,windup,active,remaining,circles,sky,frontStun,rearStun,casterStun,frontElement,centreX,centreZ,casterX,casterZ,gameTime,realTime,frameDelta,frontX,frontZ,rearX,rearZ
14.5136643559067,0.01999664,1,0,0,0,0,0,0,0,0,0,0,0,0,0,0,-8,11.2705679209184,14.7313831002834,0.01393729,3.5,-8,0,7
14.5640680325287,0.07998657,1,0,0,0,0,0,0,0,0,0,0,0,0,0,0,-8,11.3214807256236,14.7799449002834,0.002529004,3.5,-8,0,7
14.6150402576872,0.1199799,1,0,0,0,0,0,0,0,0,0,0,0,0,0,0,-8,11.372967821712,14.8305676002834,0.002860899,3.5,-8,0,7
14.6677166762901,0.1799698,1,0,0,0,0,0,0,0,0,0,0,0,0,0,0,-8,11.4261763251134,14.8838050002834,0.003381604,3.5,-8,0,7
14.7199633299699,0.2199631,1,0,0,0,0,0,0,0,0,0,0,0,0,0,0,-8,11.4789507227891,14.9369458002834,0.003498002,3.5,-8,0,7
14.7714892659988,0.8798523,1,0,0,0,0,0,0,0,0,0,0,0,0,0,0,-8,11.5309971230159,14.9886079002834,0.003832299,3.5,-8,0,7
14.8218021578924,0.9398422,1,0,0,0,0,0,0,0,0,0,0,0,0,0,0,-8,11.5818182256236,15.0404325002834,0.003700702,3.5,-8,0,7
14.8728992277267,0.9798355,1,0,0,0,0,0,0,0,0,0,0,0,0,0,0,-8,11.6334314271542,15.0910556002834,0.003429103,3.5,-8,0,7
14.9232227054401,1.039825,1,0,0,0,0,0,0,0,0,0,0,0,0,0,0,-8,11.6842632227891,15.1420181002834,0.003447499,3.5,-8,0,7
14.973815860427,1.099815,1,0,0,0,0,0,0,0,0,0,0,0,0,0,0,-8,11.7346726261338,15.1929820002834,0.003509899,3.5,-8,0,7
15.0254280696553,1.159805,1,0,0,0,0,0,0,0,0,0,0,0,0,0,0,-8,11.7857738236961,15.2435266002834,0.004444303,3.5,-8,0,7
15.0791843109811,1.199799,1,0,0,0,0,0,0,0,0,0,0,0,0,0,0,-8,11.8389978245465,15.2973160002834,0.004430903,3.5,-8,0,7
15.1308744965657,1.259789,1,0,0,0,0,0,0,0,0,0,0,0,0,0,0,-8,11.890176225907,15.3482970002834,0.003648802,3.5,-8,0,7
15.1843846005457,1.319778,1,0,0,0,0,0,0,0,0,0,0,0,0,0,0,-8,11.9431565263605,15.4021256002834,0.003824199,3.5,-8,0,7
15.236991357645,1.359772,1,0,0,0,0,0,0,0,0,0,0,0,0,0,0,-8,11.9952424248866,15.4535024002834,0.004139399,3.5,-8,0,7
15.2926474107383,1.419762,1,0,0,0,0,0,0,0,0,0,0,0,0,0,0,-8,12.0503474277211,15.5084857002834,0.005829904,3.5,-8,0,7
15.3438265343127,1.479752,1,0,0,0,0,0,0,0,0,0,0,0,0,0,0,-8,12.1010198270975,15.5602464002834,0.003970203,3.5,-8,0,7
15.395573574747,1.519745,1,0,0,0,0,0,0,0,0,0,0,0,0,0,0,-8,12.1522545209751,15.6098188002834,0.004195699,3.5,-8,0,7
15.4491974102962,1.579735,1,0,0,0,0,0,0,0,0,0,0,0,0,0,0,-8,12.2053474277211,15.6628254002834,0.004130903,3.5,-8,0,7
15.500528234439,1.619728,1,0,0,0,0,0,0,0,0,0,0,0,0,0,0,-8,12.2561700255102,15.7136502002834,0.003766298,3.5,-8,0,7
15.5536765571916,1.679718,1,0,0,0,0,0,0,0,0,0,0,0,0,0,0,-8,12.3087921272676,15.7668324002834,0.003906101,3.5,-8,0,7
15.6060346515733,1.739708,1,0,0,0,0,0,0,0,0,0,0,0,0,0,0,-8,12.3606318239796,15.8195795002834,0.0033545,3.5,-8,0,7
15.6594130517263,1.779701,1,0,0,0,0,0,0,0,0,0,0,0,0,0,0,-8,12.4134817247732,15.8711953002834,0.0039571,3.5,-8,0,7
15.7099260769924,1.839691,1,0,0,0,0,0,0,0,0,0,0,0,0,0,0,-8,12.4634946215986,15.9216990002834,0.003953997,3.5,-8,0,7
15.7617754419055,1.879684,1,0,0,0,0,0,0,0,0,0,0,0,0,0,0,-8,12.5148306264172,15.9731188002834,0.0032581,3.5,-8,0,7
15.8150640496705,1.959671,1,0,0,0,0,0,0,0,0,0,0,0,0,0,0,-8,12.5675916241497,16.0259035002834,0.0041759,3.5,-8,0,7
15.8663049883023,1.999664,1,0,0,0,0,0,0,0,0,0,0,0,0,0,0,-8,12.6183252267574,16.0760605002834,0.002756902,3.5,-8,0,7
15.9178712422983,2.059654,1,0,0,0,0,0,0,0,0,0,0,0,0,0,0,-8,12.6693809240363,16.1276108002834,0.002665299,3.5,-8,0,7
15.9679599707411,2.099648,1,0,0,0,0,0,0,0,0,0,0,0,0,0,0,-8,12.7189737244898,16.1764573002834,0.002730697,3.5,-8,0,7
16.019355837733,2.159637,1,0,0,0,0,0,0,0,0,0,0,0,0,0,0,-8,12.7698607213719,16.2274205002834,0.002741596,3.5,-8,0,7
16.0714262901549,2.199631,1,0,0,0,0,0,0,0,0,0,0,0,0,0,0,-8,12.821415625,16.2796307002834,0.002418098,3.5,-8,0,7
16.1237888285704,2.239624,1,0,0,0,0,0,0,0,0,0,0,0,0,0,0,-8,12.8732597222222,16.3308613002834,0.0026937,3.5,-8,0,7
16.1747580791311,2.299614,1,0,0,0,0,0,0,0,0,0,0,0,0,0,0,-8,12.9237243268141,16.3818549002834,0.002913003,3.5,-8,0,7
16.2274450313114,2.339607,1,0,0,0,0,0,0,0,0,0,0,0,0,0,0,-8,12.9758896258503,16.4336265002834,0.003586699,3.5,-8,0,7
16.2790898620244,2.399597,1,0,0,0,0,0,0,0,0,0,0,0,0,0,0,-8,13.0270231221655,16.4851183002834,0.003667396,3.5,-8,0,7
16.3315606796136,2.43959,1,0,0,0,0,0,0,0,0,0,0,0,0,0,0,-8,13.0789744260204,16.5368559002834,0.004171103,3.5,-8,0,7
16.3820521299704,2.49958,1,0,0,0,0,0,0,0,0,0,0,0,0,0,0,-8,13.1294691255669,16.5874183002834,0.003264101,3.5,-8,0,7
16.4324564751191,2.539574,1,0,0,0,0,0,0,0,0,0,0,0,0,0,0,-8,13.1798573270975,16.6373725002834,0.002688506,3.5,-8,0,7
16.4827123559895,2.599564,1,0,0,0,0,0,0,0,0,0,0,0,0,0,0,-8,13.2301319231859,16.6878741002834,0.002810098,3.5,-8,0,7
16.5349583875691,2.659554,1,0,0,0,0,0,0,0,0,0,0,0,0,0,0,-8,13.2823446215986,16.7410504002834,0.002503897,3.5,-8,0,7
16.5857250139955,2.699547,1,0,0,0,0,0,0,0,0,0,0,0,0,0,0,-8,13.333126225907,16.7905866002834,0.002317999,3.5,-8,0,7
16.635884161382,2.759537,1,0,0,0,0,0,0,0,0,0,0,0,0,0,0,-8,13.3832841269841,16.8426200002834,0.0040759,3.5,-8,0,7
16.688678527372,2.79953,1,0,0,0,0,0,0,0,0,0,0,0,0,0,0,-8,13.4360994260204,16.8942637002834,0.002850305,3.5,-8,0,7
16.7397449563816,2.85952,1,0,0,0,0,0,0,0,0,0,0,0,0,0,0,-8,13.4871363236961,16.9448672002834,0.002992198,3.5,-8,0,7
16.7915681422967,2.899513,1,0,0,0,0,0,0,0,0,0,0,0,0,0,0,-8,13.5389508219955,16.9967432002834,0.0030545,3.5,-8,0,7
16.8439212070522,2.959503,1,0,0,0,0,0,0,0,0,0,0,0,0,0,0,-8,13.591314824263,17.0492883002834,0.003911402,3.5,-8,0,7
16.900534917668,3.019493,1,0,0,0,0,0,0,0,0,0,0,0,0,0,0,-8,13.6478863236961,17.1066868002834,0.007889101,3.5,-8,0,7
16.9544280925486,3.079483,1,0,0,0,0,0,0,0,0,0,0,0,0,0,0,-8,13.7017679209184,17.1610193002834,0.004593396,3.5,-8,0,7
17.0052558868867,3.119476,1,0,0,0,0,0,0,0,0,0,0,0,0,0,0,-8,13.7524624220522,17.2102272002834,0.003315497,3.5,-8,0,7
17.0558282612427,3.179466,1,0,0,0,0,0,0,0,0,0,0,0,0,0,0,-8,13.8029923256803,17.2619410002834,0.004068601,3.5,-8,0,7
17.1077394826594,3.21946,1,0,0,0,0,0,0,0,0,0,0,0,0,0,0,-8,13.8548940263605,17.3130155002834,0.0031045,3.5,-8,0,7
17.1596986250486,3.279449,1,0,0,0,0,0,0,0,0,0,0,0,0,0,0,-8,13.9069093253968,17.3647291002834,0.005229904,3.5,-8,0,7
17.2115369335096,3.319443,1,0,0,0,0,0,0,0,0,0,0,0,0,0,0,-8,13.9587246244331,17.4167430002834,0.003007398,3.5,-8,0,7
17.2633278571512,3.379433,1,0,0,0,0,0,0,0,0,0,0,0,0,0,0,-8,14.0105346230159,17.4681775002834,0.003268396,3.5,-8,0,7
17.3153045868617,3.439423,1,0,0,0,0,0,0,0,0,0,0,0,0,0,0,-8,14.0624720238095,17.5212935002834,0.003701899,3.5,-8,0,7
17.3666383526241,3.479416,1,0,0,0,0,0,0,0,0,0,0,0,0,0,0,-8,14.1138007227891,17.5715076002834,0.003534297,3.5,-8,0,7
17.4194133692258,3.539406,1,0,0,0,0,0,0,0,0,0,0,0,0,0,0,-8,14.1665689271542,17.6242504002834,0.003861706,3.5,-8,0,7
17.4705361684109,3.579399,1,0,0,0,0,0,0,0,0,0,0,0,0,0,0,-8,14.2177332270408,17.6757137002834,0.0024063,3.5,-8,0,7
17.5211528849555,3.639389,1,0,0,0,0,0,0,0,0,0,0,0,0,0,0,-8,14.2683560232426,17.7265274002834,0.003645798,3.5,-8,0,7
17.571366737294,3.679382,1,0,0,0,0,0,0,0,0,0,0,0,0,0,0,-8,14.3185140235261,17.7761899002834,0.003572697,3.5,-8,0,7
17.622517148077,3.739372,1,0,0,0,0,0,0,0,0,0,0,0,0,0,0,-8,14.3697070223923,17.8272201002834,0.003289895,3.5,-8,0,7
17.6745254151709,3.799362,1,0,0,0,0,0,0,0,0,0,0,0,0,0,0,-8,14.4216927225057,17.8805263002834,0.003246095,3.5,-8,0,7
17.7272945245588,3.839355,1,0,0,0,0,0,0,0,0,0,0,0,0,0,0,-8,14.4744767219388,17.9320782002834,0.003363995,3.5,-8,0,7
17.7784187004669,3.899345,1,0,0,0,0,0,0,0,0,0,0,0,0,0,0,-8,14.5255850269274,17.9836908002834,0.003423703,3.5,-8,0,7
17.8307020277064,3.939339,1,0,0,0,0,0,0,0,0,0,0,0,0,0,0,-8,14.5778612244898,18.0356432002834,0.003021499,3.5,-8,0,7
17.8838363604061,3.999329,1,0,0,0,0,0,0,0,0,0,0,0,0,0,0,-8,14.6310420209751,18.0889881002834,0.0035107,3.5,-8,0,7
17.9360151665681,4.059319,1,0,0,0,0,0,0,0,0,0,0,0,0,0,0,-8,14.6831486252834,18.1418773002834,0.0052179,3.5,-8,0,7
17.9887643560581,4.099312,1,0,0,0,0,0,0,0,0,0,0,0,0,0,0,-8,14.7363416241497,18.1939512002834,0.003636302,3.5,-8,0,7
18.0394120608945,4.159302,1,0,0,0,0,0,0,0,0,0,0,0,0,0,0,-8,14.7875009212018,18.2452187002834,0.004176594,3.5,-8,0,7
18.0895717030787,4.199295,1,0,0,0,0,0,0,0,0,0,0,0,0,0,0,-8,14.8381672264739,18.2959163002834,0.003862004,3.5,-8,0,7
18.1400914973277,4.259285,1,0,0,0,0,0,0,0,0,0,0,0,0,0,0,-8,14.8891973214286,18.3468138002834,0.004044699,3.5,-8,0,7
18.1930460091634,4.319275,1,0,0,0,0,0,0,0,0,0,0,0,0,0,0,-8,14.9426867276077,18.4019837002834,0.003693807,3.5,-8,0,7
18.2439262390276,4.379265,1,0,0,0,0,0,0,0,0,0,0,0,0,0,0,-8,14.993702026644,18.4522476002834,0.0030929,3.5,-8,0,7
18.2974308509706,4.439255,1,0,0,0,0,0,0,0,0,0,0,0,0,0,0,-8,15.0472336238662,18.5061562002834,0.006331002,3.5,-8,0,7
18.3497432462033,4.479248,1,0,0,0,0,0,0,0,0,0,0,0,0,0,0,-8,15.0995194231859,18.5573327002834,0.0044437,3.5,-8,0,7
18.4011696351133,4.539238,1,0,0,0,0,0,0,0,0,0,0,0,0,0,0,-8,15.1509183248299,18.6093108002834,0.003194799,3.5,-8,0,7
18.4534392650123,4.599228,1,0,0,0,0,0,0,0,0,0,0,0,0,0,0,-8,15.2031996244331,18.6631279002834,0.003381498,3.5,-8,0,7
18.5056932784361,4.619225,1,0,0,0,0,0,0,0,0,0,0,0,0,0,0,-8,15.2554044217687,18.7131422002834,0.003665696,3.5,-8,0,7
18.5574296192639,4.679214,1,0,0,0,0,0,0,0,0,0,0,0,0,0,0,-8,15.3071607213719,18.7648091002834,0.003884899,3.5,-8,0,7
18.6077152564516,4.719208,1,0,0,0,0,0,0,0,0,0,0,0,0,0,0,-8,15.3574335246599,18.8150216002834,0.002841001,3.5,-8,0,7
18.65895597314,4.779198,1,0,0,0,0,0,0,0,0,0,0,0,0,0,0,-8,15.4086574263039,18.8663087002834,0.004564605,3.5,-8,0,7
18.7102843997208,4.839188,1,0,0,0,0,0,0,0,0,0,0,0,0,0,0,-8,15.4600599277211,18.9200935002834,0.003853302,3.5,-8,0,7
18.7632837199513,4.879181,1,0,0,0,0,0,0,0,0,0,0,0,0,0,0,-8,15.5130477253401,18.9706779002834,0.004044799,3.5,-8,0,7
18.8168735808623,4.939171,1,0,0,0,0,0,0,0,0,0,0,0,0,0,0,-8,15.5666018211451,19.0241157002834,0.003620096,3.5,-8,0,7
18.8688043242018,4.979164,1,0,0,0,0,0,0,0,0,0,0,0,0,0,0,-8,15.6185370252268,19.0769223002834,0.003202303,3.5,-8,0,7
18.921322382791,5.039154,1,0,0,0,0,0,0,0,0,0,0,0,0,0,0,-8,15.6710607213719,19.1287438002834,0.004423597,3.5,-8,0,7
18.9734719628654,5.099144,1,0,0,0,0,0,0,0,0,0,0,0,0,0,0,-8,15.7229916241497,19.1813135002834,0.003015497,3.5,-8,0,7
19.0253133464651,5.139137,1,0,0,0,0,0,0,0,0,0,0,0,0,0,0,-8,15.7743720238095,19.2323063002834,0.0026563,3.5,-8,0,7
19.0763526310702,5.199127,1,0,0,0,0,0,0,0,0,0,0,0,0,0,0,-8,15.8254583262472,19.2831137002834,0.0035705,3.5,-8,0,7
19.1279832794168,5.23912,1,0,0,0,0,0,0,0,0,0,0,0,0,0,0,-8,15.8770740221088,19.3359802002834,0.003122399,3.5,-8,0,7
19.1786777304299,5.29911,1,0,0,0,0,0,0,0,0,0,0,0,0,0,0,-8,15.9277620252268,19.3861415002834,0.002955102,3.5,-8,0,7
19.2322880072729,5.3591,1,0,0,0,0,0,0,0,0,0,0,0,0,0,0,-8,15.9813688208617,19.4400388002834,0.003675694,3.5,-8,0,7
19.2825910337875,5.399094,1,0,0,0,0,0,0,0,0,0,0,0,0,0,0,-8,16.0316371244331,19.4894203002834,0.0046035,3.5,-8,0,7
19.3340037899953,5.459084,1,0,0,0,0,0,0,0,0,0,0,0,0,0,0,-8,16.0831103245465,19.5419180002834,0.003916,3.5,-8,0,7
19.3858611053764,5.499077,1,0,0,0,0,0,0,0,0,0,0,0,0,0,0,-8,16.1349304209184,19.5924236002834,0.003570996,3.5,-8,0,7
19.4358950713533,5.559067,1,0,0,0,0,0,0,0,0,0,0,0,0,0,0,-8,16.1849498228458,19.6429048002834,0.004828295,3.5,-8,0,7
19.4879347759113,5.59906,1,0,0,0,0,0,0,0,0,0,0,0,0,0,0,-8,16.2370464214853,19.6948784002834,0.003766497,3.5,-8,0,7
19.5388524345122,5.65905,1,0,0,0,0,0,0,0,0,0,0,0,0,0,0,-8,16.2879207270408,19.7454877002834,0.002844005,3.5,-8,0,7
19.5903314684238,5.699043,1,0,0,0,0,0,0,0,0,0,0,0,0,0,0,-8,16.3394081207483,19.7973901002834,0.002176899,3.5,-8,0,7
19.6424501390429,5.759033,1,0,0,0,0,0,0,0,0,0,0,0,0,0,0,-8,16.3915142219388,19.8493433002834,0.002693098,3.5,-8,0,7
19.6937383109168,5.819023,1,0,0,0,0,0,0,0,0,0,0,0,0,0,0,-8,16.4428069231859,19.9016581002834,0.003237798,3.5,-8,0,7
19.745762609588,5.859016,1,0,0,0,0,0,0,0,0,0,0,0,0,0,0,-8,16.4948235260771,19.9533683002834,0.003786905,3.5,-8,0,7
19.7972368939221,5.919006,1,0,0,0,0,0,0,0,0,0,0,0,0,0,0,-8,16.546302324263,20.0044718002834,0.0031286,3.5,-8,0,7
19.8487524257344,5.959,1,0,0,0,0,0,0,0,0,0,0,0,0,0,0,-8,16.5978154265873,20.0559962002834,0.003298002,3.5,-8,0,7
19.8992181969574,6.01899,1,0,0,0,0,0,0,0,0,0,0,0,0,0,0,-8,16.6482679209184,20.1061453002834,0.0038009,3.5,-8,0,7
19.9497567770816,6.058983,1,0,0,0,0,0,0,0,0,0,0,0,0,0,0,-8,16.6988073270975,20.1564841002834,0.004093906,3.5,-8,0,7
19.9997834309959,6.118973,1,0,0,0,0,0,0,0,0,0,0,0,0,0,0,-8,16.7485741213152,20.2066441002834,0.003970295,3.5,-8,0,7
20.0501391359861,6.158966,1,0,0,0,0,0,0,0,0,0,0,0,0,0,0,-8,16.7989749220522,20.2570184002834,0.003340894,3.5,-8,0,7
20.1026557546994,6.218956,1,0,0,0,0,0,0,0,0,0,0,0,0,0,0,-8,16.8514469246032,20.3096311002834,0.003304904,3.5,-8,0,7
20.1570866978751,6.278946,1,0,0,0,0,0,0,0,0,0,0,0,0,0,0,-8,16.9058571215986,20.3637931002834,0.004706895,3.5,-8,0,7
20.2079251500801,6.318939,1,0,0,0,0,0,0,0,0,0,0,0,0,0,0,-8,16.9567593253968,20.4148682002834,0.002927303,3.5,-8,0,7
20.2604225362907,6.378929,1,0,0,0,0,0,0,0,0,0,0,0,0,0,0,-8,17.0092466269841,20.4669158002834,0.003322506,3.5,-8,0,7
20.3130476335017,6.438919,1,0,0,0,0,0,0,0,0,0,0,0,0,0,0,-8,17.0618707270408,20.5201709002834,0.002868799,3.5,-8,0,7
20.3643442537519,6.478912,1,0,0,0,0,0,0,0,0,0,0,0,0,0,0,-8,17.1131690263605,20.5711519002834,0.003045599,3.5,-8,0,7
20.415145898324,6.538902,1,0,0,0,0,0,0,0,0,0,0,0,0,0,0,-8,17.1639765235261,20.6220450002834,0.003390101,3.5,-8,0,7
20.4672420142312,6.578896,1,0,0,0,0,0,0,0,0,0,0,0,0,0,0,-8,17.2160807256236,20.6737961002834,0.003169104,3.5,-8,0,7
20.5185043600365,6.638885,1,0,0,0,0,0,0,0,0,0,0,0,0,0,0,-8,17.2672891227324,20.7256507002834,0.0036687,3.5,-8,0,7
20.5691086557321,6.678879,1,0,0,0,0,0,0,0,0,0,0,0,0,0,0,-8,17.3179389243197,20.7761395002834,0.003376198,3.5,-8,0,7
20.6207693417231,6.738869,1,0,0,0,0,0,0,0,0,0,0,0,0,0,0,-8,17.3695567247732,20.8275152002834,0.0028357,3.5,-8,0,7
20.6734400482173,6.798859,1,0,0,0,0,0,0,0,0,0,0,0,0,0,0,-8,17.4222209254535,20.8810611002834,0.003631101,3.5,-8,0,7
20.7244473581878,6.838852,1,0,0,0,0,0,0,0,0,0,0,0,0,0,0,-8,17.4732809240363,20.9309598002834,0.003597002,3.5,-8,0,7
20.7760408836859,6.898842,1,0,0,0,0,0,0,0,0,0,0,0,0,0,0,-8,17.5248710246599,20.9831537002834,0.004082901,3.5,-8,0,7
20.8264651694428,6.938835,1,0,0,0,0,0,0,0,0,0,0,0,0,0,0,-8,17.5752996244331,21.0331044002834,0.003641603,3.5,-8,0,7
20.8776206815802,6.998825,1,0,0,0,0,0,0,0,0,0,0,0,0,0,0,-8,17.6264504251701,21.0839146002834,0.003012103,3.5,-8,0,7
20.9282298002462,7.038818,1,0,0,0,0,0,0,0,0,0,0,0,0,0,0,-8,17.6770618268141,21.1351082002834,0.003578905,3.5,-8,0,7
20.9812766105146,7.098808,1,0,0,0,0,0,0,0,0,0,0,0,0,0,0,-8,17.7303640235261,21.1883221002834,0.003752898,3.5,-8,0,7
21.0364952493063,7.158798,1,0,0,0,0,0,0,0,0,0,0,0,0,0,0,-8,17.7861404265873,21.2438099002834,0.005314201,3.5,-8,0,7
21.0884312443831,7.198792,1,0,0,0,0,0,0,0,0,0,0,0,0,0,0,-8,17.8386010274943,21.2970148002834,0.0037991,3.5,-8,0,7
21.1411658704421,7.258781,1,0,0,0,0,0,0,0,0,0,0,0,0,0,0,-8,17.891690922619,21.3498864002834,0.002967397,3.5,-8,0,7
21.1925607839716,7.318771,1,0,0,0,0,0,0,0,0,0,0,0,0,0,0,-8,17.9430615221088,21.4017756002834,0.003293601,3.5,-8,0,7
21.2428593862685,7.358765,1,0,0,0,0,0,0,0,0,0,0,0,0,0,0,-8,17.9933381235828,21.4510414002834,0.003840802,3.5,-8,0,7
21.2968337015202,7.418755,1,0,0,0,0,0,0,0,0,0,0,0,0,0,0,-8,18.0472977253401,21.5056695002834,0.004048902,3.5,-8,0,7
21.3490547504113,7.458748,1,0,0,0,0,0,0,0,0,0,0,0,0,0,0,-8,18.0995950255102,21.5577676002834,0.004241702,3.5,-8,0,7
21.4029053661274,7.518738,1,0,0,0,0,0,0,0,0,0,0,0,0,0,0,-8,18.1533999220522,21.6112048002834,0.004468998,3.5,-8,0,7
21.4536442904198,7.578728,1,0,0,0,0,0,0,0,0,0,0,0,0,0,0,-8,18.2041155257937,21.6618424002834,0.003884701,3.5,-8,0,7
21.5050941363163,7.618721,1,0,0,0,0,0,0,0,0,0,0,0,0,0,0,-8,18.2556210246599,21.7138414002834,0.003093998,3.5,-8,0,7
21.5555915201851,7.678711,1,0,0,0,0,0,0,0,0,0,0,0,0,0,0,-8,18.3061071215986,21.7636602002834,0.005491794,3.5,-8,0,7
21.6081575878966,7.718704,1,0,0,0,0,0,0,0,0,0,0,0,0,0,0,-8,18.3586650226757,21.8163459002834,0.002973398,3.5,-8,0,7
21.6595500381012,7.778694,1,0,0,0,0,0,0,0,0,0,0,0,0,0,0,-8,18.4100687216553,21.8678601002834,0.003704996,3.5,-8,0,7
21.7107833347842,7.838684,1,0,0,0,0,0,0,0,0,0,0,0,0,0,0,-8,18.4613158234127,21.9206280002834,0.0035446,3.5,-8,0,7
21.7630730774417,7.878677,1,0,0,0,0,0,0,0,0,0,0,0,0,0,0,-8,18.5135468253968,21.9722162002834,0.003605102,3.5,-8,0,7
21.8131689627958,7.938667,1,0,0,0,0,0,0,0,0,0,0,0,0,0,0,-8,18.5636788265306,22.0237263002834,0.004098002,3.5,-8,0,7
21.8667850103066,7.978661,1,0,0,0,0,0,0,0,0,0,0,0,0,0,0,-8,18.6172607213719,22.0751320002834,0.003789498,3.5,-8,0,7
21.9182027446036,8.038651,1,0,0,0,0,0,0,0,0,0,0,0,0,0,0,-8,18.6687287273243,22.1272460002834,0.005094204,3.5,-8,0,7
21.9699285566947,8.09864,1,0,0,0,0,0,0,0,0,0,0,0,0,0,0,-8,18.7201937216553,22.1792705002834,0.0034598,3.5,-8,0,7
22.0234056370682,8.138634,1,0,0,0,0,0,0,0,0,0,0,0,0,0,0,-8,18.7731413265306,22.2307072002834,0.003988605,3.5,-8,0,7
22.0769942171173,8.198624,1,0,0,0,0,0,0,0,0,0,0,0,0,0,0,-8,18.8261993268141,22.2837619002834,0.0037679,3.5,-8,0,7
22.1298148912587,8.238617,1,0,0,0,0,0,0,0,0,0,0,0,0,0,0,-8,18.8784970238095,22.3361428002834,0.003259503,3.5,-8,0,7
22.1798966491199,8.298607,1,0,0,0,0,0,0,0,0,0,0,0,0,0,0,-8,18.9280829223356,22.3860614002834,0.002503997,3.5,-8,0,7
22.2299520468386,8.3386,1,0,0,0,0,0,0,0,0,0,0,0,0,0,0,-8,18.9776427225057,22.4351729002834,0.002743197,3.5,-8,0,7
22.2807087913109,8.39859,1,0,0,0,0,0,0,0,0,0,0,0,0,0,0,-8,19.0278969246032,22.4857695002834,0.002825999,3.5,-8,0,7
22.3324831078318,8.438583,1,0,0,0,0,0,0,0,0,0,0,0,0,0,0,-8,19.0791586238662,22.5368963002834,0.002632901,3.5,-8,0,7
22.3834685119311,8.498573,1,0,0,0,0,0,0,0,0,0,0,0,0,0,0,-8,19.1296392219388,22.5874579002834,0.0027081,3.5,-8,0,7
22.4347179202456,8.558563,1,0,0,0,0,0,0,0,0,0,0,0,0,0,0,-8,19.180590327381,22.6399556002834,0.003111402,3.5,-8,0,7
22.4878904612688,8.598557,1,0,0,0,0,0,0,0,0,0,0,0,0,0,0,-8,19.2338274234694,22.6917512002834,0.004675298,3.5,-8,0,7
22.5393262222037,8.658546,1,0,0,0,0,0,0,0,0,0,0,0,0,0,0,-8,19.2852089214853,22.7438383002834,0.005218098,3.5,-8,0,7
22.5894391960511,8.69854,1,0,0,0,0,0,0,0,0,0,0,0,0,0,0,-8,19.3353245252268,22.7929000002834,0.003808999,3.5,-8,0,7
22.6425132436678,8.75853,1,0,0,0,0,0,0,0,0,0,0,0,0,0,0,-8,19.3884158234127,22.8463654002834,0.003216199,3.5,-8,0,7
22.6941497088596,8.81852,1,0,0,0,0,0,0,0,0,0,0,0,0,0,0,-8,19.4400459254535,22.8983444002834,0.003013705,3.5,-8,0,7
22.7451674693357,8.858513,1,0,0,0,0,0,0,0,0,0,0,0,0,0,0,-8,19.491077324263,22.9489649002834,0.002720699,3.5,-8,0,7
22.796533173637,8.918503,1,0,0,0,0,0,0,0,0,0,0,0,0,0,0,-8,19.5424199263039,23.0007517002834,0.002513605,3.5,-8,0,7
22.847560959477,8.958496,1,0,0,0,0,0,0,0,0,0,0,0,0,0,0,-8,19.5934907242063,23.0521670002834,0.003346103,3.5,-8,0,7
22.9009563043015,9.018486,1,0,0,0,0,0,0,0,0,0,0,0,0,0,0,-8,19.646879223356,23.1049479002834,0.003861997,3.5,-8,0,7
22.9536521310406,9.058479,1,0,0,0,0,0,0,0,0,0,0,0,0,0,0,-8,19.6995629251701,23.1573191002834,0.003458404,3.5,-8,0,7
23.00943437248,9.118469,1,0,0,0,0,0,0,0,0,0,0,0,0,0,0,-8,19.7559086238662,23.2143683002834,0.0063375,3.5,-8,0,7
23.0616547961463,9.178459,1,0,0,0,0,0,0,0,0,0,0,0,0,0,0,-8,19.8086565263605,23.2664301002834,0.002919204,3.5,-8,0,7
23.1133593276911,9.238449,1,0,0,0,0,0,0,0,0,0,0,0,0,0,0,-8,19.8608833262472,23.3203083002834,0.003594501,3.5,-8,0,7
23.1638374438905,9.278442,1,0,0,0,0,0,0,0,0,0,0,0,0,0,0,-8,19.9118713222789,23.3698213002834,0.003856498,3.5,-8,0,7
23.2166574094375,9.338432,1,0,0,0,0,0,0,0,0,0,0,0,0,0,0,-8,19.9652248228458,23.4233742002834,0.003721301,3.5,-8,0,7
23.2692800693633,9.378426,1,0,0,0,0,0,0,0,0,0,0,0,0,0,0,-8,20.0183790249433,23.4765224002834,0.003118197,3.5,-8,0,7
23.3213488383172,9.438416,1,0,0,0,0,0,0,0,0,0,0,0,0,0,0,-8,20.0709069231859,23.5286052002834,0.003307497,3.5,-8,0,7
23.3723745466373,9.498405,1,0,0,0,0,0,0,0,0,0,0,0,0,0,0,-8,20.1219321215986,23.5805877002834,0.0029875,3.5,-8,0,7
23.4245014846558,9.538399,1,0,0,0,0,0,0,0,0,0,0,0,0,0,0,-8,20.1740907242063,23.6319049002834,0.002878501,3.5,-8,0,7
23.4771705282247,9.598389,1,0,0,0,0,0,0,0,0,0,0,0,0,0,0,-8,20.2267174248866,23.6843513002834,0.0039214,3.5,-8,0,7
23.5294588740473,9.638382,1,0,0,0,0,0,0,0,0,0,0,0,0,0,0,-8,20.2790054209184,23.7368720002834,0.003127296,3.5,-8,0,7
23.5820527006104,9.698372,1,0,0,0,0,0,0,0,0,0,0,0,0,0,0,-8,20.3316370252268,23.7896332002834,0.002996003,3.5,-8,0,7
23.6357362534991,9.758362,1,0,0,0,0,0,0,0,0,0,0,0,0,0,0,-8,20.3853242276077,23.8433816002834,0.004253302,3.5,-8,0,7
23.6875138759869,9.798355,1,0,0,0,0,0,0,0,0,0,0,0,0,0,0,-8,20.4370990221088,23.8949029002834,0.002910601,3.5,-8,0,7
23.7379809410218,9.858345,1,0,0,0,0,0,0,0,0,0,0,0,0,0,0,-8,20.487540625,23.9457426002834,0.003009503,3.5,-8,0,7
23.7897505531437,9.898338,1,0,0,0,0,0,0,0,0,0,0,0,0,0,0,-8,20.5393394274376,23.9969145002834,0.002888202,3.5,-8,0,7
23.8400102962204,9.958328,1,0,0,0,0,0,0,0,0,0,0,0,0,0,0,-8,20.5895661210317,24.0477652002834,0.002825595,3.5,-8,0,7
23.8928329585819,10.01832,1,0,0,0,0,0,0,0,0,0,0,0,0,0,0,-8,20.642393622449,24.1008628002834,0.002812195,3.5,-8,0,7
23.9430292004044,10.05831,1,0,0,0,0,0,0,0,0,0,0,0,0,0,0,-8,20.6925836238662,24.1503392002834,0.0032473,3.5,-8,0,7
23.9976892345375,10.1183,1,0,0,0,0,0,0,0,0,0,0,0,0,0,0,-8,20.7470507227891,24.2055650002834,0.005236898,3.5,-8,0,7
24.0502803200739,10.15829,1,0,0,0,0,0,0,0,0,0,0,0,0,0,0,-8,20.7996162273243,24.2573032002834,0.004193601,3.5,-8,0,7
24.102489150858,10.21828,1,0,0,0,0,0,0,0,0,0,0,0,0,0,0,-8,20.8518282242063,24.3102311002834,0.003925503,3.5,-8,0,7
24.1562563261809,10.27827,1,0,0,0,0,0,0,0,0,0,0,0,0,0,0,-8,20.9055896258503,24.3632433002834,0.0038089,3.5,-8,0,7
24.2090091823274,10.31827,1,0,0,0,0,0,0,0,0,0,0,0,0,0,0,-8,20.9583210246599,24.4160536002834,0.003921499,3.5,-8,0,7
24.260952217544,10.37826,1,0,0,0,0,0,0,0,0,0,0,0,0,0,0,-8,21.0103093253968,24.4682331002834,0.004141702,3.5,-8,0,7
24.3134429616225,10.43825,1,0,0,0,0,0,0,0,0,0,0,0,0,0,0,-8,21.0627851261338,24.5222028002834,0.003838903,3.5,-8,0,7
24.3650945183379,10.47824,1,0,0,0,0,0,0,0,0,0,0,0,0,0,0,-8,21.1143962230726,24.5721898002834,0.0038965,3.5,-8,0,7
24.4152692815708,10.53823,1,0,0,0,0,0,0,0,0,0,0,0,0,0,0,-8,21.164580024093,24.6241975002834,0.004691397,3.5,-8,0,7
24.4661952648358,10.57822,1,0,0,0,0,0,0,0,0,0,0,0,0,0,0,-8,21.2155121244331,24.6733285002834,0.003692602,3.5,-8,0,7
24.5169265103666,10.63821,1,0,0,0,0,0,0,0,0,0,0,0,0,0,0,-8,21.2662949263039,24.7242256002834,0.006114803,3.5,-8,0,7
24.5681787461601,10.67821,1,0,0,0,0,0,0,0,0,0,0,0,0,0,0,-8,21.3175007227891,24.7752518002834,0.0039197,3.5,-8,0,7
24.6195374020026,10.7382,1,0,0,0,0,0,0,0,0,0,0,0,0,0,0,-8,21.3688660218254,24.8265407002834,0.0035813,3.5,-8,0,7
24.6704952999158,10.77819,1,0,0,0,0,0,0,0,0,0,0,0,0,0,0,-8,21.4198007227891,24.8777837002834,0.004538797,3.5,-8,0,7
24.7236618366977,10.83818,1,0,0,0,0,0,0,0,0,0,0,0,0,0,0,-8,21.4729971230159,24.9307920002834,0.004236997,3.5,-8,0,7
24.779405686548,10.89817,1,0,0,0,0,0,0,0,0,0,0,0,0,0,0,-8,21.5286995252268,24.9863437002834,0.005899603,3.5,-8,0,7
24.8315922743129,10.95816,1,0,0,0,0,0,0,0,0,0,0,0,0,0,0,-8,21.5809146258503,25.0408821002834,0.004140703,3.5,-8,0,7
24.8831378899887,10.99815,1,0,0,0,0,0,0,0,0,0,0,0,0,0,0,-8,21.6324658234127,25.0906274002834,0.003144296,3.5,-8,0,7
24.9360765043274,11.05814,1,0,0,0,0,0,0,0,0,0,0,0,0,0,0,-8,21.6853865221088,25.1435464002834,0.004879599,3.5,-8,0,7
24.9872909842245,11.09814,1,0,0,0,0,0,0,0,0,0,0,0,0,0,0,-8,21.7362352253401,25.1954966002834,0.004021499,3.5,-8,0,7
25.0405112131755,11.15813,1,0,0,0,0,0,0,0,0,0,0,0,0,0,0,-8,21.7889285218254,25.2469063002834,0.005287698,3.5,-8,0,7
25.0913521880563,11.19812,1,0,0,0,0,0,0,0,0,0,0,0,0,0,0,-8,21.8392661210317,25.2970563002834,0.004102097,3.5,-8,0,7
25.1418681481062,11.25811,1,0,0,0,0,0,0,0,0,0,0,0,0,0,0,-8,21.8892819231859,25.3469383002834,0.002695096,3.5,-8,0,7
25.1935745942267,11.3181,1,0,0,0,0,0,0,0,0,0,0,0,0,0,0,-8,21.9404764243197,25.3992216002834,0.004482199,3.5,-8,0,7
25.2466237346944,11.35809,1,0,0,0,0,0,0,0,0,0,0,0,0,0,0,-8,21.9930003259637,25.4506586002834,0.003770004,3.5,-8,0,7
25.3010644536465,11.41808,1,0,0,0,0,0,0,0,0,0,0,0,0,0,0,-8,22.046902026644,25.5050638002834,0.004626205,3.5,-8,0,7
25.3537484523724,11.45808,1,0,0,0,0,0,0,0,0,0,0,0,0,0,0,-8,22.0991777210884,25.5568720002834,0.0027554,3.5,-8,0,7
25.4067855009646,11.51807,1,0,0,0,0,0,0,0,0,0,0,0,0,0,0,-8,22.1521745252268,25.6106394002834,0.003583199,3.5,-8,0,7
25.4614570638468,11.57806,1,0,0,0,0,0,0,0,0,0,0,0,0,0,0,-8,22.2069018211451,25.6646915002834,0.006798696,3.5,-8,0,7
25.5143445089762,11.61805,1,0,0,0,0,0,0,0,0,0,0,0,0,0,0,-8,22.2597455215419,25.7175477002834,0.003812294,3.5,-8,0,7
25.5646725735278,11.67804,1,0,0,0,0,0,0,0,0,0,0,0,0,0,0,-8,22.3100746244331,25.7682496002834,0.003724298,3.5,-8,0,7
25.6169704265357,11.73803,1,0,0,0,0,0,0,0,0,0,0,0,0,0,0,-8,22.3623866213152,25.8205022002834,0.002660197,3.5,-8,0,7
25.668782747169,11.77802,1,0,0,0,0,0,0,0,0,0,0,0,0,0,0,-8,22.4141939271542,25.8724666002834,0.002609503,3.5,-8,0,7
25.7204971393873,11.83801,1,0,0,0,0,0,0,0,0,0,0,0,0,0,0,-8,22.4658741213152,25.9246439002834,0.003468197,3.5,-8,0,7
25.7710155243403,11.87801,1,0,0,0,0,0,0,0,0,0,0,0,0,0,0,-8,22.5164286210317,25.9741949002834,0.002402494,3.5,-8,0,7
25.8238351507019,11.938,1,0,0,0,0,0,0,0,0,0,0,0,0,0,0,-8,22.5692621244331,26.0275938002834,0.004061898,3.5,-8,0,7
25.8756790152355,11.99799,1,0,0,0,0,0,0,0,0,0,0,0,0,0,0,-8,22.6211027210884,26.0797650002834,0.0029973,3.5,-8,0,7
26.1026013374189,12.25794,1,0,0,1.55,0,0,1,0,0,0,0,0,0,-8,0,-8,22.8459854237528,26.3139306002834,0.2045719,3.5,-8,0,7
26.1556830984307,12.29794,1,0,0,1.296399,0,0,1,0,0,0,0,0,0,-8,0,-8,22.8985416241497,26.3569885002834,0.003526899,3.5,-8,0,7
26.2072521863272,12.31793,1,0,0,1.245403,0,0,1,0,0,0,0,0,0,-8,0,-8,22.949600127551,26.4076768002834,0.003590001,3.5,-8,0,7
26.2590294291661,12.37792,1,0,0,1.194392,0,0,1,0,0,0,0,0,0,-8,0,-8,23.0008647250567,26.4601749002834,0.0038428,3.5,-8,0,7
26.3132780446555,12.41792,1,0,0,1.141188,0,0,1,0,0,0,0,0,0,-8,0,-8,23.054576225907,26.5132375002834,0.004350801,3.5,-8,0,7
26.3659602520335,12.47791,1,0,0,1.089849,0,0,1,0,0,0,0,0,0,-8,0,-8,23.1067368268141,26.5646375002834,0.005172803,3.5,-8,0,7
26.4190931154368,12.5179,1,0,0,1.036257,0,0,1,0,0,0,0,0,0,-8,0,-8,23.159343622449,26.6181685002834,0.004187195,3.5,-8,0,7
26.4704088948155,12.57789,1,0,0,0,0,0,0,0,0,0,0,0,0,0,0,-8,23.2101513251134,26.6684082002834,0.003408298,3.5,-8,0,7
26.5213936905586,12.63788,1,0,0,0,0,0,0,0,0,0,0,0,0,0,0,-8,23.2606313208617,26.7197866002834,0.003823895,3.5,-8,0,7
26.5734194978187,12.67787,1,0,0,0,0,0,0,0,0,0,0,0,0,0,0,-8,23.3121420209751,26.7699602002834,0.003745394,3.5,-8,0,7
26.6268044680776,12.73786,1,0,0,0,0,0,0,0,0,0,0,0,0,0,0,-8,23.3649984268707,26.8228336002834,0.003872201,3.5,-8,0,7
26.6789034986612,12.77785,1,0,0,0,0,0,0,0,0,0,0,0,0,0,0,-8,23.4165816255669,26.8744180002834,0.003081803,3.5,-8,0,7
26.7303695615404,12.83784,1,0,0,0,0,0,0,0,0,0,0,0,0,0,0,-8,23.4675381235828,26.9254545002834,0.004376998,3.5,-8,0,7
26.7809109721379,12.87784,1,0,0,0,0,0,0,0,0,0,0,0,0,0,0,-8,23.5175791241497,26.9757712002834,0.002510303,3.5,-8,0,7
26.8328478961345,12.93783,1,0,0,0,0,0,0,0,0,0,0,0,0,0,0,-8,23.5690018211451,27.0265158002834,0.003665795,3.5,-8,0,7
26.8834129460854,12.97782,1,0,0,0,0,0,0,0,0,0,0,0,0,0,0,-8,23.6190662273243,27.0769170002834,0.003124405,3.5,-8,0,7
26.9364942008001,13.03781,1,0,0,0,0,0,0,0,0,0,0,0,0,0,0,-8,23.6716219246032,27.1300549002834,0.004926701,3.5,-8,0,7
26.9887471876992,13.0978,1,0,0,0,0,0,0,0,0,0,0,0,0,0,0,-8,23.7238204223356,27.1839415002834,0.004173398,3.5,-8,0,7
27.0405315186922,13.13779,1,0,0,0,0,0,0,0,0,0,0,0,0,0,0,-8,23.776127827381,27.2338356002834,0.003347803,3.5,-8,0,7
27.0931807039049,13.19778,1,0,0,0,0,0,0,0,0,0,0,0,0,0,0,-8,23.8293088222789,27.2876578002834,0.003149298,3.5,-8,0,7
27.1455244769785,13.25777,1,0,0,0,0,0,0,0,0,0,0,0,0,0,0,-8,23.8821813208617,27.3404897002834,0.004211699,3.5,-8,0,7
27.1963141569635,13.29777,1,0,0,0,0,0,0,0,0,0,0,0,0,0,0,-8,23.9334840277778,27.3922834002834,0.003634906,3.5,-8,0,7
27.2483452868089,13.35776,1,0,0,0,0,0,0,0,0,0,0,0,0,0,0,-8,23.9860407242063,27.4437588002834,0.004024802,3.5,-8,0,7
27.2985897653783,13.39775,1,0,0,0,0,0,0,0,0,0,0,0,0,0,0,-8,24.0367927225057,27.4946037002834,0.005227395,3.5,-8,0,7
27.350136193526,13.45774,1,0,0,0,0,0,0,0,0,0,0,0,0,0,0,-8,24.0888598214286,27.5466208002834,0.004876198,3.5,-8,0,7
27.402388592707,13.51773,1,0,0,0,0,0,0,0,0,0,0,0,0,0,0,-8,24.1416400226757,27.6002951002834,0.004091298,3.5,-8,0,7
27.4534023064422,13.55772,1,0,0,0,0,0,0,0,0,0,0,0,0,0,0,-8,24.1931690263605,27.6512656002834,0.004241,3.5,-8,0,7
27.5045414466411,13.61771,1,0,0,0,0,0,0,0,0,0,0,0,0,0,0,-8,24.2448247236395,27.7026429002834,0.0047339,3.5,-8,0,7
27.5576193085755,13.65771,1,0,0,0,0,0,0,0,0,0,0,0,0,0,0,-8,24.298438725907,27.7568609002834,0.004188705,3.5,-8,0,7
27.6090767330863,13.7177,1,0,0,0,0,0,0,0,0,0,0,0,0,0,0,-8,24.350415922619,27.8080707002834,0.0040812,3.5,-8,0,7
27.6601456857845,13.77769,1,0,0,0,0,0,0,0,0,0,0,0,0,0,0,-8,24.4020007227891,27.8606727002834,0.002580797,3.5,-8,0,7
27.7136542945821,13.81768,1,0,0,0,0,0,0,0,0,0,0,0,0,0,0,-8,24.4560498228458,27.9149445002834,0.003557696,3.5,-8,0,7
27.7655414847075,13.87767,1,0,0,0,0,0,0,0,0,0,0,0,0,0,0,-8,24.5084611252834,27.9668616002834,0.0046705,3.5,-8,0,7
27.8160910794511,13.91766,1,0,0,0,0,0,0,0,0,0,0,0,0,0,0,-8,24.5595213222789,28.0171328002834,0.004017595,3.5,-8,0,7
27.8677026517084,13.97765,1,0,0,0,0,0,0,0,0,0,0,0,0,0,0,-8,24.611654223356,28.0701068002834,0.0034339,3.5,-8,0,7
27.917915252957,14.03764,1,0,0,0,0,0,0,0,0,0,0,0,0,0,0,-8,24.6623740221088,28.1214786002834,0.003817,3.5,-8,0,7
27.9704668337991,14.07764,1,0,0,0,0,0,0,0,0,0,0,0,0,0,0,-8,24.7154564271542,28.1730860002834,0.003394104,3.5,-8,0,7
28.0234098544018,14.13763,1,0,0,0,0,0,0,0,0,0,0,0,0,0,0,-8,24.7689342261905,28.2279912002834,0.005408099,3.5,-8,0,7
28.0756501724944,14.19762,1,0,0,0,0,0,0,0,0,0,0,0,0,0,0,-8,24.8217022250567,28.2803864002834,0.0043169,3.5,-8,0,7
28.1273670794792,14.23761,1,0,0,0,0,0,0,0,0,0,0,0,0,0,0,-8,24.8739415249433,28.3327250002834,0.003434403,3.5,-8,0,7
28.1819131119899,14.2976,1,0,0,0,0,0,0,0,0,0,0,0,0,0,0,-8,24.9290385274943,28.3868620002834,0.005711706,3.5,-8,0,7
28.232824549072,14.35759,1,0,0,0,0,0,0,0,0,0,0,0,0,0,0,-8,24.9804642219388,28.4395108002834,0.0036652,3.5,-8,0,7
28.2842543612467,14.39758,1,0,0,0,0,0,0,0,0,0,0,0,0,0,0,-8,25.0324135274943,28.4900526002834,0.004106704,3.5,-8,0,7
28.3376043676096,14.45757,1,0,0,0,0,0,0,0,0,0,0,0,0,0,0,-8,25.0863024234694,28.5440722002834,0.0045937,3.5,-8,0,7
28.3877489549946,14.49757,1,0,0,0,0,0,0,0,0,0,0,0,0,0,0,-8,25.1369535218254,28.5958266002834,0.003870599,3.5,-8,0,7
28.4424820996216,14.55756,1,0,0,0,0,0,0,0,0,0,0,0,0,0,0,-8,25.192239526644,28.6498803002834,0.004892099,3.5,-8,0,7
28.4930759471259,14.61755,1,0,0,0,0,0,0,0,0,0,0,0,0,0,0,-8,25.2433444231859,28.7023476002834,0.004262897,3.5,-8,0,7
28.5437069566897,14.65754,1,0,0,0,0,0,0,0,0,0,0,0,0,0,0,-8,25.2944096230159,28.7528573002834,0.003823101,3.5,-8,0,7
28.5950387491658,14.71753,1,0,0,0,0,0,0,0,0,0,0,0,0,0,0,-8,25.3457481221655,28.8033477002834,0.003334297,3.5,-8,0,7
28.6464348478196,14.75752,1,0,0,0,0,0,0,0,0,0,0,0,0,0,0,-8,25.3971510274943,28.8548412002834,0.003930803,3.5,-8,0,7
28.6988112016139,14.81751,1,0,0,0,0,0,0,0,0,0,0,0,0,0,0,-8,25.4495557256236,28.9071065002834,0.002716298,3.5,-8,0,7
28.7501607639994,14.8775,1,0,0,0,0,0,0,0,0,0,0,0,0,0,0,-8,25.5008884212018,28.9589836002834,0.002714498,3.5,-8,0,7
28.8006306352234,14.9175,1,0,0,0,0,0,0,0,0,0,0,0,0,0,0,-8,25.551353422619,29.0089765002834,0.004115597,3.5,-8,0,7
28.8528628151189,14.97749,1,0,0,0,0,0,0,0,0,0,0,0,0,0,0,-8,25.6035892219388,29.0618904002834,0.003555995,3.5,-8,0,7
28.9054352079518,15.01748,1,0,0,0,0,0,0,0,0,0,0,0,0,0,0,-8,25.6561557256236,29.1146727002834,0.003903005,3.5,-8,0,7
28.9579077716148,15.07747,1,0,0,0,0,0,0,0,0,0,0,0,0,0,0,-8,25.7086978245465,29.1663794002834,0.0055866,3.5,-8,0,7
29.0089843493304,15.13746,1,0,0,0,0,0,0,0,0,0,0,0,0,0,0,-8,25.760290327381,29.2191750002834,0.003196804,3.5,-8,0,7
29.0613749503368,15.17745,1,0,0,0,0,0,0,0,0,0,0,0,0,0,0,-8,25.8132101261338,29.2708026002834,0.003259099,3.5,-8,0,7
29.112378365458,15.23744,1,0,0,0,0,0,0,0,0,0,0,0,0,0,0,-8,25.8647287273243,29.3225794002834,0.004378401,3.5,-8,0,7
29.1649961710046,15.27744,1,0,0,0,0,0,0,0,0,0,0,0,0,0,0,-8,25.9178780257936,29.3756186002834,0.0029053,3.5,-8,0,7
29.2151300525968,15.33743,1,0,0,0,0,0,0,0,0,0,0,0,0,0,0,-8,25.9682530257937,29.4266663002834,0.002795401,3.5,-8,0,7
29.2677149240416,15.39742,1,0,0,0,0,0,0,0,0,0,0,0,0,0,0,-8,26.0208490221088,29.4796616002834,0.002847796,3.5,-8,0,7
29.3182971747313,15.43741,1,0,0,0,0,0,0,0,0,0,0,0,0,0,0,-8,26.0713845238095,29.5291813002834,0.003183099,3.5,-8,0,7
29.3710428836895,15.4974,1,0,0,0,0,0,0,0,0,0,0,0,0,0,0,-8,26.1241891227324,29.5817588002834,0.004076601,3.5,-8,0,7
29.4226183240023,15.53739,1,0,0,0,0,0,0,0,0,0,0,0,0,0,0,-8,26.1757208262472,29.6332993002834,0.003727105,3.5,-8,0,7
29.4731791894929,15.59738,1,0,0,0,0,0,0,0,0,0,0,0,0,0,0,-8,26.2263298256803,29.6843467002834,0.004762203,3.5,-8,0,7
29.5235439691343,15.63737,1,0,0,0,0,0,0,0,0,0,0,0,0,0,0,-8,26.2766554209184,29.7345595002834,0.002867198,3.5,-8,0,7
29.5763204891118,15.69736,1,0,0,0,0,0,0,0,0,0,0,0,0,0,0,-8,26.3294133219955,29.7877311002834,0.003644501,3.5,-8,0,7
29.6288939947169,15.75735,1,0,0,0,0,0,0,0,0,0,0,0,0,0,0,-8,26.382030321712,29.8405057002834,0.003087897,3.5,-8,0,7
29.6799326084065,15.79735,1,0,0,0,0,0,0,0,0,0,0,0,0,0,0,-8,26.4330721230159,29.8909060002834,0.003475999,3.5,-8,0,7
29.7329080050183,15.85734,1,0,0,0,0,0,0,0,0,0,0,0,0,0,0,-8,26.4859870252268,29.9435777002834,0.0040911,3.5,-8,0,7
29.7856375124515,15.89733,1,0,0,0,0,0,0,0,0,0,0,0,0,0,0,-8,26.5387170209751,29.9970247002834,0.003728494,3.5,-8,0,7
29.8361300756154,15.95732,1,0,0,0,0,0,0,0,0,0,0,0,0,0,0,-8,26.5892182256236,30.0471655002834,0.003694402,3.5,-8,0,7
29.8866368285101,15.99731,1,0,0,0,0,0,0,0,0,0,0,0,0,0,0,-8,26.6397191255669,30.0975244002834,0.003677402,3.5,-8,0,7
29.9375170882302,16.0573,1,0,0,0,0,0,0,0,0,0,0,0,0,0,0,-8,26.6906497236395,30.1490129002834,0.004312897,3.5,-8,0,7
29.9927837948524,16.11729,1,0,0,0,0,0,0,0,0,0,0,0,0,0,0,-8,26.7454346230159,30.2037396002834,0.005337096,3.5,-8,0,7
30.0450827070163,16.15729,1,0,0,0,0,0,0,0,0,0,0,0,0,0,0,-8,26.7972157242063,30.2556086002834,0.003392099,3.5,-8,0,7
30.0967007780517,16.21728,1,0,0,0,0,0,0,0,0,0,0,0,0,0,0,-8,26.8483227253401,30.3063969002834,0.004112301,3.5,-8,0,7
30.1471904720226,16.25727,1,0,0,0,0,0,0,0,0,0,0,0,0,0,0,-8,26.8983125212585,30.3559664002834,0.003463698,3.5,-8,0,7
30.1976443160116,16.31726,1,0,0,0,0,0,0,0,0,0,0,0,0,0,0,-8,26.9482668225624,30.4060016002834,0.004837698,3.5,-8,0,7
30.2496785113914,16.35725,1,0,0,0,0,0,0,0,0,0,0,0,0,0,0,-8,26.9997858276644,30.4580061002834,0.003300702,3.5,-8,0,7
30.3000725586922,16.41724,1,0,0,0,0,0,0,0,0,0,0,0,0,0,0,-8,27.0496809240363,30.5074772002834,0.003888797,3.5,-8,0,7
30.3512768829381,16.47723,1,0,0,0,0,0,0,0,0,0,0,0,0,0,0,-8,27.1005384212018,30.5595499002834,0.004805796,3.5,-8,0,7
30.4042801445443,16.51723,1,0,0,0,0,0,0,0,0,0,0,0,0,0,0,-8,27.1535230229592,30.6113077002834,0.003227097,3.5,-8,0,7
30.4543630418158,16.57722,1,0,0,0,0,0,0,0,0,0,0,0,0,0,0,-8,27.2035752267574,30.6627936002834,0.004307703,3.5,-8,0,7
30.5082671905938,16.61721,1,0,0,0,0,0,0,0,0,0,0,0,0,0,0,-8,27.257491425737,30.7161140002834,0.003983404,3.5,-8,0,7
30.5605498791905,16.6772,1,0,0,0,0,0,0,0,0,0,0,0,0,0,0,-8,27.3097614229025,30.7675047002834,0.0032803,3.5,-8,0,7
30.6139791051624,16.73719,1,0,0,0,0,0,0,0,0,0,0,0,0,0,0,-8,27.3632386267007,30.8226549002834,0.004665901,3.5,-8,0,7
30.6674913614197,16.77718,1,0,0,0,0,0,0,0,0,0,0,0,0,0,0,-8,27.4167016227324,30.8745061002834,0.004533496,3.5,-8,0,7
30.7191745885671,16.83717,1,0,0,0,0,0,0,0,0,0,0,0,0,0,0,-8,27.4683840277778,30.9262645002834,0.003060601,3.5,-8,0,7
30.7731489863619,16.89716,1,0,0,0,0,0,0,0,0,0,0,0,0,0,0,-8,27.5223563208617,30.9805555002834,0.004080095,3.5,-8,0,7
30.8250871876953,16.93716,1,0,0,0,0,0,0,0,0,0,0,0,0,0,0,-8,27.5743036210317,31.0321071002834,0.0038643,3.5,-8,0,7
30.8796386387572,16.99715,1,0,0,0,0,0,0,0,0,0,0,0,0,0,0,-8,27.6288940263605,31.0866041002834,0.005581201,3.5,-8,0,7
30.9299852723023,17.03714,1,0,0,0,0,0,0,0,0,0,0,0,0,0,0,-8,27.6792154265873,31.1372788002834,0.004385601,3.5,-8,0,7
30.9820637995494,17.09713,1,0,0,0,0,0,0,0,0,0,0,0,0,0,0,-8,27.7316220238095,31.1898517002834,0.003110898,3.5,-8,0,7
31.0327344720997,17.15712,1,0,0,0,0,0,0,0,0,0,0,0,0,0,0,-8,27.7828045209751,31.2411725002834,0.004398299,3.5,-8,0,7
31.0846266143373,17.19711,1,0,0,0,0,0,0,0,0,0,0,0,0,0,0,-8,27.8352208262472,31.2929185002834,0.003418403,3.5,-8,0,7
31.1362583760638,17.2571,1,0,0,0,0,0,0,0,0,0,0,0,0,0,0,-8,27.8873741213152,31.3461566002834,0.003939399,3.5,-8,0,7
31.1870784466295,17.2971,1,0,0,0,0,0,0,0,0,0,0,0,0,0,0,-8,27.9387075255102,31.3965557002834,0.003269799,3.5,-8,0,7
31.2384303526627,17.35709,1,0,0,0,0,0,0,0,0,0,0,0,0,0,0,-8,27.9903265235261,31.4492267002834,0.003706498,3.5,-8,0,7
31.2891095952014,17.41708,1,0,0,0,0,0,0,0,0,0,0,0,0,0,0,-8,28.0409890235261,31.5003859002834,0.004497902,3.5,-8,0,7
31.3422927451017,17.45707,1,0,0,0,0,0,0,0,0,0,0,0,0,0,0,-8,28.0941851261338,31.5520916002834,0.0036018,3.5,-8,0,7
31.3938941632281,17.51706,1,0,0,0,0,0,0,0,0,0,0,0,0,0,0,-8,28.1458046272676,31.6034276002834,0.004140505,3.5,-8,0,7
31.4442982726102,17.55705,1,0,0,0,0,0,0,0,0,0,0,0,0,0,0,-8,28.1961669217687,31.6538959002834,0.003918594,3.5,-8,0,7
31.4986092365161,17.61704,1,0,0,0,0,0,0,0,0,0,0,0,0,0,0,-8,28.2505590277778,31.7091284002834,0.007274801,3.5,-8,0,7
31.5497703008098,17.67703,1,0,0,0,0,0,0,0,0,0,0,0,0,0,0,-8,28.3016996244331,31.7605075002834,0.003732001,3.5,-8,0,7
31.6013840328273,17.71703,1,0,0,0,0,0,0,0,0,0,0,0,0,0,0,-8,28.3532892219388,31.8113579002834,0.0030732,3.5,-8,0,7
31.654001520134,17.77702,1,0,0,0,0,0,0,0,0,0,0,0,0,0,0,-8,28.4058830215419,31.8641700002834,0.004296294,3.5,-8,0,7
31.7061264227494,17.81701,1,0,0,0,0,0,0,0,0,0,0,0,0,0,0,-8,28.4580176232993,31.9160737002834,0.004072903,3.5,-8,0,7
31.7562846399471,17.877,1,0,0,0,0,0,0,0,0,0,0,0,0,0,0,-8,28.5082107213719,31.9670580002834,0.003323094,3.5,-8,0,7
31.8095532393991,17.93699,1,0,0,0,0,0,0,0,0,0,0,0,0,0,0,-8,28.5614407242063,32.0207641002834,0.004561203,3.5,-8,0,7
31.864410877449,17.97698,1,0,0,0,0,0,0,0,0,0,0,0,0,0,0,-8,28.6162731221655,32.0740636002834,0.0053384,3.5,-8,0,7
31.9174623830686,18.03697,1,0,0,0,0,0,0,0,0,0,0,0,0,0,0,-8,28.6693449263039,32.1271637002834,0.003277601,3.5,-8,0,7
31.9687907089363,18.09696,1,0,0,0,0,0,0,0,0,0,0,0,0,0,0,-8,28.7208652210884,32.1793364002834,0.003168998,3.5,-8,0,7
32.020348854512,18.13696,1,0,0,0,0,0,0,0,0,0,0,0,0,0,0,-8,28.7726419217687,32.2304881002834,0.003515696,3.5,-8,0,7
32.07302013312,18.19695,1,0,0,0,0,0,0,0,0,0,0,0,0,0,0,-8,28.825290625,32.2834104002834,0.004548902,3.5,-8,0,7
32.1239665436256,18.23694,1,0,0,0,0,0,0,0,0,0,0,0,0,0,0,-8,28.8762612244898,32.3340496002834,0.0030911,3.5,-8,0,7
32.1740937267919,18.29693,1,0,0,0,0,0,0,0,0,0,0,0,0,0,0,-8,28.9263989229025,32.3851388002834,0.0047428,3.5,-8,0,7
32.225146214983,18.33692,1,0,0,0,0,0,0,0,0,0,0,0,0,0,0,-8,28.9774149234694,32.4352898002834,0.004250999,3.5,-8,0,7
32.2766927510663,18.39691,1,0,0,0,0,0,0,0,0,0,0,0,0,0,0,-8,29.028965625,32.4871521002834,0.002965498,3.5,-8,0,7
32.33050656087,18.4569,1,0,0,0,0,0,0,0,0,0,0,0,0,0,0,-8,29.082828925737,32.5419314002834,0.004228904,3.5,-8,0,7
32.3814361170749,18.49689,1,0,0,0,0,0,0,0,0,0,0,0,0,0,0,-8,29.1337151218821,32.5918453002834,0.003371301,3.5,-8,0,7
32.4330000285781,18.55688,1,0,0,0,0,0,0,0,0,0,0,0,0,0,0,-8,29.1853154265873,32.6434291002834,0.004856399,3.5,-8,0,7
32.4840847584582,18.59688,1,0,0,0,0,0,0,0,0,0,0,0,0,0,0,-8,29.2363690263605,32.6941542002834,0.002822903,3.5,-8,0,7
32.5364106942294,18.65687,1,0,0,0,0,0,0,0,0,0,0,0,0,0,0,-8,29.2886750212585,32.7462010002834,0.004784099,3.5,-8,0,7
32.5885174713004,18.71686,1,0,0,0,0,0,0,0,0,0,0,0,0,0,0,-8,29.3407812216553,32.7993695002834,0.0027179,3.5,-8,0,7
32.6408715330693,18.75685,1,0,0,0,0,0,0,0,0,0,0,0,0,0,0,-8,29.3931242276077,32.8511407002834,0.003488605,3.5,-8,0,7
32.6937431167252,18.81684,1,0,0,0,0,0,0,0,0,0,0,0,0,0,0,-8,29.446040625,32.9038546002834,0.003773002,3.5,-8,0,7
32.7467866320489,18.85683,1,0,0,0,0,0,0,0,0,0,0,0,0,0,0,-8,29.4990527210884,32.9570629002834,0.003881796,3.5,-8,0,7
32.7971129026217,18.91682,1,0,0,0,0,0,0,0,0,0,0,0,0,0,0,-8,29.5494099277211,33.0072538002834,0.003055201,3.5,-8,0,7
32.847155424126,18.95682,1,0,0,0,0,0,0,0,0,0,0,0,0,0,0,-8,29.5994214214853,33.0574291002834,0.0032714,3.5,-8,0,7
32.8981216079416,19.01681,1,0,0,0,0,0,0,0,0,0,0,0,0,0,0,-8,29.6504335246599,33.1093068002834,0.004375397,3.5,-8,0,7
32.9488808826078,19.0768,1,0,0,0,0,0,0,0,0,0,0,0,0,0,0,-8,29.7011551232993,33.1597249002834,0.002840696,3.5,-8,0,7
32.9990356632019,19.11679,1,0,0,0,0,0,0,0,0,0,0,0,0,0,0,-8,29.7508133219955,33.2095271002834,0.003794699,3.5,-8,0,7
33.0500178395095,19.17678,1,0,0,0,0,0,0,0,0,0,0,0,0,0,0,-8,29.8012907242063,33.2601855002834,0.003115398,3.5,-8,0,7
33.1009196213214,19.21677,1,0,0,0,0,0,0,0,0,0,0,0,0,0,0,-8,29.8516885274943,33.3091972002834,0.002661905,3.5,-8,0,7
33.1546722193295,19.27676,1,0,0,0,0,0,0,0,0,0,0,0,0,0,0,-8,29.9049089214853,33.3641496002834,0.004925496,3.5,-8,0,7
33.2086154160183,19.31676,1,0,0,0,0,0,0,0,0,0,0,0,0,0,0,-8,29.9583180272109,33.4167783002834,0.005789704,3.5,-8,0,7
33.2599097742978,19.37675,1,0,0,0,0,0,0,0,0,0,0,0,0,0,0,-8,30.0091045209751,33.4669484002834,0.003267694,3.5,-8,0,7
33.3133858463098,19.43674,1,0,0,0,0,0,0,0,0,0,0,0,0,0,0,-8,30.0620511267007,33.5204270002834,0.004311104,3.5,-8,0,7
33.3649554062448,19.47673,1,0,0,0,0,0,0,0,0,0,0,0,0,0,0,-8,30.1132794217687,33.5716467002834,0.003592694,3.5,-8,0,7
33.4173520894092,19.53672,1,0,0,0,0,0,0,0,0,0,0,0,0,0,0,-8,30.1656369260204,33.6240349002834,0.005365299,3.5,-8,0,7
33.4679537102301,19.57671,1,0,0,0,0,0,0,0,0,0,0,0,0,0,0,-8,30.2162347222222,33.6749960002834,0.004596195,3.5,-8,0,7
33.5197876274888,19.6367,1,0,0,0,0,0,0,0,0,0,0,0,0,0,0,-8,30.2680959254535,33.7257437002834,0.003955903,3.5,-8,0,7
33.5718523557903,19.69669,1,0,0,0,0,0,0,0,0,0,0,0,0,0,0,-8,30.3201668225624,33.7786983002834,0.0032706,3.5,-8,0,7
33.6248507336387,19.73669,1,0,0,0,0,0,0,0,0,0,0,0,0,0,0,-8,30.3731612244898,33.8308567002834,0.004033397,3.5,-8,0,7
33.6778648207057,19.79668,1,0,0,0,0,0,0,0,0,0,0,0,0,0,0,-8,30.4261652210884,33.8838915002834,0.004395699,3.5,-8,0,7
33.7319565840135,19.85667,1,0,0,0,0,0,0,0,0,0,0,0,0,0,0,-8,30.4802763251134,33.9398867002834,0.004308199,3.5,-8,0,7
33.7845847732411,19.89666,1,0,0,0,0,0,0,0,0,0,0,0,0,0,0,-8,30.5328687216553,33.9908589002834,0.005740894,3.5,-8,0,7
33.8362740100804,19.95665,1,0,0,0,0,0,0,0,0,0,0,0,0,0,0,-8,30.5846043225624,34.0439215002834,0.006102898,3.5,-8,0,7
33.8881221578689,19.99664,1,0,0,0,0,0,0,0,0,0,0,0,0,0,0,-8,30.6364038265306,34.0941382002834,0.003815299,3.5,-8,0,7
33.9405656373408,20.05663,1,0,0,0,0,0,0,0,0,0,0,0,0,0,0,-8,30.6888679209184,34.1473243002834,0.005573398,3.5,-8,0,7
33.9934983735718,20.11662,1,0,0,0,0,0,0,0,0,0,0,0,0,0,0,-8,30.7422361252834,34.2015279002834,0.005681101,3.5,-8,0,7
34.0478553148732,20.15662,1,0,0,0,0,0,0,0,0,0,0,0,0,0,0,-8,30.7971421272676,34.2556808002834,0.005492701,3.5,-8,0,7
34.1004613927263,20.21661,1,0,0,0,0,0,0,0,0,0,0,0,0,0,0,-8,30.8500595238095,34.3079460002834,0.005485998,3.5,-8,0,7
34.1520115902834,20.2766,1,0,0,0,0,0,0,0,0,0,0,0,0,0,0,-8,30.9016350269274,34.3614358002834,0.0045973,3.5,-8,0,7
34.2036521576392,20.31659,1,0,0,0,0,0,0,0,0,0,0,0,0,0,0,-8,30.9532919217687,34.4113280002834,0.004492297,3.5,-8,0,7
34.2563561739377,20.37658,1,0,0,0,0,0,0,0,0,0,0,0,0,0,0,-8,31.0059621244331,34.4637699002834,0.005513003,3.5,-8,0,7
34.3078654871765,20.41657,1,0,0,0,0,0,0,0,0,0,0,0,0,0,0,-8,31.0575108276644,34.5154801002834,0.003653005,3.5,-8,0,7
34.3626721464167,20.45657,1,0,0,0,0,0,0,0,0,0,0,0,0,0,0,-8,31.1122771258503,34.5708886002834,0.0050563,3.5,-8,0,7
34.4143049865006,20.51656,1,0,0,0,0,0,0,0,0,0,0,0,0,0,0,-8,31.1639231221655,34.6237422002834,0.0039848,3.5,-8,0,7
34.4665569182788,20.55655,1,0,0,0,0,0,0,0,0,0,0,0,0,0,0,-8,31.2161157242063,34.6744421002834,0.009080102,3.5,-8,0,7
34.5184196390654,20.61654,1,0,0,0,0,0,0,0,0,0,0,0,0,0,0,-8,31.2681104237528,34.7263312002834,0.004835197,3.5,-8,0,7
34.5692363395868,20.67653,1,0,0,0,0,0,0,0,0,0,0,0,0,0,0,-8,31.3189090277778,34.7768301002834,0.004065604,3.5,-8,0,7
34.6210088278516,20.73652,1,0,0,0,0,0,0,0,0,0,0,0,0,0,0,-8,31.3706386267007,34.8284587002834,0.005943403,3.5,-8,0,7
34.6762273986102,20.79651,1,0,0,0,0,0,0,0,0,0,0,0,0,0,0,-8,31.4258360260771,34.8843258002834,0.005386501,3.5,-8,0,7
34.7291415848606,20.8365,1,0,0,0,0,0,0,0,0,0,0,0,0,0,0,-8,31.478767821712,34.9369270002834,0.005616794,3.5,-8,0,7
34.782245558633,20.89649,1,0,0,0,0,0,0,0,0,0,0,0,0,0,0,-8,31.5318946215986,34.9918948002834,0.004540597,3.5,-8,0,7
34.8324585361267,20.95648,1,0,0,0,0,0,0,0,0,0,0,0,0,0,0,-8,31.5821279265873,35.0410552002834,0.005152303,3.5,-8,0,7
34.8839101510169,20.99648,1,0,0,0,0,0,0,0,0,0,0,0,0,0,0,-8,31.6336111252834,35.0929169002834,0.009305201,3.5,-8,0,7
34.9376829904434,21.05647,1,0,0,0,0,0,0,0,0,0,0,0,0,0,0,-8,31.6873706278345,35.1455823002834,0.004593906,3.5,-8,0,7
34.9887212891527,21.09646,1,0,0,0,0,0,0,0,0,0,0,0,0,0,0,-8,31.7387079223356,35.1967776002834,0.004341801,3.5,-8,0,7
35.0388203401095,21.15645,1,0,0,0,0,0,0,0,0,0,0,0,0,0,0,-8,31.7893130243764,35.2469772002834,0.0033161,3.5,-8,0,7
35.0917132649478,21.21644,1,0,0,0,0,0,0,0,0,0,0,0,0,0,0,-8,31.8427402210884,35.3011884002834,0.003005598,3.5,-8,0,7
35.1417848930415,21.25643,1,0,0,0,0,0,0,0,0,0,0,0,0,0,0,-8,31.8933176232993,35.3511514002834,0.003956498,3.5,-8,0,7
35.1963168662926,21.31642,1,0,0,0,0,0,0,0,0,0,0,0,0,0,0,-8,31.9484004251701,35.4064568002834,0.005311798,3.5,-8,0,7
35.2553528427659,21.37641,1,0,0,0,0,0,0,0,0,0,0,0,0,0,0,-8,32.0080327239229,35.4667107002834,0.0333047,3.5,-8,0,7
35.319130282593,21.4364,1,0,0,0,0,0,0,0,0,0,0,0,0,0,0,-8,32.0718965277778,35.5372857002834,0.0159747,3.5,-8,0,7
35.3728250498418,21.49639,1,0,0,0,0,0,0,0,0,0,0,0,0,0,0,-8,32.1254607213719,35.5834557002834,0.004009495,3.5,-8,0,7
35.4248787923204,21.55638,1,0,0,0,0,0,0,0,0,0,0,0,0,0,0,-8,32.177540922619,35.6357513002834,0.005898597,3.5,-8,0,7
35.478494281345,21.61637,1,0,0,0,0,0,0,0,0,0,0,0,0,0,0,-8,32.231014824263,35.6928894002834,0.0131698,3.5,-8,0,7
35.5308138163015,21.67636,1,0,0,0,0,0,0,0,0,0,0,0,0,0,0,-8,32.2834498228458,35.7428294002834,0.0047875,3.5,-8,0,7
35.5858377237711,21.71635,1,0,0,0,0,0,0,0,0,0,0,0,0,0,0,-8,32.3384965277778,35.7971293002834,0.005474901,3.5,-8,0,7
35.6360879771318,21.75635,1,0,0,0,0,0,0,0,0,0,0,0,0,0,0,-8,32.3886833262472,35.8462322002834,0.005310204,3.5,-8,0,7
35.686902046022,21.79634,1,0,0,0,0,0,0,0,0,0,0,0,0,0,0,-8,32.4395411210317,35.8973972002834,0.003629599,3.5,-8,0,7
35.7392048157728,21.85633,1,0,0,0,0,0,0,0,0,0,0,0,0,0,0,-8,32.4918635274943,35.9495516002834,0.003490001,3.5,-8,0,7
35.7924145392748,21.91632,1,0,0,0,0,0,0,0,0,0,0,0,0,0,0,-8,32.5450972222222,36.0028140002834,0.004321096,3.5,-8,0,7
35.8449964045943,21.95631,1,0,0,0,0,0,0,0,0,0,0,0,0,0,0,-8,32.5976623228458,36.0565343002834,0.005089498,3.5,-8,0,7
35.8979826912098,22.0163,1,0,0,0,0,0,0,0,0,0,0,0,0,0,0,-8,32.6505839214853,36.1099294002834,0.006514598,3.5,-8,0,7
35.9487239237642,22.07629,1,0,0,0,0,0,0,0,0,0,0,0,0,0,0,-8,32.7013583262472,36.1597680002834,0.003034403,3.5,-8,0,7
35.9994808681216,22.11629,1,0,0,0,0,0,0,0,0,0,0,0,0,0,0,-8,32.7516127267574,36.2091904002834,0.004466405,3.5,-8,0,7
36.0515596947889,22.17628,1,0,0,0,0,0,0,0,0,0,0,0,0,0,0,-8,32.8031759212018,36.2616041002834,0.004713499,3.5,-8,0,7
36.1032133253431,22.21627,1,0,0,0,0,0,0,0,0,0,0,0,0,0,0,-8,32.8545716269841,36.3126833002834,0.002651602,3.5,-8,0,7
36.1556526901526,22.27626,1,0,0,0,0,0,0,0,0,0,0,0,0,0,0,-8,32.9070048256803,36.3646353002834,0.002755804,3.5,-8,0,7
36.2072554840893,22.31625,1,0,0,0,0,0,0,0,0,0,0,0,0,0,0,-8,32.9586317247732,36.4162171002834,0.002302501,3.5,-8,0,7
36.2606137813535,22.37624,1,0,0,0,0,0,0,0,0,0,0,0,0,0,0,-8,33.0119466269841,36.4700760002834,0.003719905,3.5,-8,0,7
36.3136393539119,22.43623,1,0,0,0,0,0,0,0,0,0,0,0,0,0,0,-8,33.0649638251134,36.5227693002834,0.004934403,3.5,-8,0,7
36.3642245424376,22.47623,1,0,0,0,0,0,0,0,0,0,0,0,0,0,0,-8,33.115567821712,36.5733375002834,0.003695394,3.5,-8,0,7
36.4144723351113,22.53622,1,0,0,0,0,0,0,0,0,0,0,0,0,0,0,-8,33.1658477253401,36.6238279002834,0.005350801,3.5,-8,0,7
36.4660341064748,22.57621,1,0,0,0,0,0,0,0,0,0,0,0,0,0,0,-8,33.2173774234694,36.6753269002834,0.003215802,3.5,-8,0,7
36.5175022267364,22.6362,1,0,0,0,0,0,0,0,0,0,0,0,0,0,0,-8,33.2688394274376,36.7264321002834,0.003623406,3.5,-8,0,7
36.5680814601714,22.67619,1,0,0,0,0,0,0,0,0,0,0,0,0,0,0,-8,33.3194602253401,36.7771548002834,0.002154004,3.5,-8,0,7
36.6205112346169,22.73618,1,0,0,0,0,0,0,0,0,0,0,0,0,0,0,-8,33.3718911210317,36.8296648002834,0.004138499,3.5,-8,0,7
36.6709143483452,22.79617,1,0,0,0,0,0,0,0,0,0,0,0,0,0,0,-8,33.4222567247732,36.8815123002834,0.004118403,3.5,-8,0,7
36.721841055979,22.83617,1,0,0,0,0,0,0,0,0,0,0,0,0,0,0,-8,33.4732122236395,36.9314064002834,0.004232001,3.5,-8,0,7
36.7747364068567,22.89616,1,0,0,0,0,0,0,0,0,0,0,0,0,0,0,-8,33.5260879251701,36.9842344002834,0.003973002,3.5,-8,0,7
36.8253639724478,22.93615,1,0,0,0,0,0,0,0,0,0,0,0,0,0,0,-8,33.5766902210884,37.0344198002834,0.003826899,3.5,-8,0,7
36.8784081406333,22.99614,1,0,0,0,0,0,0,0,0,0,0,0,0,0,0,-8,33.6297636267007,37.0876033002834,0.003745203,3.5,-8,0,7
36.9285664402507,23.03613,1,0,0,0,0,0,0,0,0,0,0,0,0,0,0,-8,33.6799220238095,37.1377879002834,0.004087996,3.5,-8,0,7
36.9815378924669,23.09612,1,0,0,0,0,0,0,0,0,0,0,0,0,0,0,-8,33.7326086238662,37.1906279002834,0.003538202,3.5,-8,0,7
37.0358726577321,23.15611,1,0,0,0,0,0,0,0,0,0,0,0,0,0,0,-8,33.7864054209184,37.2447733002834,0.006182993,3.5,-8,0,7
37.0868436687952,23.19611,1,0,0,0,0,0,0,0,0,0,0,0,0,0,0,-8,33.8370416241497,37.2953058002834,0.004118701,3.5,-8,0,7
37.1387737168488,23.2561,1,0,0,0,0,0,0,0,0,0,0,0,0,0,0,-8,33.8889474277211,37.3465052002834,0.003441405,3.5,-8,0,7
37.1902848036238,23.31609,1,0,0,0,0,0,0,0,0,0,0,0,0,0,0,-8,33.940415327381,37.3992987002834,0.0038322,3.5,-8,0,7
37.2407531140186,23.35608,1,0,0,0,0,0,0,0,0,0,0,0,0,0,0,-8,33.9909017219388,37.4488500002834,0.002703897,3.5,-8,0,7
37.2926851470815,23.41607,1,0,0,0,0,0,0,0,0,0,0,0,0,0,0,-8,34.0428183248299,37.5026880002834,0.003368403,3.5,-8,0,7
37.3460510685714,23.45606,1,0,0,0,0,0,0,0,0,0,0,0,0,0,0,-8,34.0961910218254,37.5540399002834,0.003654698,3.5,-8,0,7
37.399654261563,23.51605,1,0,0,0,0,0,0,0,0,0,0,0,0,0,0,-8,34.1497728245465,37.6080235002834,0.006832299,3.5,-8,0,7
37.4535119190975,23.57604,1,0,0,0,0,0,0,0,0,0,0,0,0,0,0,-8,34.2036817247732,37.6633862002834,0.005008503,3.5,-8,0,7
37.5035490393802,23.61604,1,0,0,0,0,0,0,0,0,0,0,0,0,0,0,-8,34.2537240221088,37.7114935002834,0.003589598,3.5,-8,0,7
37.5549817573093,23.67603,1,0,0,0,0,0,0,0,0,0,0,0,0,0,0,-8,34.3051202239229,37.7632526002834,0.004586196,3.5,-8,0,7
37.6056600261293,23.71602,1,0,0,0,0,0,0,0,0,0,0,0,0,0,0,-8,34.3557937216553,37.8134926002834,0.0032928,3.5,-8,0,7
37.6588913075323,23.77601,1,0,0,0,0,0,0,0,0,0,0,0,0,0,0,-8,34.4090471230159,37.8666728002834,0.0033322,3.5,-8,0,7
37.709344649422,23.816,1,0,0,0,0,0,0,0,0,0,0,0,0,0,0,-8,34.4594722222222,37.9175152002834,0.0033455,3.5,-8,0,7
37.7611832486652,23.87599,1,0,0,0,0,0,0,0,0,0,0,0,0,0,0,-8,34.5113669217687,37.9698303002834,0.003850099,3.5,-8,0,7
37.8132875861553,23.93598,1,0,0,0,0,0,0,0,0,0,0,0,0,0,0,-8,34.5634611252834,38.0228965002834,0.004850199,3.5,-8,0,7
37.8660961560206,23.97598,1,0,0,0,0,0,0,0,0,0,0,0,0,0,0,-8,34.6162378259637,38.0746344002834,0.004571804,3.5,-8,0,7
37.9188695096364,24.03596,1,0,0,0,0,0,0,0,0,0,0,0,0,0,0,-8,34.669027827381,38.1266881002834,0.0031929,3.5,-8,0,7
37.969271509531,24.07596,1,0,0,0,0,0,0,0,0,0,0,0,0,0,0,-8,34.7192025226757,38.1768268002834,0.004134999,3.5,-8,0,7
38.0218413012894,24.13595,1,0,0,0,0,0,0,0,0,0,0,0,0,0,0,-8,34.7712518211451,38.2292157002834,0.003347194,3.5,-8,0,7
38.0718586239521,24.19594,1,0,0,0,0,0,0,0,0,0,0,0,0,0,0,-8,34.8207739229025,38.2796256002834,0.003414101,3.5,-8,0,7
38.1219991694344,24.23593,1,0,0,0,0,0,0,0,0,0,0,0,0,0,0,-8,34.8704180272109,38.3290030002834,0.003672605,3.5,-8,0,7
38.1742230334412,24.29592,1,0,0,0,0,0,0,0,0,0,0,0,0,0,0,-8,34.9221248228458,38.3810411002834,0.003830499,3.5,-8,0,7
38.2269146013213,24.33591,1,0,0,0,0,0,0,0,0,0,0,0,0,0,0,-8,34.9744365221088,38.4321308002834,0.0036491,3.5,-8,0,7
38.2779693774274,24.3959,1,0,0,0,0,0,0,0,0,0,0,0,0,0,0,-8,35.0255388251134,38.4832090002834,0.003600999,3.5,-8,0,7
38.3283436617488,24.4359,1,0,0,0,0,0,0,0,0,0,0,0,0,0,0,-8,35.0759006235828,38.5334958002834,0.003133496,3.5,-8,0,7
38.3809527584934,24.49589,1,0,0,0,0,0,0,0,0,0,0,0,0,0,0,-8,35.1284855229592,38.5866711002834,0.002730102,3.5,-8,0,7
38.4342243194999,24.55588,1,0,0,0,0,0,0,0,0,0,0,0,0,0,0,-8,35.1817607213719,38.6403356002834,0.004596195,3.5,-8,0,7
38.4867863579444,24.59587,1,0,0,0,0,0,0,0,0,0,0,0,0,0,0,-8,35.2343547264739,38.6920055002834,0.002920401,3.5,-8,0,7
38.5372248976468,24.65586,1,0,0,0,0,0,0,0,0,0,0,0,0,0,0,-8,35.2847596230159,38.7424660002834,0.004449001,3.5,-8,0,7
38.5874065384036,24.69585,1,0,0,0,0,0,0,0,0,0,0,0,0,0,0,-8,35.3349334254535,38.7925973002834,0.003136104,3.5,-8,0,7
38.6391534298123,24.75584,1,0,0,0,0,0,0,0,0,0,0,0,0,0,0,-8,35.3867064271542,38.8445420002834,0.002802806,3.5,-8,0,7
38.689803683511,24.79584,1,0,0,0,0,0,0,0,0,0,0,0,0,0,0,-8,35.4373479237528,38.8957848002834,0.002770401,3.5,-8,0,7
38.7399899258977,24.85583,1,0,0,0,0,0,0,0,0,0,0,0,0,0,0,-8,35.4875174248866,38.9453404002834,0.004358504,3.5,-8,0,7
38.7914614187181,24.89582,1,0,0,0,0,0,0,0,0,0,0,0,0,0,0,-8,35.5390256235828,38.9967527002834,0.003221896,3.5,-8,0,7
38.8419793403917,24.95581,1,0,0,0,0,0,0,0,0,0,0,0,0,0,0,-8,35.5895347222222,39.0472543002834,0.002778401,3.5,-8,0,7
38.8946173277544,25.0158,1,0,0,0,0,0,0,0,0,0,0,0,0,0,0,-8,35.6421396258503,39.1006582002834,0.003142304,3.5,-8,0,7
38.9448997132527,25.05579,1,0,0,0,0,0,0,0,0,0,0,0,0,0,0,-8,35.6924286210317,39.1501227002834,0.003391695,3.5,-8,0,7
38.995839489752,25.11578,1,0,0,0,0,0,0,0,0,0,0,0,0,0,0,-8,35.7437964214853,39.2013800002834,0.002850595,3.5,-8,0,7
39.0488563683745,25.15578,1,0,0,0,0,0,0,0,0,0,0,0,0,0,0,-8,35.7973488236961,39.2556981002834,0.003349298,3.5,-8,0,7
39.1024421945331,25.21577,1,0,0,0,0,0,0,0,0,0,0,0,0,0,0,-8,35.8514759212018,39.3092663002834,0.003946499,3.5,-8,0,7
39.1548004265572,25.27576,1,0,0,0,0,0,0,0,0,0,0,0,0,0,0,-8,35.9043630243764,39.3636651002834,0.005034602,3.5,-8,0,7
39.2057697824226,25.31575,1,0,0,0,0,0,0,0,0,0,0,0,0,0,0,-8,35.9558472222222,39.4133567002834,0.004045195,3.5,-8,0,7
39.2558070216002,25.37574,1,0,0,0,0,0,0,0,0,0,0,0,0,0,0,-8,36.0060583262472,39.4635987002834,0.003706902,3.5,-8,0,7
39.3076923196111,25.41573,1,0,0,0,0,0,0,0,0,0,0,0,0,0,0,-8,36.0579331278345,39.5155324002834,0.002678607,3.5,-8,0,7
39.3596401131595,25.47572,1,0,0,0,0,0,0,0,0,0,0,0,0,0,0,-8,36.1098454223356,39.5675907002834,0.002685395,3.5,-8,0,7
39.4136315172538,25.53571,1,0,0,0,0,0,0,0,0,0,0,0,0,0,0,-8,36.163815327381,39.6236729002834,0.004740306,3.5,-8,0,7
39.4656089423434,25.57571,1,0,0,0,0,0,0,0,0,0,0,0,0,0,0,-8,36.2158632227891,39.6738871002834,0.004226998,3.5,-8,0,7
39.5160224657878,25.6357,1,0,0,0,0,0,0,0,0,0,0,0,0,0,0,-8,36.2662588222789,39.7242688002834,0.004618396,3.5,-8,0,7
39.5682397226943,25.67569,1,0,0,0,0,0,0,0,0,0,0,0,0,0,0,-8,36.3184352253401,39.7762868002834,0.003092099,3.5,-8,0,7
39.6186370459059,25.73568,1,0,0,0,0,0,0,0,0,0,0,0,0,0,0,-8,36.3688599277211,39.8269745002834,0.003026006,3.5,-8,0,7
39.6728810671065,25.79567,1,0,0,0,0,0,0,0,0,0,0,0,0,0,0,-8,36.4231379251701,39.8822030002834,0.004299199,3.5,-8,0,7
39.7251143180882,25.83566,1,0,0,0,0,0,0,0,0,0,0,0,0,0,0,-8,36.4753676232993,39.9334387002834,0.004326198,3.5,-8,0,7
39.7772275694832,25.89565,1,0,0,0,0,0,0,0,0,0,0,0,0,0,0,-8,36.5274483276644,39.9849534002834,0.002872407,3.5,-8,0,7
39.8278068864089,25.93565,1,0,0,0,0,0,0,0,0,0,0,0,0,0,0,-8,36.5780065263605,40.0357872002834,0.002502105,3.5,-8,0,7
39.8807113121683,25.99564,1,0,0,0,0,0,0,0,0,0,0,0,0,0,0,-8,36.6309438208617,40.0890160002834,0.004084495,3.5,-8,0,7
39.9337351912027,26.05564,1,0,0,0,0,0,0,0,0,0,0,0,0,0,0,-8,36.6839852253401,40.1426078002834,0.004813202,3.5,-8,0,7
39.9870534999995,26.09564,1,0,0,0,0,0,0,0,0,0,0,0,0,0,0,-8,36.7369173256803,40.1948784002834,0.003779804,3.5,-8,0,7
40.0414460369991,26.15564,1,0,0,0,0,0,0,0,0,0,0,0,0,0,0,-8,36.7907713222789,40.2489092002834,0.005818396,3.5,-8,0,7
40.0941553114075,26.21564,1,0,0,0,0,0,0,0,0,0,0,0,0,0,0,-8,36.8429587230726,40.3020742002834,0.003470699,3.5,-8,0,7
40.1471280827187,26.25564,1,0,0,0,0,0,0,0,0,0,0,0,0,0,0,-8,36.8958082270408,40.3534834002834,0.003906406,3.5,-8,0,7
40.1997058591829,26.31564,1,0,0,0,0,0,0,0,0,0,0,0,0,0,0,-8,36.9484426232993,40.4066598002834,0.006403997,3.5,-8,0,7
40.2530940123554,26.37564,1,0,0,0,0,0,0,0,0,0,0,0,0,0,0,-8,37.001778925737,40.4626371002834,0.004159205,3.5,-8,0,7
40.3075164415804,26.41565,1,0,0,0,0,0,0,0,0,0,0,0,0,0,0,-8,37.056228125,40.5140405002834,0.006110501,3.5,-8,0,7
40.3588842414855,26.47565,1,0,0,0,0,0,0,0,0,0,0,0,0,0,0,-8,37.1075714214853,40.5653904002834,0.002856597,3.5,-8,0,7
40.4099497709167,26.51565,1,0,0,0,0,0,0,0,0,0,0,0,0,0,0,-8,37.1586674248866,40.6165700002834,0.003576098,3.5,-8,0,7
40.4630734232836,26.57565,1,0,0,0,0,0,0,0,0,0,0,0,0,0,0,-8,37.2117738236961,40.6696814002834,0.003852601,3.5,-8,0,7
40.5140599909704,26.63565,1,0,0,0,0,0,0,0,0,0,0,0,0,0,0,-8,37.2628005243764,40.7211131002834,0.0044616,3.5,-8,0,7
40.5669414106035,26.67565,1,0,0,0,0,0,0,0,0,0,0,0,0,0,0,-8,37.3156535218254,40.7733812002834,0.003467397,3.5,-8,0,7
40.6211282786238,26.73565,1,0,0,0,0,0,0,0,0,0,0,0,0,0,0,-8,37.3698502267574,40.8285258002834,0.004564902,3.5,-8,0,7
40.6713192900061,26.79565,1,0,0,0,0,0,0,0,0,0,0,0,0,0,0,-8,37.4199905257937,40.8792034002834,0.003309999,3.5,-8,0,7
40.7242527584499,26.83566,1,0,0,0,0,0,0,0,0,0,0,0,0,0,0,-8,37.4729309240363,40.9312233002834,0.002931803,3.5,-8,0,7
40.775400537313,26.89566,1,0,0,0,0,0,0,0,0,0,0,0,0,0,0,-8,37.5241127267574,40.9817701002834,0.003347704,3.5,-8,0,7
40.8258678175462,26.93566,1,0,0,0,0,0,0,0,0,0,0,0,0,0,0,-8,37.5745625212585,41.0321004002834,0.002312294,3.5,-8,0,7
40.8777403225889,26.99566,1,0,0,0,0,0,0,0,0,0,0,0,0,0,0,-8,37.6264615221088,41.0843182002834,0.004185098,3.5,-8,0,7
