time,elapsed,host,local,round,held,charge,spin,torso,arm,shoeState,shoeSpin,bodyX,bodyZ,heldSeat,heldState,heldHolder
10.2005,0.0000,0,2,1,1,-1.0000,0.0000,-0.001,-0.921,1,0.0000,-1.8000,9.0000,1,1,1
10.2510,0.0504,0,2,1,1,-1.0000,0.0000,-0.182,-5.902,1,0.0000,-1.8000,9.0000,1,1,1
10.3012,0.1007,0,2,1,1,-1.0000,0.0000,-1.058,-2.194,1,0.0000,-1.8000,9.0000,1,1,1
10.3515,0.1510,0,2,1,1,-1.0000,0.0000,-2.266,0.000,1,0.0000,-1.8000,9.0000,1,1,1
10.4021,0.2016,0,2,1,1,-1.0000,0.0000,-3.378,0.000,1,0.0000,-1.8000,9.0000,1,1,1
10.4530,0.2525,0,2,1,1,-1.0000,0.0000,-4.328,0.000,1,0.0000,-1.8000,9.0000,1,1,1
10.5034,0.3029,0,2,1,1,-1.0000,0.0000,-4.894,0.000,1,0.0000,-1.8000,9.0000,1,1,1
10.5543,0.3538,0,2,1,1,-1.0000,0.0000,-3.957,-2.501,1,0.0000,-1.8000,9.0000,1,1,1
10.6048,0.4043,0,2,1,1,-1.0000,0.0000,-1.730,-4.058,1,0.0000,-1.8000,9.0000,1,1,1
10.6552,0.4547,0,2,1,1,-1.0000,0.0000,0.000,0.000,1,0.0000,-1.8000,9.0000,1,1,1
10.7056,0.5051,0,2,1,1,-1.0000,0.0000,0.000,0.000,1,0.0000,-1.8000,9.0000,1,1,1
10.7562,0.5557,0,2,1,1,-1.0000,0.0000,0.000,0.000,1,0.0000,-1.8000,9.0000,1,1,1
10.8066,0.6060,0,2,1,1,-1.0000,0.0000,0.000,0.000,1,0.0000,-1.8000,9.0000,1,1,1
10.8572,0.6567,0,2,1,1,-1.0000,0.0000,0.000,0.000,1,0.0000,-1.8000,9.0000,1,1,1
10.9077,0.7072,0,2,1,1,-1.0000,0.0000,0.000,0.000,1,0.0000,-1.8000,9.0000,1,1,1
10.9580,0.7575,0,2,1,1,-1.0000,0.0000,0.000,0.000,1,0.0000,-1.8000,9.0000,1,1,1
11.0097,0.8092,0,2,1,1,-1.0000,0.0000,0.000,0.000,1,0.0000,-1.8000,9.0000,1,1,1
11.0604,0.8599,0,2,1,1,-1.0000,0.0000,0.000,0.000,1,0.0000,-1.8000,9.0000,1,1,1
11.1110,0.9105,0,2,1,1,-1.0000,0.0000,0.000,0.000,1,0.0000,-1.8000,9.0000,1,1,1
11.1610,0.9605,0,2,1,1,-1.0000,0.0000,0.000,0.000,1,0.0000,-1.8000,9.0000,1,1,1
11.2111,1.0105,0,2,1,1,-1.0000,0.0000,0.000,0.000,1,0.0000,-1.8000,9.0000,1,1,1
11.2615,1.0609,0,2,1,1,-1.0000,0.0000,0.000,0.000,1,0.0000,-1.8000,9.0000,1,1,1
11.3119,1.1113,0,2,1,1,-1.0000,0.0000,0.000,0.000,1,0.0000,-1.8000,9.0000,1,1,1
11.3622,1.1617,0,2,1,1,-1.0000,0.0000,0.000,0.000,1,0.0000,-1.8000,9.0000,1,1,1
11.4127,1.2122,0,2,1,1,-1.0000,0.0000,0.000,0.000,1,0.0000,-1.8000,9.0000,1,1,1
11.4636,1.2630,0,2,1,1,-1.0000,0.0000,0.000,0.000,1,0.0000,-1.8000,9.0000,1,1,1
11.5141,1.3135,0,2,1,1,-1.0000,0.0000,0.000,0.000,1,0.0000,-1.8000,9.0000,1,1,1
11.5642,1.3637,0,2,1,1,-1.0000,0.0000,0.000,0.000,1,0.0000,-1.8000,9.0000,1,1,1
11.6143,1.4137,0,2,1,1,-1.0000,0.0000,0.000,0.000,1,0.0000,-1.8000,9.0000,1,1,1
11.6650,1.4645,0,2,1,1,-1.0000,0.0000,0.000,0.000,1,0.0000,-1.8000,9.0000,1,1,1
11.7157,1.5152,0,2,1,1,-1.0000,0.0000,0.000,0.000,1,0.0000,-1.8000,9.0000,1,1,1
11.7665,1.5660,0,2,1,1,-1.0000,0.0000,0.000,0.000,1,0.0000,-1.8000,9.0000,1,1,1
11.8168,1.6163,0,2,1,1,-1.0000,0.0000,0.000,0.000,1,0.0000,-1.8000,9.0000,1,1,1
11.8669,1.6664,0,2,1,1,-1.0000,0.0000,0.000,0.000,1,0.0000,-1.8000,9.0000,1,1,1
11.9170,1.7164,0,2,1,1,-1.0000,0.0000,0.000,0.000,1,0.0000,-1.8000,9.0000,1,1,1
11.9670,1.7665,0,2,1,1,-1.0000,0.0000,0.000,0.000,1,0.0000,-1.8000,9.0000,1,1,1
12.0171,1.8165,0,2,1,1,-1.0000,0.0000,0.000,0.000,1,0.0000,-1.8000,9.0000,1,1,1
12.0672,1.8667,0,2,1,1,-1.0000,0.0000,0.000,0.000,1,0.0000,-1.8000,9.0000,1,1,1
12.1175,1.9169,0,2,1,1,-1.0000,0.0000,0.000,0.000,1,0.0000,-1.8000,9.0000,1,1,1
12.1680,1.9675,0,2,1,1,-1.0000,0.0000,0.000,0.000,1,0.0000,-1.8000,9.0000,1,1,1
12.2182,2.0176,0,2,1,1,-1.0000,0.0000,0.000,0.000,1,0.0000,-1.8000,9.0000,1,1,1
12.2685,2.0679,0,2,1,1,0.0087,0.0000,-0.506,-1.451,1,0.0000,-1.8392,8.9922,1,1,1
12.3186,2.1181,0,2,1,1,0.0288,0.0000,-1.598,-4.576,1,0.0000,-1.9808,8.9638,1,1,1
12.3687,2.1681,0,2,1,1,0.0488,0.0000,-2.592,-7.417,1,0.0000,-2.1637,8.9273,1,1,1
12.4191,2.2186,0,2,1,1,0.0690,0.0000,-3.509,-10.028,1,0.0000,-2.2690,8.9062,1,1,1
12.4691,2.2686,0,2,1,1,0.0890,0.0000,-4.338,-12.381,1,0.0000,-2.4201,8.8760,1,1,1
12.5195,2.3190,0,2,1,1,0.1091,0.0000,-5.101,-14.538,1,0.0000,-2.5196,8.8561,1,1,1
12.5697,2.3692,0,2,1,1,0.1292,0.0000,-5.797,-16.494,1,0.0000,-2.6685,8.8263,1,1,1
12.6199,2.4194,0,2,1,1,0.1493,0.0000,-6.432,-18.268,1,0.0000,-2.7595,8.8081,1,1,1
12.6702,2.4697,0,2,1,1,0.1694,0.0000,-7.013,-19.886,1,0.0000,-2.9094,8.7781,1,1,1
12.7203,2.5198,0,2,1,1,0.1895,0.0000,-7.542,-21.348,1,0.0000,-3.0132,8.7574,1,1,1
12.7706,2.5700,0,2,1,1,0.2172,0.0000,-8.200,-23.154,1,0.0000,-3.1642,8.7272,1,1,1
12.8216,2.6211,0,2,1,1,0.2376,0.0000,-8.634,-24.339,1,0.0000,-3.2638,8.7072,1,1,1
12.8719,2.6714,0,2,1,1,0.2577,0.0000,-9.024,-25.399,1,0.0000,-3.4128,8.6774,1,1,1
12.9225,2.7220,0,2,1,1,0.2780,0.0000,-9.383,-26.368,1,0.0000,-3.5616,8.6477,1,1,1
12.9726,2.7720,0,2,1,1,0.2979,0.0000,-9.706,-27.234,1,0.0000,-3.6609,8.6278,1,1,1
13.0234,2.8229,0,2,1,1,0.3181,0.0000,-10.004,-28.030,1,0.0000,-3.8097,8.5981,1,1,1
13.0738,2.8732,0,2,1,1,0.3382,0.0000,-10.276,-28.755,1,0.0000,-3.9090,8.5782,1,1,1
13.1247,2.9242,0,2,1,1,0.3586,0.0000,-10.528,-29.420,1,0.0000,-4.0578,8.5484,1,1,1
13.1752,2.9746,0,2,1,1,0.3788,0.0000,-10.755,-30.019,1,0.0000,-4.1571,8.5286,1,1,1
13.2258,3.0253,0,2,1,1,0.3990,0.0000,-10.963,-30.565,1,0.0000,-4.3059,8.4988,1,1,1
13.2762,3.0757,0,2,1,1,0.4188,0.0000,-11.149,-31.051,1,0.0000,-4.3173,8.4965,1,1,1
13.3266,3.1261,0,2,1,1,0.4390,0.0000,-11.323,-31.502,1,0.0000,-4.2901,8.5020,1,1,1
13.3772,3.1766,0,2,1,1,0.4592,0.0000,-11.481,-31.913,1,0.0000,-4.2838,8.5032,1,1,1
13.4276,3.2271,0,2,1,1,0.4794,0.0000,-11.626,-32.287,1,0.0000,-4.2813,8.5037,1,1,1
13.4779,3.2774,0,2,1,1,0.4995,0.0000,-11.757,-32.626,1,0.0000,-4.2810,8.5038,1,1,1
13.5282,3.3277,0,2,1,1,0.5196,0.0000,-11.878,-32.935,1,0.0000,-4.2809,8.5038,1,1,1
13.5789,3.3784,0,2,1,1,0.5399,0.0000,-11.988,-33.219,1,0.0000,-4.2809,8.5038,1,1,1
13.6291,3.4285,0,2,1,1,0.5600,0.0000,-12.088,-33.474,1,0.0000,-4.2809,8.5038,1,1,1
13.6796,3.4791,0,2,1,1,0.5802,0.0000,-12.180,-33.709,1,0.0000,-4.2809,8.5038,1,1,1
13.7298,3.5292,0,2,1,1,0.6002,0.0000,-12.263,-33.921,1,0.0000,-4.2809,8.5038,1,1,1
13.7803,3.5798,0,2,1,1,0.6209,0.0000,-12.342,-34.120,1,0.0000,-4.2809,8.5038,1,1,1
13.8307,3.6302,0,2,1,1,0.6411,0.0000,-12.412,-34.297,1,0.0000,-4.2809,8.5038,1,1,1
13.8807,3.6802,0,2,1,1,0.6611,0.0000,-12.475,-34.457,1,0.0000,-4.2809,8.5038,1,1,1
13.9317,3.7312,0,2,1,1,0.6815,0.0000,-12.534,-34.606,1,0.0000,-4.2809,8.5038,1,1,1
13.9820,3.7814,0,2,1,1,0.7015,0.0000,-12.587,-34.739,1,0.0000,-4.2809,8.5038,1,1,1
14.0320,3.8314,0,2,1,1,0.7216,0.0000,-12.635,-34.860,1,0.0000,-4.2809,8.5038,1,1,1
14.0823,3.8817,0,2,1,1,0.7417,0.0000,-12.679,-34.972,1,0.0000,-4.2809,8.5038,1,1,1
14.1328,3.9323,0,2,1,1,0.7619,0.0000,-12.720,-35.074,1,0.0000,-4.2809,8.5038,1,1,1
14.1831,3.9826,0,2,1,1,0.7820,0.0000,-12.757,-35.167,1,0.0000,-4.2809,8.5038,1,1,1
14.2333,4.0328,0,2,1,1,0.8017,-0.7000,-12.790,-29.438,1,0.0000,-4.2809,8.5038,1,1,1
14.2843,4.0838,0,2,1,1,0.8221,-0.7000,-12.821,-29.504,1,0.0000,-4.2809,8.5038,1,1,1
14.3343,4.1338,0,2,1,1,0.8421,-0.7000,-12.849,-29.562,1,0.0000,-4.2809,8.5038,1,1,1
14.3846,4.1841,0,2,1,1,0.8622,-0.7000,-12.875,-29.616,1,0.0000,-4.2809,8.5038,1,1,1
14.4348,4.2343,0,2,1,1,0.8823,-0.7000,-12.898,-29.664,1,0.0000,-4.2809,8.5038,1,1,1
14.4849,4.2844,0,2,1,1,0.9024,-0.7000,-12.919,-29.709,1,0.0000,-4.2809,8.5038,1,1,1
14.5352,4.3347,0,2,1,1,0.9225,-0.7000,-12.939,-29.750,1,0.0000,-4.2809,8.5038,1,1,1
14.5857,4.3851,0,2,1,1,0.9427,-0.7000,-12.957,-29.787,1,0.0000,-4.2809,8.5038,1,1,1
14.6359,4.4354,0,2,1,1,0.9628,-0.7000,-12.973,-29.821,1,0.0000,-4.2809,8.5038,1,1,1
14.6866,4.4861,0,2,1,1,0.9831,-0.7000,-12.988,-29.852,1,0.0000,-4.2809,8.5038,1,1,1
14.7372,4.5367,0,2,1,1,1.0000,-0.7000,-13.000,-29.876,1,0.0000,-4.2809,8.5038,1,1,1
14.7874,4.5869,0,2,1,1,1.0000,-0.7000,-13.000,-29.876,1,0.0000,-4.2809,8.5038,1,1,1
14.8379,4.6374,0,2,1,1,1.0000,-0.7000,-13.000,-29.876,1,0.0000,-4.2809,8.5038,1,1,1
14.8880,4.6875,0,2,1,1,1.0000,-0.7000,-13.000,-29.876,1,0.0000,-4.2809,8.5038,1,1,1
14.9384,4.7379,0,2,1,1,1.0000,-0.7000,-13.000,-29.876,1,0.0000,-4.2809,8.5038,1,1,1
14.9891,4.7885,0,2,1,1,1.0000,-0.7000,-13.000,-29.876,1,0.0000,-4.2809,8.5038,1,1,1
15.0393,4.8388,0,2,1,1,1.0000,-0.7000,-13.000,-29.876,1,0.0000,-4.2809,8.5038,1,1,1
15.0897,4.8892,0,2,1,1,1.0000,-0.7000,-13.000,-29.876,1,0.0000,-4.2809,8.5038,1,1,1
15.1405,4.9399,0,2,1,1,1.0000,-0.7000,-13.000,-29.876,1,0.0000,-4.2809,8.5038,1,1,1
15.1908,4.9903,0,2,1,1,1.0000,-0.7000,-13.000,-29.876,1,0.0000,-4.2809,8.5038,1,1,1
15.2414,5.0409,0,2,1,1,1.0000,-0.7000,-13.000,-29.876,1,0.0000,-4.2809,8.5038,1,1,1
15.2915,5.0910,0,2,1,1,1.0000,-0.7000,-13.000,-29.876,1,0.0000,-4.2809,8.5038,1,1,1
15.3419,5.1414,0,2,1,1,1.0000,-0.7000,-13.000,-29.876,1,0.0000,-4.2809,8.5038,1,1,1
15.3927,5.1921,0,2,1,1,1.0000,-0.7000,-13.000,-29.876,1,0.0000,-4.2809,8.5038,1,1,1
15.4433,5.2428,0,2,1,1,1.0000,-0.7000,-13.000,-29.876,1,0.0000,-4.2809,8.5038,1,1,1
15.4941,5.2936,0,2,1,1,1.0000,-0.7000,-13.000,-29.876,1,0.0000,-4.2809,8.5038,1,1,1
15.5443,5.3438,0,2,1,1,1.0000,-0.7000,-13.000,-29.876,1,0.0000,-4.2809,8.5038,1,1,1
15.5948,5.3942,0,2,1,1,1.0000,-0.7000,-13.000,-29.876,1,0.0000,-4.2809,8.5038,1,1,1
15.6452,5.4446,0,2,1,1,1.0000,-0.7000,-13.000,-29.876,1,0.0000,-4.2809,8.5038,1,1,1
15.6952,5.4947,0,2,1,1,1.0000,-0.7000,-13.000,-29.876,1,0.0000,-4.2809,8.5038,1,1,1
15.7455,5.5450,0,2,1,1,1.0000,-0.7000,-13.000,-29.876,1,0.0000,-4.2809,8.5038,1,1,1
15.7961,5.5956,0,2,1,1,1.0000,-0.7000,-13.000,-29.876,1,0.0000,-4.2809,8.5038,1,1,1
15.8466,5.6461,0,2,1,1,1.0000,-0.7000,-13.000,-29.876,1,0.0000,-4.2809,8.5038,1,1,1
15.8968,5.6963,0,2,1,1,1.0000,-0.7000,-13.000,-29.876,1,0.0000,-4.2809,8.5038,1,1,1
15.9470,5.7465,0,2,1,1,1.0000,-0.7000,-13.000,-29.876,1,0.0000,-4.2809,8.5038,1,1,1
15.9978,5.7973,0,2,1,1,1.0000,-0.7000,-13.000,-29.876,1,0.0000,-4.2809,8.5038,1,1,1
16.0483,5.8478,0,2,1,1,1.0000,-0.7000,-13.000,-29.876,1,0.0000,-4.2809,8.5038,1,1,1
16.0985,5.8979,0,2,1,1,1.0000,-0.7000,-13.000,-29.876,1,0.0000,-4.2809,8.5038,1,1,1
16.1492,5.9487,0,2,1,1,1.0000,-0.7000,-13.000,-29.876,1,0.0000,-4.2809,8.5038,1,1,1
16.1998,5.9993,0,2,1,1,1.0000,-0.7000,-13.000,-29.876,1,0.0000,-4.2809,8.5038,1,1,1
16.2500,6.0495,0,2,1,1,1.0000,-0.7000,-13.000,-29.876,1,0.0000,-4.2809,8.5038,1,1,1
16.3001,6.0996,0,2,1,1,1.0000,-0.7000,-13.000,-29.876,1,0.0000,-4.2809,8.5038,1,1,1
16.3503,6.1497,0,2,1,1,1.0000,-0.7000,-13.000,-29.876,1,0.0000,-4.2809,8.5038,1,1,1
16.4005,6.1999,0,2,1,1,1.0000,-0.7000,-13.000,-29.876,1,0.0000,-4.2809,8.5038,1,1,1
16.4506,6.2500,0,2,1,1,1.0000,-0.7000,-13.000,-29.876,1,0.0000,-4.2809,8.5038,1,1,1
16.5015,6.3009,0,2,1,1,1.0000,-0.7000,-13.000,-29.876,1,0.0000,-4.2809,8.5038,1,1,1
16.5516,6.3510,0,2,1,1,1.0000,-0.7000,-13.000,-29.876,1,0.0000,-4.2809,8.5038,1,1,1
16.6021,6.4016,0,2,1,1,1.0000,-0.7000,-13.000,-29.876,1,0.0000,-4.2809,8.5038,1,1,1
16.6528,6.4523,0,2,1,1,1.0000,-0.7000,-13.000,-29.876,1,0.0000,-4.2809,8.5038,1,1,1
16.7029,6.5023,0,2,1,1,1.0000,-0.7000,-13.000,-29.876,1,0.0000,-4.2809,8.5038,1,1,1
16.7534,6.5529,0,2,1,1,1.0000,-0.7000,-13.000,-29.876,1,0.0000,-4.2809,8.5038,1,1,1
16.8036,6.6030,0,2,1,1,1.0000,-0.7000,-13.000,-29.876,1,0.0000,-4.2809,8.5038,1,1,1
16.8541,6.6536,0,2,1,1,1.0000,-0.7000,-13.000,-29.876,1,0.0000,-4.2809,8.5038,1,1,1
16.9045,6.7040,0,2,1,1,1.0000,-0.7000,-13.000,-29.876,1,0.0000,-4.2809,8.5038,1,1,1
16.9547,6.7541,0,2,1,1,1.0000,-0.7000,-13.000,-29.876,1,0.0000,-4.2809,8.5038,1,1,1
17.0050,6.8044,0,2,1,1,1.0000,-0.7000,-13.000,-29.876,1,0.0000,-4.2809,8.5038,1,1,1
17.0556,6.8550,0,2,1,1,1.0000,-0.7000,-13.000,-29.876,1,0.0000,-4.2809,8.5038,1,1,1
17.1059,6.9053,0,2,1,1,1.0000,-0.7000,-13.000,-29.876,1,0.0000,-4.2809,8.5038,1,1,1
17.1563,6.9558,0,2,1,1,1.0000,-0.7000,-13.000,-29.876,1,0.0000,-4.2809,8.5038,1,1,1
17.2067,7.0061,0,2,1,1,1.0000,-0.7000,-13.000,-29.876,1,0.0000,-4.2809,8.5038,1,1,1
17.2568,7.0563,0,2,1,1,1.0000,-0.7000,-13.000,-29.876,1,0.0000,-4.2809,8.5038,1,1,1
17.3069,7.1064,0,2,1,1,1.0000,-0.7000,-13.000,-29.876,1,0.0000,-4.2809,8.5038,1,1,1
17.3569,7.1564,0,2,1,1,1.0000,-0.7000,-13.000,-29.876,1,0.0000,-4.2809,8.5038,1,1,1
17.4073,7.2068,0,2,1,1,1.0000,-0.7000,-13.000,-29.876,1,0.0000,-4.2809,8.5038,1,1,1
17.4577,7.2572,0,2,1,1,1.0000,-0.7000,-13.000,-29.876,1,0.0000,-4.2809,8.5038,1,1,1
17.5081,7.3075,0,2,1,1,1.0000,-0.7000,-13.000,-29.876,1,0.0000,-4.2809,8.5038,1,1,1
17.5585,7.3579,0,2,1,1,1.0000,-0.7000,-13.000,-29.876,1,0.0000,-4.2809,8.5038,1,1,1
17.6092,7.4087,0,2,1,1,1.0000,-0.7000,-13.000,-29.876,1,0.0000,-4.2809,8.5038,1,1,1
17.6595,7.4589,0,2,1,1,1.0000,-0.7000,-13.000,-29.876,1,0.0000,-4.2809,8.5038,1,1,1
17.7101,7.5095,0,2,1,1,1.0000,-0.7000,-13.000,-29.876,1,0.0000,-4.2809,8.5038,1,1,1
17.7609,7.5603,0,2,1,1,1.0000,-0.7000,-13.000,-29.876,1,0.0000,-4.2809,8.5038,1,1,1
17.8115,7.6109,0,2,1,1,1.0000,-0.7000,-13.000,-29.876,1,0.0000,-4.2809,8.5038,1,1,1
17.8617,7.6612,0,2,1,1,1.0000,-0.7000,-13.000,-29.876,1,0.0000,-4.2809,8.5038,1,1,1
17.9124,7.7119,0,2,1,1,1.0000,-0.7000,-13.000,-29.876,1,0.0000,-4.2809,8.5038,1,1,1
17.9626,7.7621,0,2,1,1,1.0000,-0.7000,-13.000,-29.876,1,0.0000,-4.2809,8.5038,1,1,1
18.0131,7.8125,0,2,1,1,1.0000,-0.7000,-13.000,-29.876,1,0.0000,-4.2809,8.5038,1,1,1
18.0635,7.8630,0,2,1,1,1.0000,-0.7000,-13.000,-29.876,1,0.0000,-4.2809,8.5038,1,1,1
18.1136,7.9131,0,2,1,1,1.0000,-0.7000,-13.000,-29.876,1,0.0000,-4.2809,8.5038,1,1,1
18.1636,7.9631,0,2,1,1,1.0000,-0.7000,-13.000,-29.876,1,0.0000,-4.2809,8.5038,1,1,1
18.2137,8.0132,0,2,1,1,1.0000,-0.7000,-13.000,-29.876,1,0.0000,-4.2809,8.5038,1,1,1
18.2653,8.0647,0,2,1,1,1.0000,-0.7000,-13.000,-29.876,1,0.0000,-4.2809,8.5038,1,1,1
18.3153,8.1148,0,2,1,1,1.0000,-0.7000,-13.000,-29.876,1,0.0000,-4.2809,8.5038,1,1,1
18.3656,8.1651,0,2,1,1,1.0000,-0.7000,-13.000,-29.876,1,0.0000,-4.2809,8.5038,1,1,1
18.4159,8.2154,0,2,1,1,1.0000,-0.7000,-13.000,-29.876,1,0.0000,-4.2809,8.5038,1,1,1
18.4664,8.2659,0,2,1,1,1.0000,-0.7000,-13.000,-29.876,1,0.0000,-4.2809,8.5038,1,1,1
18.5166,8.3161,0,2,1,1,1.0000,-0.7000,-13.000,-29.876,1,0.0000,-4.2809,8.5038,1,1,1
18.5668,8.3663,0,2,1,1,1.0000,-0.7000,-13.000,-29.876,1,0.0000,-4.2809,8.5038,1,1,1
18.6173,8.4168,0,2,1,1,1.0000,-0.7000,-13.000,-29.876,1,0.0000,-4.2809,8.5038,1,1,1
18.6678,8.4672,0,2,1,1,1.0000,-0.7000,-13.000,-29.876,1,0.0000,-4.2809,8.5038,1,1,1
18.7181,8.5176,0,2,1,1,1.0000,-0.7000,-13.000,-29.876,1,0.0000,-4.2809,8.5038,1,1,1
18.7683,8.5678,0,2,1,1,1.0000,-0.7000,-13.000,-29.876,1,0.0000,-4.2809,8.5038,1,1,1
18.8189,8.6183,0,2,1,1,1.0000,-0.7000,-13.000,-29.876,1,0.0000,-4.2809,8.5038,1,1,1
18.8696,8.6691,0,2,1,1,1.0000,-0.7000,-13.000,-29.876,1,0.0000,-4.2809,8.5038,1,1,1
18.9198,8.7193,0,2,1,1,1.0000,-0.7000,-13.000,-29.876,1,0.0000,-4.2809,8.5038,1,1,1
18.9703,8.7698,0,2,1,1,1.0000,-0.7000,-13.000,-29.876,1,0.0000,-4.2809,8.5038,1,1,1
19.0211,8.8206,0,2,1,1,1.0000,-0.7000,-13.000,-29.876,1,0.0000,-4.2809,8.5038,1,1,1
19.0717,8.8711,0,2,1,1,1.0000,-0.7000,-13.000,-29.876,1,0.0000,-4.2809,8.5038,1,1,1
19.1222,8.9217,0,2,1,1,1.0000,-0.7000,-13.000,-29.876,1,0.0000,-4.2809,8.5038,1,1,1
19.1727,8.9722,0,2,1,1,1.0000,-0.7000,-13.000,-29.876,1,0.0000,-4.2809,8.5038,1,1,1
19.2233,9.0228,0,2,1,1,1.0000,-0.7000,-13.000,-29.876,1,0.0000,-4.2809,8.5038,1,1,1
19.2741,9.0735,0,2,1,1,1.0000,-0.7000,-13.000,-29.876,1,0.0000,-4.2809,8.5038,1,1,1
19.3255,9.1250,0,2,1,1,1.0000,-0.7000,-13.000,-29.876,1,0.0000,-4.2809,8.5038,1,1,1
19.3760,9.1755,0,2,1,1,1.0000,-0.7000,-13.000,-29.876,1,0.0000,-4.2809,8.5038,1,1,1
19.4265,9.2260,0,2,1,1,1.0000,-0.7000,-13.000,-29.876,1,0.0000,-4.2809,8.5038,1,1,1
19.4767,9.2762,0,2,1,1,1.0000,-0.7000,-13.000,-29.876,1,0.0000,-4.2809,8.5038,1,1,1
19.5272,9.3267,0,2,1,1,1.0000,-0.7000,-13.000,-29.876,1,0.0000,-4.2809,8.5038,1,1,1
19.5778,9.3773,0,2,1,1,1.0000,-0.7000,-13.000,-29.876,1,0.0000,-4.2809,8.5038,1,1,1
19.6284,9.4278,0,2,1,1,1.0000,-0.7000,-13.000,-29.876,1,0.0000,-4.2809,8.5038,1,1,1
19.6785,9.4779,0,2,1,1,1.0000,-0.7000,-13.000,-29.876,1,0.0000,-4.2809,8.5038,1,1,1
19.7287,9.5282,0,2,1,1,1.0000,-0.7000,-13.000,-29.876,1,0.0000,-4.2809,8.5038,1,1,1
19.7788,9.5783,0,2,1,1,1.0000,-0.7000,-13.000,-29.876,1,0.0000,-4.2809,8.5038,1,1,1
19.8295,9.6290,0,2,1,1,1.0000,-0.7000,-13.000,-29.876,1,0.0000,-4.2809,8.5038,1,1,1
19.8800,9.6795,0,2,1,1,1.0000,-0.7000,-13.000,-29.876,1,0.0000,-4.2809,8.5038,1,1,1
19.9306,9.7301,0,2,1,1,1.0000,-0.7000,-13.000,-29.876,1,0.0000,-4.2809,8.5038,1,1,1
19.9810,9.7805,0,2,1,1,1.0000,-0.7000,-13.000,-29.876,1,0.0000,-4.2809,8.5038,1,1,1
20.0313,9.8308,0,2,1,1,1.0000,-0.7000,-13.000,-29.876,1,0.0000,-4.2809,8.5038,1,1,1
20.0818,9.8813,0,2,1,1,1.0000,-0.7000,-13.000,-29.876,1,0.0000,-4.2809,8.5038,1,1,1
20.1321,9.9316,0,2,1,1,1.0000,-0.7000,-13.000,-29.876,1,0.0000,-4.2809,8.5038,1,1,1
20.1827,9.9822,0,2,1,1,1.0000,-0.7000,-13.000,-29.876,1,0.0000,-4.2809,8.5038,1,1,1
20.2331,10.0326,0,2,1,1,1.0000,0.8000,-13.000,-42.587,1,0.0000,-4.2809,8.5038,1,1,1
20.2833,10.0828,0,2,1,1,1.0000,0.8000,-13.000,-42.587,1,0.0000,-4.2809,8.5038,1,1,1
20.3335,10.1329,0,2,1,1,1.0000,0.8000,-13.000,-42.587,1,0.0000,-4.2809,8.5038,1,1,1
20.3835,10.1830,0,2,1,1,1.0000,0.8000,-13.000,-42.587,1,0.0000,-4.2809,8.5038,1,1,1
20.4336,10.2331,0,2,1,1,1.0000,0.8000,-13.000,-42.587,1,0.0000,-4.2809,8.5038,1,1,1
20.4842,10.2836,0,2,1,1,1.0000,0.8000,-13.000,-42.587,1,0.0000,-4.2809,8.5038,1,1,1
20.5345,10.3339,0,2,1,1,1.0000,0.8000,-13.000,-42.587,1,0.0000,-4.2809,8.5038,1,1,1
20.5855,10.3849,0,2,1,1,1.0000,0.8000,-13.000,-42.587,1,0.0000,-4.2809,8.5038,1,1,1
20.6359,10.4354,0,2,1,1,1.0000,0.8000,-13.000,-42.587,1,0.0000,-4.2809,8.5038,1,1,1
20.6864,10.4859,0,2,1,1,1.0000,0.8000,-13.000,-42.587,1,0.0000,-4.2809,8.5038,1,1,1
20.7368,10.5363,0,2,1,1,1.0000,0.8000,-13.000,-42.587,1,0.0000,-4.2809,8.5038,1,1,1
20.7868,10.5863,0,2,1,1,1.0000,0.8000,-13.000,-42.587,1,0.0000,-4.2809,8.5038,1,1,1
20.8374,10.6368,0,2,1,1,1.0000,0.8000,-13.000,-42.587,1,0.0000,-4.2809,8.5038,1,1,1
20.8885,10.6879,0,2,1,1,1.0000,0.8000,-13.000,-42.587,1,0.0000,-4.2809,8.5038,1,1,1
20.9390,10.7384,0,2,1,1,1.0000,0.8000,-13.000,-42.587,1,0.0000,-4.2809,8.5038,1,1,1
20.9895,10.7889,0,2,1,1,1.0000,0.8000,-13.000,-42.587,1,0.0000,-4.2809,8.5038,1,1,1
21.0402,10.8397,0,2,1,1,1.0000,0.8000,-13.000,-42.587,1,0.0000,-4.2809,8.5038,1,1,1
21.0905,10.8900,0,2,1,1,1.0000,0.8000,-13.000,-42.587,1,0.0000,-4.2809,8.5038,1,1,1
21.1410,10.9405,0,2,1,1,1.0000,0.8000,-13.000,-42.587,1,0.0000,-4.2809,8.5038,1,1,1
21.1916,10.9910,0,2,1,1,1.0000,0.8000,-13.000,-42.587,1,0.0000,-4.2809,8.5038,1,1,1
21.2421,11.0415,0,2,1,1,1.0000,0.8000,-13.000,-42.587,1,0.0000,-4.2809,8.5038,1,1,1
21.2924,11.0919,0,2,1,1,1.0000,0.8000,-13.000,-42.587,1,0.0000,-4.2809,8.5038,1,1,1
21.3431,11.1426,0,2,1,1,1.0000,0.8000,-13.000,-42.587,1,0.0000,-4.2809,8.5038,1,1,1
21.3932,11.1927,0,2,1,1,1.0000,0.8000,-13.000,-42.587,1,0.0000,-4.2809,8.5038,1,1,1
21.4446,11.2441,0,2,1,1,1.0000,0.8000,-13.000,-42.587,1,0.0000,-4.2809,8.5038,1,1,1
21.4947,11.2942,0,2,1,1,1.0000,0.8000,-13.000,-42.587,1,0.0000,-4.2809,8.5038,1,1,1
21.5449,11.3444,0,2,1,1,1.0000,0.8000,-13.000,-42.587,1,0.0000,-4.2809,8.5038,1,1,1
21.5950,11.3944,0,2,1,1,1.0000,0.8000,-13.000,-42.587,1,0.0000,-4.2809,8.5038,1,1,1
21.6455,11.4450,0,2,1,1,1.0000,0.8000,-13.000,-42.587,1,0.0000,-4.2809,8.5038,1,1,1
21.6956,11.4950,0,2,1,1,1.0000,0.8000,-13.000,-42.587,1,0.0000,-4.2809,8.5038,1,1,1
21.7459,11.5454,0,2,1,1,1.0000,0.8000,-13.000,-42.587,1,0.0000,-4.2809,8.5038,1,1,1
21.7960,11.5955,0,2,1,1,1.0000,0.8000,-13.000,-42.587,1,0.0000,-4.2809,8.5038,1,1,1
21.8464,11.6459,0,2,1,1,1.0000,0.8000,-13.000,-42.587,1,0.0000,-4.2809,8.5038,1,1,1
21.8970,11.6965,0,2,1,1,1.0000,0.8000,-13.000,-42.587,1,0.0000,-4.2809,8.5038,1,1,1
21.9473,11.7467,0,2,1,1,1.0000,0.8000,-13.000,-42.587,1,0.0000,-4.2809,8.5038,1,1,1
21.9976,11.7971,0,2,1,1,1.0000,0.8000,-13.000,-42.587,1,0.0000,-4.2809,8.5038,1,1,1
22.0478,11.8472,0,2,1,1,1.0000,0.8000,-13.000,-42.587,1,0.0000,-4.2809,8.5038,1,1,1
22.0985,11.8980,0,2,1,1,1.0000,0.8000,-13.000,-42.587,1,0.0000,-4.2809,8.5038,1,1,1
22.1489,11.9483,0,2,1,1,1.0000,0.8000,-13.000,-42.587,1,0.0000,-4.2809,8.5038,1,1,1
22.1993,11.9988,0,2,1,1,1.0000,0.8000,-13.000,-42.587,1,0.0000,-4.2809,8.5038,1,1,1
22.2502,12.0497,0,2,1,1,1.0000,0.8000,-13.000,-42.587,1,0.0000,-4.2809,8.5038,1,1,1
22.3011,12.1006,0,2,1,1,1.0000,0.8000,-13.000,-42.587,1,0.0000,-4.2809,8.5038,1,1,1
22.3512,12.1507,0,2,1,1,1.0000,0.8000,-13.000,-42.587,1,0.0000,-4.2809,8.5038,1,1,1
22.4017,12.2012,0,2,1,1,1.0000,0.8000,-13.000,-42.587,1,0.0000,-4.2809,8.5038,1,1,1
22.4521,12.2516,0,2,1,1,1.0000,0.8000,-13.000,-42.587,1,0.0000,-4.2809,8.5038,1,1,1
22.5022,12.3017,0,2,1,1,1.0000,0.8000,-13.000,-42.587,1,0.0000,-4.2809,8.5038,1,1,1
22.5532,12.3526,0,2,1,1,1.0000,0.8000,-13.000,-42.587,1,0.0000,-4.2809,8.5038,1,1,1
22.6035,12.4030,0,2,1,1,1.0000,0.8000,-13.000,-42.587,1,0.0000,-4.2809,8.5038,1,1,1
22.6538,12.4532,0,2,1,1,1.0000,0.8000,-13.000,-42.587,1,0.0000,-4.2809,8.5038,1,1,1
22.7045,12.5039,0,2,1,1,1.0000,0.8000,-13.000,-42.587,1,0.0000,-4.2809,8.5038,1,1,1
22.7546,12.5541,0,2,1,1,1.0000,0.8000,-13.000,-42.587,1,0.0000,-4.2809,8.5038,1,1,1
22.8047,12.6042,0,2,1,1,1.0000,0.8000,-13.000,-42.587,1,0.0000,-4.2809,8.5038,1,1,1
22.8550,12.6545,0,2,1,1,1.0000,0.8000,-13.000,-42.587,1,0.0000,-4.2809,8.5038,1,1,1
22.9052,12.7047,0,2,1,1,1.0000,0.8000,-13.000,-42.587,1,0.0000,-4.2809,8.5038,1,1,1
22.9557,12.7551,0,2,1,1,1.0000,0.8000,-13.000,-42.587,1,0.0000,-4.2809,8.5038,1,1,1
23.0057,12.8051,0,2,1,1,1.0000,0.8000,-13.000,-42.587,1,0.0000,-4.2809,8.5038,1,1,1
23.0560,12.8555,0,2,1,1,1.0000,0.8000,-13.000,-42.587,1,0.0000,-4.2809,8.5038,1,1,1
23.1068,12.9062,0,2,1,1,1.0000,0.8000,-13.000,-42.587,1,0.0000,-4.2809,8.5038,1,1,1
23.1569,12.9564,0,2,1,1,1.0000,0.8000,-13.000,-42.587,1,0.0000,-4.2809,8.5038,1,1,1
23.2070,13.0064,0,2,1,1,1.0000,0.8000,-13.000,-42.587,1,0.0000,-4.2809,8.5038,1,1,1
23.2578,13.0573,0,2,1,1,1.0000,0.8000,-13.000,-42.587,1,0.0000,-4.2809,8.5038,1,1,1
23.3081,13.1076,0,2,1,1,1.0000,0.8000,-13.000,-42.587,1,0.0000,-4.2809,8.5038,1,1,1
23.3585,13.1579,0,2,1,1,1.0000,0.8000,-13.000,-42.587,1,0.0000,-4.2809,8.5038,1,1,1
23.4088,13.2083,0,2,1,1,1.0000,0.8000,-13.000,-42.587,1,0.0000,-4.2809,8.5038,1,1,1
23.4593,13.2588,0,2,1,1,1.0000,0.8000,-13.000,-42.587,1,0.0000,-4.2809,8.5038,1,1,1
23.5094,13.3089,0,2,1,1,1.0000,0.8000,-13.000,-42.587,1,0.0000,-4.2809,8.5038,1,1,1
23.5596,13.3591,0,2,1,1,1.0000,0.8000,-13.000,-42.587,1,0.0000,-4.2809,8.5038,1,1,1
23.6102,13.4097,0,2,1,1,1.0000,0.8000,-13.000,-42.587,1,0.0000,-4.2809,8.5038,1,1,1
23.6606,13.4601,0,2,1,1,1.0000,0.8000,-13.000,-42.587,1,0.0000,-4.2809,8.5038,1,1,1
23.7115,13.5109,0,2,1,1,1.0000,0.8000,-13.000,-42.587,1,0.0000,-4.2809,8.5038,1,1,1
23.7620,13.5615,0,2,1,1,1.0000,0.8000,-13.000,-42.587,1,0.0000,-4.2809,8.5038,1,1,1
23.8126,13.6121,0,2,1,1,1.0000,0.8000,-13.000,-42.587,1,0.0000,-4.2809,8.5038,1,1,1
23.8628,13.6623,0,2,1,1,1.0000,0.8000,-13.000,-42.587,1,0.0000,-4.2809,8.5038,1,1,1
23.9132,13.7126,0,2,1,1,1.0000,0.8000,-13.000,-42.587,1,0.0000,-4.2809,8.5038,1,1,1
23.9633,13.7628,0,2,1,1,1.0000,0.8000,-13.000,-42.587,1,0.0000,-4.2809,8.5038,1,1,1
24.0136,13.8130,0,2,1,1,1.0000,0.8000,-13.000,-42.587,1,0.0000,-4.2809,8.5038,1,1,1
24.0643,13.8638,0,2,1,1,1.0000,0.8000,-13.000,-42.587,1,0.0000,-4.2809,8.5038,1,1,1
24.1146,13.9140,0,2,1,1,1.0000,0.8000,-13.000,-42.587,1,0.0000,-4.2809,8.5038,1,1,1
24.1650,13.9645,0,2,1,1,1.0000,0.8000,-13.000,-42.587,1,0.0000,-4.2809,8.5038,1,1,1
24.2156,14.0151,0,2,1,1,1.0000,0.8000,-13.000,-42.587,1,0.0000,-4.2809,8.5038,1,1,1
24.2657,14.0651,0,2,1,1,1.0000,0.8000,-13.000,-42.587,1,0.0000,-4.2809,8.5038,1,1,1
24.3161,14.1156,0,2,1,1,1.0000,0.8000,-13.000,-42.587,1,0.0000,-4.2809,8.5038,1,1,1
24.3663,14.1658,0,2,1,1,1.0000,0.8000,-13.000,-42.587,1,0.0000,-4.2809,8.5038,1,1,1
24.4164,14.2159,0,2,1,1,1.0000,0.8000,-13.000,-42.587,1,0.0000,-4.2809,8.5038,1,1,1
24.4668,14.2662,0,2,1,1,1.0000,0.8000,-13.000,-42.587,1,0.0000,-4.2809,8.5038,1,1,1
24.5169,14.3163,0,2,1,1,1.0000,0.8000,-13.000,-42.587,1,0.0000,-4.2809,8.5038,1,1,1
24.5675,14.3670,0,2,1,1,1.0000,0.8000,-13.000,-42.587,1,0.0000,-4.2809,8.5038,1,1,1
24.6178,14.4173,0,2,1,1,1.0000,0.8000,-13.000,-42.587,1,0.0000,-4.2809,8.5038,1,1,1
24.6679,14.4674,0,2,1,1,1.0000,0.8000,-13.000,-42.587,1,0.0000,-4.2809,8.5038,1,1,1
24.7180,14.5174,0,2,1,1,1.0000,0.8000,-13.000,-42.587,1,0.0000,-4.2809,8.5038,1,1,1
24.7680,14.5674,0,2,1,1,1.0000,0.8000,-13.000,-42.587,1,0.0000,-4.2809,8.5038,1,1,1
24.8185,14.6180,0,2,1,1,1.0000,0.8000,-13.000,-42.587,1,0.0000,-4.2809,8.5038,1,1,1
24.8694,14.6689,0,2,1,1,1.0000,0.8000,-13.000,-42.587,1,0.0000,-4.2809,8.5038,1,1,1
24.9199,14.7193,0,2,1,1,1.0000,0.8000,-13.000,-42.587,1,0.0000,-4.2809,8.5038,1,1,1
24.9702,14.7697,0,2,1,1,1.0000,0.8000,-13.000,-42.587,1,0.0000,-4.2809,8.5038,1,1,1
25.0209,14.8204,0,2,1,1,1.0000,0.8000,-13.000,-42.587,1,0.0000,-4.2809,8.5038,1,1,1
25.0711,14.8706,0,2,1,1,1.0000,0.8000,-13.000,-42.587,1,0.0000,-4.2809,8.5038,1,1,1
25.1214,14.9209,0,2,1,1,1.0000,0.8000,-13.000,-42.587,1,0.0000,-4.2809,8.5038,1,1,1
25.1715,14.9710,0,2,1,1,1.0000,0.8000,-13.000,-42.587,1,0.0000,-4.2809,8.5038,1,1,1
25.2223,15.0218,0,2,1,1,1.0000,0.8000,-13.000,-42.587,1,0.0000,-4.2809,8.5038,1,1,1
25.2725,15.0719,0,2,1,1,1.0000,0.8000,-13.000,-42.587,1,0.0000,-4.2809,8.5038,1,1,1
25.3226,15.1221,0,2,1,1,1.0000,0.8000,-13.000,-42.587,1,0.0000,-4.2809,8.5038,1,1,1
25.3733,15.1728,0,2,1,1,1.0000,0.8000,-13.000,-42.587,1,0.0000,-4.2809,8.5038,1,1,1
25.4234,15.2228,0,2,1,1,1.0000,0.8000,-13.000,-42.587,1,0.0000,-4.2809,8.5038,1,1,1
25.4743,15.2738,0,2,1,1,1.0000,0.8000,-13.000,-42.587,1,0.0000,-4.2809,8.5038,1,1,1
25.5244,15.3238,0,2,1,1,1.0000,0.8000,-13.000,-42.587,1,0.0000,-4.2809,8.5038,1,1,1
25.5745,15.3740,0,2,1,1,1.0000,0.8000,-13.000,-42.587,1,0.0000,-4.2809,8.5038,1,1,1
25.6251,15.4246,0,2,1,1,1.0000,0.8000,-13.000,-42.587,1,0.0000,-4.2809,8.5038,1,1,1
25.6752,15.4747,0,2,1,1,1.0000,0.8000,-13.000,-42.587,1,0.0000,-4.2809,8.5038,1,1,1
25.7253,15.5248,0,2,1,1,1.0000,0.8000,-13.000,-42.587,1,0.0000,-4.2809,8.5038,1,1,1
25.7753,15.5748,0,2,1,1,1.0000,0.8000,-13.000,-42.587,1,0.0000,-4.2809,8.5038,1,1,1
25.8262,15.6257,0,2,1,1,1.0000,0.8000,-13.000,-42.587,1,0.0000,-4.2809,8.5038,1,1,1
25.8765,15.6760,0,2,1,1,1.0000,0.8000,-13.000,-42.587,1,0.0000,-4.2809,8.5038,1,1,1
25.9267,15.7261,0,2,1,1,1.0000,0.8000,-13.000,-42.587,1,0.0000,-4.2809,8.5038,1,1,1
25.9768,15.7763,0,2,1,1,1.0000,0.8000,-13.000,-42.587,1,0.0000,-4.2809,8.5038,1,1,1
26.0269,15.8264,0,2,1,1,1.0000,0.8000,-13.000,-42.587,1,0.0000,-4.2809,8.5038,1,1,1
26.0777,15.8771,0,2,1,1,1.0000,0.8000,-13.000,-42.587,1,0.0000,-4.2809,8.5038,1,1,1
26.1281,15.9276,0,2,1,1,1.0000,0.8000,-13.000,-42.587,1,0.0000,-4.2809,8.5038,1,1,1
26.1787,15.9782,0,2,1,1,1.0000,0.8000,-13.000,-42.587,1,0.0000,-4.2809,8.5038,1,1,1
26.2290,16.0285,0,2,1,1,1.0000,0.8000,-13.000,-42.587,1,0.0000,-4.2809,8.5038,1,1,1
26.2791,16.0786,0,2,1,1,1.0000,0.8000,-13.000,-42.587,1,0.0000,-4.2809,8.5038,1,1,1
26.3300,16.1294,0,2,1,1,1.0000,0.8000,-13.000,-42.587,1,0.0000,-4.2809,8.5038,1,1,1
26.3804,16.1799,0,2,1,1,1.0000,0.8000,-13.000,-42.587,1,0.0000,-4.2809,8.5038,1,1,1
26.4310,16.2305,0,2,1,1,1.0000,0.8000,-13.000,-42.587,1,0.0000,-4.2809,8.5038,1,1,1
26.4815,16.2809,0,2,1,1,1.0000,0.8000,-13.000,-42.587,1,0.0000,-4.2809,8.5038,1,1,1
26.5321,16.3316,0,2,1,1,1.0000,0.8000,-13.000,-42.587,1,0.0000,-4.2809,8.5038,1,1,1
26.5828,16.3822,0,2,1,1,1.0000,0.8000,-13.000,-42.587,1,0.0000,-4.2809,8.5038,1,1,1
26.6331,16.4326,0,2,1,1,1.0000,0.8000,-13.000,-42.587,1,0.0000,-4.2809,8.5038,1,1,1
26.6836,16.4831,0,2,1,1,1.0000,0.8000,-13.000,-42.587,1,0.0000,-4.2809,8.5038,1,1,1
26.7336,16.5331,0,2,1,1,1.0000,0.8000,-13.000,-42.587,1,0.0000,-4.2809,8.5038,1,1,1
26.7838,16.5832,0,2,1,1,1.0000,0.8000,-13.000,-42.587,1,0.0000,-4.2809,8.5038,1,1,1
26.8344,16.6339,0,2,1,1,1.0000,0.8000,-13.000,-42.587,1,0.0000,-4.2809,8.5038,1,1,1
26.8848,16.6843,0,2,1,1,1.0000,0.8000,-13.000,-42.587,1,0.0000,-4.2809,8.5038,1,1,1
26.9349,16.7344,0,2,1,1,1.0000,0.8000,-13.000,-42.587,1,0.0000,-4.2809,8.5038,1,1,1
26.9852,16.7847,0,2,1,1,1.0000,0.8000,-13.000,-42.587,1,0.0000,-4.2809,8.5038,1,1,1
27.0357,16.8351,0,2,1,1,1.0000,0.8000,-13.000,-42.587,1,0.0000,-4.2809,8.5038,1,1,1
27.0858,16.8853,0,2,1,1,1.0000,0.8000,-13.000,-42.587,1,0.0000,-4.2809,8.5038,1,1,1
27.1363,16.9358,0,2,1,1,1.0000,0.8000,-13.000,-42.587,1,0.0000,-4.2809,8.5038,1,1,1
27.1867,16.9861,0,2,1,1,1.0000,0.8000,-13.000,-42.587,1,0.0000,-4.2809,8.5038,1,1,1
27.2373,17.0367,0,2,1,1,1.0000,0.8000,-13.000,-42.587,1,0.0000,-4.2809,8.5038,1,1,1
27.2881,17.0876,0,2,1,1,1.0000,0.8000,-13.000,-42.587,1,0.0000,-4.2809,8.5038,1,1,1
27.3384,17.1378,0,2,1,1,1.0000,0.8000,-13.000,-42.587,1,0.0000,-4.2809,8.5038,1,1,1
27.3884,17.1878,0,2,1,1,1.0000,0.8000,-13.000,-42.587,1,0.0000,-4.2809,8.5038,1,1,1
27.4389,17.2383,0,2,1,1,1.0000,0.8000,-13.000,-42.587,1,0.0000,-4.2809,8.5038,1,1,1
27.4896,17.2891,0,2,1,1,1.0000,0.8000,-13.000,-42.587,1,0.0000,-4.2809,8.5038,1,1,1
27.5398,17.3393,0,2,1,1,1.0000,0.8000,-13.000,-42.587,1,0.0000,-4.2809,8.5038,1,1,1
27.5908,17.3902,0,2,1,1,1.0000,0.8000,-13.000,-42.587,1,0.0000,-4.2809,8.5038,1,1,1
27.6411,17.4406,0,2,1,1,1.0000,0.8000,-13.000,-42.587,1,0.0000,-4.2809,8.5038,1,1,1
27.6916,17.4911,0,2,1,1,1.0000,0.8000,-13.000,-42.587,1,0.0000,-4.2809,8.5038,1,1,1
27.7422,17.5416,0,2,1,1,1.0000,0.8000,-13.000,-42.587,1,0.0000,-4.2809,8.5038,1,1,1
27.7926,17.5921,0,2,1,1,1.0000,0.8000,-13.000,-42.587,1,0.0000,-4.2809,8.5038,1,1,1
27.8429,17.6424,0,2,1,1,1.0000,0.8000,-13.000,-42.587,1,0.0000,-4.2809,8.5038,1,1,1
27.8929,17.6924,0,2,1,1,1.0000,0.8000,-13.000,-42.587,1,0.0000,-4.2809,8.5038,1,1,1
27.9436,17.7431,0,2,1,1,1.0000,0.8000,-13.000,-42.587,1,0.0000,-4.2809,8.5038,1,1,1
27.9936,17.7931,0,2,1,1,1.0000,0.8000,-13.000,-42.587,1,0.0000,-4.2809,8.5038,1,1,1
28.0452,17.8447,0,2,1,1,1.0000,0.8000,-13.000,-42.587,1,0.0000,-4.2809,8.5038,1,1,1
28.0960,17.8955,0,2,1,1,1.0000,0.8000,-13.000,-42.587,1,0.0000,-4.2809,8.5038,1,1,1
28.1464,17.9458,0,2,1,1,1.0000,0.8000,-13.000,-42.587,1,0.0000,-4.2809,8.5038,1,1,1
28.1971,17.9966,0,2,1,1,1.0000,0.8000,-13.000,-42.587,1,0.0000,-4.2809,8.5038,1,1,1
28.2494,18.0489,0,2,1,0,-1.0000,0.0000,-10.555,-38.354,2,0.8000,-4.2809,8.5038,-1,-1,-1
28.2996,18.0990,0,2,1,0,-1.0000,0.0000,11.001,0.692,2,0.8000,-4.2809,8.5038,-1,-1,-1
28.3501,18.1496,0,2,1,0,-1.0000,0.0000,13.231,7.582,2,0.8000,-4.2809,8.5038,-1,-1,-1
28.4004,18.1999,0,2,1,0,-1.0000,0.0000,16.467,17.738,2,0.8000,-4.2809,8.5038,-1,-1,-1
28.4513,18.2507,0,2,1,0,-1.0000,0.0000,16.693,18.603,2,0.8000,-4.2809,8.5038,-1,-1,-1
28.5021,18.3016,0,2,1,0,-1.0000,0.0000,14.591,13.671,2,0.8000,-4.2809,8.5038,-1,-1,-1
28.5528,18.3523,0,2,1,0,-1.0000,0.0000,10.868,6.934,2,0.8000,-4.2809,8.5038,-1,-1,-1
28.6028,18.4023,0,2,1,0,-1.0000,0.0000,6.383,1.101,2,0.8000,-4.2809,8.5038,-1,-1,-1
28.6534,18.4529,0,2,1,0,-1.0000,0.0000,2.044,-2.049,2,0.8000,-4.2809,8.5038,-1,-1,-1
28.7035,18.5030,0,2,1,0,-1.0000,0.0000,-1.135,-1.990,2,0.8000,-4.2809,8.5038,-1,-1,-1
28.7540,18.5535,0,2,1,0,-1.0000,0.0000,-2.535,-0.437,2,0.8000,-4.2809,8.5038,-1,-1,-1
28.8051,18.6046,0,2,1,0,-1.0000,0.0000,-1.923,0.000,2,0.8000,-4.2809,8.5038,-1,-1,-1
28.8572,18.6567,0,2,1,0,-1.0000,0.0000,-0.912,0.000,2,0.8000,-4.2809,8.5038,-1,-1,-1
28.9079,18.7074,0,2,1,0,-1.0000,0.0000,-0.528,0.000,0,0.0000,-4.2809,8.5038,-1,-1,-1
28.9584,18.7579,0,2,1,0,-1.0000,0.0000,0.128,0.000,0,0.0000,-4.2809,8.5038,-1,-1,-1
29.0092,18.8087,0,2,1,0,-1.0000,0.0000,1.021,0.000,0,0.0000,-4.2809,8.5038,-1,-1,-1
29.0598,18.8593,0,2,1,0,-1.0000,0.0000,2.020,0.000,0,0.0000,-4.2809,8.5038,-1,-1,-1
29.1103,18.9097,0,2,1,0,-1.0000,0.0000,3.020,0.000,0,0.0000,-4.2809,8.5038,-1,-1,-1
29.1605,18.9600,0,2,1,0,-1.0000,0.0000,3.898,0.000,0,0.0000,-4.2809,8.5038,-1,-1,-1
29.2108,19.0102,0,2,1,0,-1.0000,0.0000,4.580,0.000,0,0.0000,-4.2809,8.5038,-1,-1,-1
29.2611,19.0605,0,2,1,0,-1.0000,0.0000,4.939,0.000,0,0.0000,-4.2809,8.5038,-1,-1,-1
29.3111,19.1106,0,2,1,0,-1.0000,0.0000,4.879,0.000,0,0.0000,-4.2809,8.5038,-1,-1,-1
29.3615,19.1610,0,2,1,0,-1.0000,0.0000,4.270,0.000,0,0.0000,-4.2809,8.5038,-1,-1,-1
29.4118,19.2113,0,2,1,0,-1.0000,0.0000,3.319,0.000,0,0.0000,-4.2809,8.5038,-1,-1,-1
29.4627,19.2622,0,2,1,0,-1.0000,0.0000,2.197,0.000,0,0.0000,-4.2809,8.5038,-1,-1,-1
29.5132,19.3126,0,2,1,0,-1.0000,0.0000,1.132,0.000,0,0.0000,-4.2809,8.5038,-1,-1,-1
29.5643,19.3638,0,2,1,0,-1.0000,0.0000,0.401,0.000,0,0.0000,-4.2809,8.5038,-1,-1,-1
29.6147,19.4141,0,2,1,0,-1.0000,0.0000,0.008,0.000,0,0.0000,-4.2809,8.5038,-1,-1,-1
29.6649,19.4643,0,2,1,0,-1.0000,0.0000,-0.320,0.000,0,0.0000,-4.2809,8.5038,-1,-1,-1
29.7151,19.5146,0,2,1,0,-1.0000,0.0000,-1.070,0.000,0,0.0000,-4.2809,8.5038,-1,-1,-1
29.7659,19.5654,0,2,1,0,-1.0000,0.0000,-2.136,0.000,0,0.0000,-4.2809,8.5038,-1,-1,-1
29.8164,19.6158,0,2,1,0,-1.0000,0.0000,-3.253,0.000,0,0.0000,-4.2809,8.5038,-1,-1,-1
29.8667,19.6662,0,2,1,0,-1.0000,0.0000,-4.217,0.000,0,0.0000,-4.2809,8.5038,-1,-1,-1
29.9175,19.7169,0,2,1,0,-1.0000,0.0000,-4.867,0.000,0,0.0000,-4.2809,8.5038,-1,-1,-1
29.9679,19.7674,0,2,1,0,-1.0000,0.0000,-4.947,0.000,0,0.0000,-4.2809,8.5038,-1,-1,-1
30.0184,19.8179,0,2,1,0,-1.0000,0.0000,-4.611,0.000,0,0.0000,-4.2809,8.5038,-1,-1,-1
30.0684,19.8679,0,2,1,0,-1.0000,0.0000,-3.940,0.000,0,0.0000,-4.2809,8.5038,-1,-1,-1
30.1191,19.9186,0,2,1,0,-1.0000,0.0000,-3.065,0.000,0,0.0000,-4.2809,8.5038,-1,-1,-1
30.1697,19.9692,0,2,1,0,-1.0000,0.0000,-2.074,0.000,0,0.0000,-4.2809,8.5038,-1,-1,-1
30.2202,20.0197,0,2,1,0,-1.0000,0.0000,-1.083,0.000,0,0.0000,-4.2809,8.5038,-1,-1,-1
30.2705,20.0700,0,2,1,0,-1.0000,0.0000,-0.199,0.000,0,0.0000,-4.2809,8.5038,-1,-1,-1
30.3212,20.1207,0,2,1,0,-1.0000,0.0000,0.641,0.000,0,0.0000,-4.2809,8.5038,-1,-1,-1
30.3721,20.1716,0,2,1,0,-1.0000,0.0000,1.608,0.000,0,0.0000,-4.2809,8.5038,-1,-1,-1
30.4224,20.2219,0,2,1,0,-1.0000,0.0000,2.604,0.000,0,0.0000,-4.2809,8.5038,-1,-1,-1
30.4731,20.2725,0,2,1,0,-1.0000,0.0000,3.548,0.000,0,0.0000,-4.2809,8.5038,-1,-1,-1
30.5246,20.3241,0,2,1,0,-1.0000,0.0000,4.339,0.000,0,0.0000,-4.2809,8.5038,-1,-1,-1
30.5749,20.3743,0,2,1,0,-1.0000,0.0000,4.843,0.000,0,0.0000,-4.2809,8.5038,-1,-1,-1
30.6259,20.4253,0,2,1,0,-1.0000,0.0000,4.959,0.000,0,0.0000,-4.2809,8.5038,-1,-1,-1
30.6767,20.4762,0,2,1,0,-1.0000,0.0000,4.548,0.000,0,0.0000,-4.2809,8.5038,-1,-1,-1
30.7269,20.5264,0,2,1,0,-1.0000,0.0000,3.697,0.000,0,0.0000,-4.2809,8.5038,-1,-1,-1
30.7777,20.5771,0,2,1,0,-1.0000,0.0000,2.612,0.000,0,0.0000,-4.2809,8.5038,-1,-1,-1
30.8277,20.6272,0,2,1,0,-1.0000,0.0000,1.521,0.000,0,0.0000,-4.2809,8.5038,-1,-1,-1
30.8777,20.6772,0,2,1,0,-1.0000,0.0000,0.603,0.000,0,0.0000,-4.2809,8.5038,-1,-1,-1
30.9283,20.7278,0,2,1,0,-1.0000,0.0000,0.164,0.000,0,0.0000,-4.2809,8.5038,-1,-1,-1
30.9786,20.7781,0,2,1,0,-1.0000,0.0000,-0.122,0.000,0,0.0000,-4.2809,8.5038,-1,-1,-1
31.0287,20.8282,0,2,1,0,-1.0000,0.0000,-0.720,0.000,0,0.0000,-4.2809,8.5038,-1,-1,-1
31.0789,20.8784,0,2,1,0,-1.0000,0.0000,-1.657,0.000,0,0.0000,-4.2809,8.5038,-1,-1,-1
31.1293,20.9288,0,2,1,0,-1.0000,0.0000,-2.760,0.000,0,0.0000,-4.2809,8.5038,-1,-1,-1
31.1801,20.9796,0,2,1,0,-1.0000,0.0000,-3.836,0.000,0,0.0000,-4.2809,8.5038,-1,-1,-1
31.2305,21.0299,0,2,1,0,-1.0000,0.0000,-4.627,0.000,0,0.0000,-4.2809,8.5038,-1,-1,-1
31.2814,21.0809,0,2,1,0,-1.0000,0.0000,-4.988,0.000,0,0.0000,-4.2809,8.5038,-1,-1,-1
31.3314,21.1309,0,2,1,0,-1.0000,0.0000,-4.795,0.000,0,0.0000,-4.2809,8.5038,-1,-1,-1
31.3820,21.1814,0,2,1,0,-1.0000,0.0000,-4.263,0.000,0,0.0000,-4.2809,8.5038,-1,-1,-1
31.4320,21.2315,0,2,1,0,-1.0000,0.0000,-3.462,0.000,0,0.0000,-4.2809,8.5038,-1,-1,-1
31.4823,21.2818,0,2,1,0,-1.0000,0.0000,-2.517,0.000,0,0.0000,-4.2809,8.5038,-1,-1,-1
31.5328,21.3323,0,2,1,0,-1.0000,0.0000,-1.515,0.000,0,0.0000,-4.2809,8.5038,-1,-1,-1
31.5836,21.3831,0,2,1,0,-1.0000,0.0000,-0.557,0.000,0,0.0000,-4.2809,8.5038,-1,-1,-1
31.6337,21.4332,0,2,1,0,-1.0000,0.0000,0.264,0.000,0,0.0000,-4.2809,8.5038,-1,-1,-1
31.6837,21.4832,0,2,1,0,-1.0000,0.0000,1.151,0.000,0,0.0000,-4.2809,8.5038,-1,-1,-1
31.7339,21.5333,0,2,1,0,-1.0000,0.0000,2.140,0.000,0,0.0000,-4.2809,8.5038,-1,-1,-1
31.7841,21.5836,0,2,1,0,-1.0000,0.0000,3.123,0.000,0,0.0000,-4.2809,8.5038,-1,-1,-1
31.8345,21.6340,0,2,1,0,-1.0000,0.0000,3.982,0.000,0,0.0000,-4.2809,8.5038,-1,-1,-1
31.8854,21.6849,0,2,1,0,-1.0000,0.0000,4.649,0.000,0,0.0000,-4.2809,8.5038,-1,-1,-1
31.9363,21.7358,0,2,1,0,-1.0000,0.0000,4.958,0.000,0,0.0000,-4.2809,8.5038,-1,-1,-1
31.9865,21.7860,0,2,1,0,-1.0000,0.0000,4.830,0.000,0,0.0000,-4.2809,8.5038,-1,-1,-1
32.0367,21.8362,0,2,1,0,-1.0000,0.0000,4.146,0.000,0,0.0000,-4.2809,8.5038,-1,-1,-1
32.0873,21.8868,0,2,1,0,-1.0000,0.0000,3.156,0.000,0,0.0000,-4.2809,8.5038,-1,-1,-1
32.1379,21.9374,0,2,1,0,-1.0000,0.0000,2.032,0.000,0,0.0000,-4.2809,8.5038,-1,-1,-1
32.1884,21.9879,0,2,1,0,-1.0000,0.0000,0.997,0.000,0,0.0000,-4.2809,8.5038,-1,-1,-1
32.2391,22.0386,0,2,1,0,-1.0000,0.0000,0.346,0.000,0,0.0000,-4.2809,8.5038,-1,-1,-1
32.2894,22.0889,0,2,1,0,-1.0000,0.0000,-0.025,0.000,0,0.0000,-4.2809,8.5038,-1,-1,-1
32.3402,22.1397,0,2,1,0,-1.0000,0.0000,-0.407,0.000,0,0.0000,-4.2809,8.5038,-1,-1,-1
32.3906,22.1901,0,2,1,0,-1.0000,0.0000,-1.225,0.000,0,0.0000,-4.2809,8.5038,-1,-1,-1
32.4408,22.2402,0,2,1,0,-1.0000,0.0000,-2.291,0.000,0,0.0000,-4.2809,8.5038,-1,-1,-1
32.4914,22.2908,0,2,1,0,-1.0000,0.0000,-3.400,0.000,0,0.0000,-4.2809,8.5038,-1,-1,-1
32.5414,22.3409,0,2,1,0,-1.0000,0.0000,-4.333,0.000,0,0.0000,-4.2809,8.5038,-1,-1,-1
32.5914,22.3909,0,2,1,0,-1.0000,0.0000,-4.893,0.000,0,0.0000,-4.2809,8.5038,-1,-1,-1
32.6421,22.4416,0,2,1,0,-1.0000,0.0000,-4.928,0.000,0,0.0000,-4.2809,8.5038,-1,-1,-1
32.6926,22.4921,0,2,1,0,-1.0000,0.0000,-4.530,0.000,0,0.0000,-4.2809,8.5038,-1,-1,-1
32.7428,22.5423,0,2,1,0,-1.0000,0.0000,-3.834,0.000,0,0.0000,-4.2809,8.5038,-1,-1,-1
32.7934,22.5928,0,2,1,0,-1.0000,0.0000,-2.935,0.000,0,0.0000,-4.2809,8.5038,-1,-1,-1
32.8436,22.6431,0,2,1,0,-1.0000,0.0000,-1.946,0.000,0,0.0000,-4.2809,8.5038,-1,-1,-1
32.8941,22.6935,0,2,1,0,-1.0000,0.0000,-0.965,0.000,0,0.0000,-4.2809,8.5038,-1,-1,-1
32.9444,22.7439,0,2,1,0,-1.0000,0.0000,-0.094,0.000,0,0.0000,-4.2809,8.5038,-1,-1,-1
32.9949,22.7944,0,2,1,0,-1.0000,0.0000,0.764,0.000,0,0.0000,-4.2809,8.5038,-1,-1,-1
33.0453,22.8448,0,2,1,0,-1.0000,0.0000,1.738,0.000,0,0.0000,-4.2809,8.5038,-1,-1,-1
33.0957,22.8952,0,2,1,0,-1.0000,0.0000,2.739,0.000,0,0.0000,-4.2809,8.5038,-1,-1,-1
33.1466,22.9461,0,2,1,0,-1.0000,0.0000,3.678,0.000,0,0.0000,-4.2809,8.5038,-1,-1,-1
33.1973,22.9968,0,2,1,0,-1.0000,0.0000,4.417,0.000,0,0.0000,-4.2809,8.5038,-1,-1,-1
33.2476,23.0471,0,2,1,0,-1.0000,0.0000,4.894,0.000,0,0.0000,-4.2809,8.5038,-1,-1,-1
33.2985,23.0980,0,2,1,0,-1.0000,0.0000,4.932,0.000,0,0.0000,-4.2809,8.5038,-1,-1,-1
33.3490,23.1485,0,2,1,0,-1.0000,0.0000,4.479,0.000,0,0.0000,-4.2809,8.5038,-1,-1,-1
33.3992,23.1987,0,2,1,0,-1.0000,0.0000,3.575,0.000,0,0.0000,-4.2809,8.5038,-1,-1,-1
33.4498,23.2492,0,2,1,0,-1.0000,0.0000,2.483,0.000,0,0.0000,-4.2809,8.5038,-1,-1,-1
33.5003,23.2998,0,2,1,0,-1.0000,0.0000,1.393,0.000,0,0.0000,-4.2809,8.5038,-1,-1,-1
33.5506,23.3501,0,2,1,0,-1.0000,0.0000,0.508,0.000,0,0.0000,-4.2809,8.5038,-1,-1,-1
33.6010,23.4005,0,2,1,0,-1.0000,0.0000,0.114,0.000,0,0.0000,-4.2809,8.5038,-1,-1,-1
33.6516,23.4510,0,2,1,0,-1.0000,0.0000,-0.169,0.000,0,0.0000,-4.2809,8.5038,-1,-1,-1
33.7027,23.5021,0,2,1,0,-1.0000,0.0000,-0.862,0.000,0,0.0000,-4.2809,8.5038,-1,-1,-1
33.7527,23.5522,0,2,1,0,-1.0000,0.0000,-1.843,0.000,0,0.0000,-4.2809,8.5038,-1,-1,-1
33.8031,23.6026,0,2,1,0,-1.0000,0.0000,-2.962,0.000,0,0.0000,-4.2809,8.5038,-1,-1,-1
33.8540,23.6535,0,2,1,0,-1.0000,0.0000,-4.004,0.000,0,0.0000,-4.2809,8.5038,-1,-1,-1
33.9047,23.7042,0,2,1,0,-1.0000,0.0000,-4.735,0.000,0,0.0000,-4.2809,8.5038,-1,-1,-1
