time,elapsed,local,host,charge,windup,active,remaining,circles,sky,frontStun,rearStun,casterStun,frontElement,centreX,centreZ,casterX,casterZ,gameTime,realTime,frameDelta,frontX,frontZ,rearX,rearZ,phaister,charIndex,heroMode,roomPick,castAge
14.2299779280019,0.05998993,0,1,13,0,0,0,0,0,0,0,0,0,0,0,0,-8,10.122173228458,14.2411977020408,0.0534557,3.5,-8,0,7,1,5,1,5,-1
14.280268046495,0.09998322,0,1,13,0,0,0,0,0,0,0,0,0,0,0,0,-8,10.1729713293651,14.2827007020408,0.0507981,3.5,-8,0,7,1,5,1,5,-1
14.3306779027265,0.1599731,0,1,13,0,0,0,0,0,0,0,0,0,0,0,0,-8,10.223337329932,14.3324851020408,0.003752799,3.5,-8,0,7,1,5,1,5,-1
14.3815878961724,0.1999664,0,1,13,0,0,0,0,0,0,0,0,0,0,0,0,-8,10.2742439271542,14.3825848020408,0.004476594,3.5,-8,0,7,1,5,1,5,-1
14.4357185756392,0.2599564,0,1,13,0,0,0,0,0,0,0,0,0,0,0,0,-8,10.3283173327664,14.4370277020408,0.007356505,3.5,-8,0,7,1,5,1,5,-1
14.4893406441761,0.3199463,0,1,13,0,0,0,0,0,0,0,0,0,0,0,0,-8,10.3820548327664,14.4911580020408,0.006044402,3.5,-8,0,7,1,5,1,5,-1
14.5406060214061,0.3599396,0,1,13,0,0,0,0,0,0,0,0,0,0,0,0,-8,10.4332521329365,14.5415419020408,0.004059907,3.5,-8,0,7,1,5,1,5,-1
14.5955133742909,0.4199295,0,1,13,0,0,0,0,0,0,0,0,0,0,0,0,-8,10.4881561295351,14.5973786020408,0.0058929,3.5,-8,0,7,1,5,1,5,-1
14.6468479050114,0.4599228,0,1,13,0,0,0,0,0,0,0,0,0,0,0,0,-8,10.5395198270975,14.6477278020408,0.003679896,3.5,-8,0,7,1,5,1,5,-1
14.7002706195856,0.5199127,0,1,13,0,0,0,0,0,0,0,0,0,0,0,0,-8,10.5929242276077,14.7015422020408,0.0037464,3.5,-8,0,7,1,5,1,5,-1
14.7571042471775,0.5799026,0,1,13,0,0,0,0,0,0,0,0,0,0,0,0,-8,10.6497143282313,14.7579489020408,0.007132696,3.5,-8,0,7,1,5,1,5,-1
14.8105730344774,0.6398926,0,1,13,0,0,0,0,0,0,0,0,0,0,0,0,-8,10.7032294288549,14.8131509020408,0.004048001,3.5,-8,0,7,1,5,1,5,-1
14.8629793605045,0.6798859,0,1,13,0,0,0,0,0,0,0,0,0,0,0,0,-8,10.7556775297619,14.8643598020408,0.003476701,3.5,-8,0,7,1,5,1,5,-1
14.9138360159914,0.7398758,0,1,13,0,0,0,0,0,0,0,0,0,0,0,0,-8,10.8065215277778,14.9150984020408,0.003053897,3.5,-8,0,7,1,5,1,5,-1
14.9642842738237,0.7798691,0,1,13,0,0,0,0,0,0,0,0,0,0,0,0,-8,10.8569532312925,14.9653616020408,0.003170699,3.5,-8,0,7,1,5,1,5,-1
15.0165057007736,0.839859,0,1,13,0,0,0,0,0,0,0,0,0,0,0,0,-8,10.9092719316893,15.0190459020408,0.0129164,3.5,-8,0,7,1,5,1,5,-1
15.0672286468209,0.8798523,0,1,13,0,0,0,0,0,0,0,0,0,0,0,0,-8,10.9598910289116,15.0682634020408,0.004152501,3.5,-8,0,7,1,5,1,5,-1
15.1200996923633,0.9398422,0,1,13,0,0,0,0,0,0,0,0,0,0,0,0,-8,11.0127507298753,15.1207187020408,0.002925,3.5,-8,0,7,1,5,1,5,-1
15.1704063190497,0.9998322,0,1,13,0,0,0,0,0,0,0,0,0,0,0,0,-8,11.063096832483,15.1723487020408,0.004122506,3.5,-8,0,7,1,5,1,5,-1
15.2208545105415,1.039825,0,1,13,0,0,0,0,0,0,0,0,0,0,0,0,-8,11.1135500283447,15.2219077020408,0.003177098,3.5,-8,0,7,1,5,1,5,-1
15.2728979801806,1.099815,0,1,13,0,0,0,0,0,0,0,0,0,0,0,0,-8,11.1655309311224,15.2738220020408,0.004529904,3.5,-8,0,7,1,5,1,5,-1
15.3270094837085,1.139809,0,1,13,0,0,0,0,0,0,0,0,0,0,0,0,-8,11.2196355300454,15.3278612020408,0.004617602,3.5,-8,0,7,1,5,1,5,-1
15.379897614012,1.199799,0,1,13,0,0,0,0,0,0,0,0,0,0,0,0,-8,11.2725664328231,15.3808403020408,0.003035006,3.5,-8,0,7,1,5,1,5,-1
15.430764619275,1.259789,0,1,13,0,0,0,0,0,0,0,0,0,0,0,0,-8,11.3234036281179,15.4326370020408,0.0036473,3.5,-8,0,7,1,5,1,5,-1
15.4808260697499,1.299782,0,1,13,0,0,0,0,0,0,0,0,0,0,0,0,-8,11.3734656320862,15.4825371020408,0.003227799,3.5,-8,0,7,1,5,1,5,-1
15.5332757749083,1.359772,0,1,13,0,0,0,0,0,0,0,0,0,0,0,0,-8,11.4259802295918,15.5343177020408,0.005616603,3.5,-8,0,7,1,5,1,5,-1
15.5866210663202,1.399765,0,1,13,0,0,0,0,0,0,0,0,0,0,0,0,-8,11.4793213293651,15.5876354020408,0.004230903,3.5,-8,0,7,1,5,1,5,-1
15.6397320183483,1.459755,0,1,13,0,0,0,0,0,0,0,0,0,0,0,0,-8,11.5323921272676,15.6406382020408,0.004762698,3.5,-8,0,7,1,5,1,5,-1
15.6935966548091,1.519745,0,1,13,0,0,0,0,0,0,0,0,0,0,0,0,-8,11.5862409297052,15.6948654020408,0.006182398,3.5,-8,0,7,1,5,1,5,-1
15.7444074787223,1.559738,0,1,13,0,0,0,0,0,0,0,0,0,0,0,0,-8,11.6370578302154,15.7453143020408,0.004772598,3.5,-8,0,7,1,5,1,5,-1
15.7975362855499,1.619728,0,1,13,0,0,0,0,0,0,0,0,0,0,0,0,-8,11.6902231292517,15.7996604020408,0.003988202,3.5,-8,0,7,1,5,1,5,-1
15.8540948567842,1.679718,0,1,13,0,0,0,0,0,0,0,0,0,0,0,0,-8,11.7467070294785,15.8559712020408,0.006514101,3.5,-8,0,7,1,5,1,5,-1
15.9072251034575,1.719711,0,1,13,0,0,0,0,0,0,0,0,0,0,0,0,-8,11.799871832483,15.9081398020408,0.004545004,3.5,-8,0,7,1,5,1,5,-1
15.9573523210385,1.779701,0,1,13,0,0,0,0,0,0,0,0,0,0,0,0,-8,11.8500775297619,15.9587668020408,0.006450999,3.5,-8,0,7,1,5,1,5,-1
16.021565990604,1.839691,0,1,13,0,0,0,0,0,0,0,0,0,0,0,0,-8,11.914371832483,16.0252663020408,0.0163242,3.5,-8,0,7,1,5,1,5,-1
16.0791435233597,1.899681,0,1,13,0,0,0,0,0,0,0,0,0,0,0,0,-8,11.9717511267007,16.0806295020408,0.008038294,3.5,-8,0,7,1,5,1,5,-1
16.1301848524366,1.959671,0,1,13,0,0,0,0,0,0,0,0,0,0,0,0,-8,12.0228273313492,16.1323258020408,0.005121705,3.5,-8,0,7,1,5,1,5,-1
16.1840421383269,1.999664,0,1,13,0,0,0,0,0,0,0,0,0,0,0,0,-8,12.0766841269841,16.1849183020408,0.004227898,3.5,-8,0,7,1,5,1,5,-1
16.2347343629715,2.059654,0,1,13,0,0,0,0,0,0,0,0,0,0,0,0,-8,12.1273841269841,16.2365526020408,0.005461395,3.5,-8,0,7,1,5,1,5,-1
16.2887834426411,2.119644,0,1,13,0,0,0,0,0,0,0,0,0,0,0,0,-8,12.1814073270975,16.2904567020408,0.004775397,3.5,-8,0,7,1,5,1,5,-1
16.3407367721293,2.159637,0,1,13,0,0,0,0,0,0,0,0,0,0,0,0,-8,12.2334370323129,16.3420933020408,0.004869402,3.5,-8,0,7,1,5,1,5,-1
16.3940138993226,2.219627,0,1,13,0,0,0,0,0,0,0,0,0,0,0,0,-8,12.2866394274376,16.3952852020408,0.0062357,3.5,-8,0,7,1,5,1,5,-1
16.4461211282806,2.259621,0,1,13,0,0,0,0,0,0,0,0,0,0,0,0,-8,12.3387622307256,16.4475455020408,0.005105102,3.5,-8,0,7,1,5,1,5,-1
16.4980049567483,2.319611,0,1,13,0,0,0,0,0,0,0,0,0,0,0,0,-8,12.3906416312358,16.4988860020408,0.005666404,3.5,-8,0,7,1,5,1,5,-1
16.5524492806732,2.379601,0,1,13,0,0,0,0,0,0,0,0,0,0,0,0,-8,12.4451334325397,16.5535822020408,0.004787705,3.5,-8,0,7,1,5,1,5,-1
16.6073929719767,2.43959,0,1,13,0,0,0,0,0,0,0,0,0,0,0,0,-8,12.5000883290816,16.6089968020408,0.006257703,3.5,-8,0,7,1,5,1,5,-1
16.6607511701644,2.479584,0,1,13,0,0,0,0,0,0,0,0,0,0,0,0,-8,12.5534236323696,16.6622617020408,0.003804004,3.5,-8,0,7,1,5,1,5,-1
16.711356131162,2.539574,0,1,13,0,0,0,0,0,0,0,0,0,0,0,0,-8,12.6040314271542,16.7133186020408,0.004228798,3.5,-8,0,7,1,5,1,5,-1
16.7649522774573,2.579567,0,1,13,0,0,0,0,0,0,0,0,0,0,0,0,-8,12.6576478316327,16.7668588020408,0.004401601,3.5,-8,0,7,1,5,1,5,-1
16.8149548178562,2.639557,0,1,13,0,0,0,0,0,0,0,0,0,0,0,0,-8,12.7076480300454,16.8163700020408,0.005013201,3.5,-8,0,7,1,5,1,5,-1
16.865774433983,2.67955,0,1,13,0,0,0,0,0,0,0,0,0,0,0,0,-8,12.7584041312358,16.8665981020408,0.004046705,3.5,-8,0,7,1,5,1,5,-1
16.9168802083749,2.73954,0,1,13,0,0,0,0,0,0,0,0,0,0,0,0,-8,12.8095560303288,16.9176684020408,0.002838003,3.5,-8,0,7,1,5,1,5,-1
16.9673262875015,2.79953,0,1,13,0,0,0,0,0,0,0,0,0,0,0,0,-8,12.8599975269274,16.9685593020408,0.002721294,3.5,-8,0,7,1,5,1,5,-1
17.0215317859827,2.839523,0,1,13,0,0,0,0,0,0,0,0,0,0,0,0,-8,12.9143174319728,17.0237032020408,0.0151869,3.5,-8,0,7,1,5,1,5,-1
17.0756498618098,2.899513,0,1,13,0,0,0,0,0,0,0,0,0,0,0,0,-8,12.9683452310091,17.0765780020408,0.004501204,3.5,-8,0,7,1,5,1,5,-1
17.1266373254126,2.939507,0,1,13,0,0,0,0,0,0,0,0,0,0,0,0,-8,13.0192892290249,17.1279241020408,0.004684297,3.5,-8,0,7,1,5,1,5,-1
17.1782585553289,2.999496,0,1,13,0,0,0,0,0,0,0,0,0,0,0,0,-8,13.0709142290249,17.1791849020408,0.0040822,3.5,-8,0,7,1,5,1,5,-1
17.2301370096835,3.059486,0,1,13,0,0,0,0,0,0,0,0,0,0,0,0,-8,13.1227894274376,17.2314829020408,0.003382299,3.5,-8,0,7,1,5,1,5,-1
17.2825896617188,3.09948,0,1,13,0,0,0,0,0,0,0,0,0,0,0,0,-8,13.1752858276644,17.2834775020408,0.003941801,3.5,-8,0,7,1,5,1,5,-1
17.3345378355845,3.15947,0,1,13,0,0,0,0,0,0,0,0,0,0,0,0,-8,13.2272047264739,17.3353438020408,0.002878699,3.5,-8,0,7,1,5,1,5,-1
17.3864404375921,3.199463,0,1,13,0,0,0,0,0,0,0,0,0,0,0,0,-8,13.2790855300454,17.3870605020408,0.002566702,3.5,-8,0,7,1,5,1,5,-1
17.4396363165439,3.259453,0,1,13,0,0,0,0,0,0,0,0,0,0,0,0,-8,13.3322742276077,17.4408582020408,0.003359999,3.5,-8,0,7,1,5,1,5,-1
17.4938139378768,3.319443,0,1,13,0,0,0,0,0,0,0,0,0,0,0,0,-8,13.3864440263605,17.4948299020408,0.004753096,3.5,-8,0,7,1,5,1,5,-1
17.5453895150428,3.359436,0,1,13,0,0,0,0,0,0,0,0,0,0,0,0,-8,13.4380413265306,17.5460259020408,0.004038896,3.5,-8,0,7,1,5,1,5,-1
17.596762732307,3.419426,0,1,13,0,0,0,0,0,0,0,0,0,0,0,0,-8,13.4894314271542,17.5976993020408,0.004243396,3.5,-8,0,7,1,5,1,5,-1
17.6471644448116,3.459419,0,1,13,0,0,0,0,0,0,0,0,0,0,0,0,-8,13.5398109268707,17.6479235020408,0.003505095,3.5,-8,0,7,1,5,1,5,-1
17.6990900974069,3.519409,0,1,13,0,0,0,0,0,0,0,0,0,0,0,0,-8,13.5917918296485,17.7000521020408,0.004880797,3.5,-8,0,7,1,5,1,5,-1
17.7499346468667,3.579399,0,1,13,0,0,0,0,0,0,0,0,0,0,0,0,-8,13.6425680272109,17.7523662020408,0.0038777,3.5,-8,0,7,1,5,1,5,-1
17.7999565510498,3.619392,0,1,13,0,0,0,0,0,0,0,0,0,0,0,0,-8,13.6926494331066,17.8009407020408,0.0039937,3.5,-8,0,7,1,5,1,5,-1
17.8536138704652,3.679382,0,1,13,0,0,0,0,0,0,0,0,0,0,0,0,-8,13.7462465277778,17.8544394020408,0.004733596,3.5,-8,0,7,1,5,1,5,-1
17.9066513151978,3.719376,0,1,13,0,0,0,0,0,0,0,0,0,0,0,0,-8,13.7993230300454,17.9075753020408,0.003860502,3.5,-8,0,7,1,5,1,5,-1
17.9601757464139,3.779366,0,1,13,0,0,0,0,0,0,0,0,0,0,0,0,-8,13.8528215277778,17.9611719020408,0.004374596,3.5,-8,0,7,1,5,1,5,-1
18.0105967514357,3.839355,0,1,13,0,0,0,0,0,0,0,0,0,0,0,0,-8,13.9032785289116,18.0119648020408,0.004478798,3.5,-8,0,7,1,5,1,5,-1
18.0630893409858,3.879349,0,1,13,0,0,0,0,0,0,0,0,0,0,0,0,-8,13.9557966269841,18.0638278020408,0.004557299,3.5,-8,0,7,1,5,1,5,-1
18.1142824689881,3.939339,0,1,13,0,0,0,0,0,0,0,0,0,0,0,0,-8,14.0069812287415,18.1154123020408,0.004236798,3.5,-8,0,7,1,5,1,5,-1
18.1657393944589,3.979332,0,1,13,0,0,0,0,0,0,0,0,0,0,0,0,-8,14.0583999291383,18.1670437020408,0.003430697,3.5,-8,0,7,1,5,1,5,-1
18.2196437191986,4.039322,0,1,13,0,0,0,0,0,0,0,0,0,0,0,0,-8,14.1123355300454,18.2205711020408,0.004533199,3.5,-8,0,7,1,5,1,5,-1
18.2726586090541,4.099312,0,1,13,0,0,0,0,0,0,0,0,0,0,0,0,-8,14.1653378330499,18.2737840020408,0.004289803,3.5,-8,0,7,1,5,1,5,-1
18.3242520417669,4.139305,0,1,13,0,0,0,0,0,0,0,0,0,0,0,0,-8,14.2169098285147,18.3252783020408,0.003320195,3.5,-8,0,7,1,5,1,5,-1
18.3756174116046,4.199295,0,1,13,0,0,0,0,0,0,0,0,0,0,0,0,-8,14.2683272321429,18.3766006020408,0.004555705,3.5,-8,0,7,1,5,1,5,-1
18.4263270884007,4.239288,0,1,13,0,0,0,0,0,0,0,0,0,0,0,0,-8,14.3190146329365,18.4272081020408,0.003770607,3.5,-8,0,7,1,5,1,5,-1
18.4789917143085,4.299278,0,1,13,0,0,0,0,0,0,0,0,0,0,0,0,-8,14.3716242276077,18.4798603020408,0.003506696,3.5,-8,0,7,1,5,1,5,-1
18.5324468606128,4.359268,0,1,13,0,0,0,0,0,0,0,0,0,0,0,0,-8,14.4251513321995,18.5339308020408,0.004358603,3.5,-8,0,7,1,5,1,5,-1
18.5827090834198,4.399261,0,1,13,0,0,0,0,0,0,0,0,0,0,0,0,-8,14.4753427295918,18.5840380020408,0.003661997,3.5,-8,0,7,1,5,1,5,-1
18.6378251381218,4.459251,0,1,13,0,0,0,0,0,0,0,0,0,0,0,0,-8,14.5304640306122,18.6402849020408,0.0050911,3.5,-8,0,7,1,5,1,5,-1
18.6936976280692,4.519241,0,1,13,0,0,0,0,0,0,0,0,0,0,0,0,-8,14.5864080286281,18.6948913020408,0.006231399,3.5,-8,0,7,1,5,1,5,-1
18.7463023211877,4.559235,0,1,13,0,0,0,0,0,0,0,0,0,0,0,0,-8,14.6389803287982,18.7473892020408,0.003865001,3.5,-8,0,7,1,5,1,5,-1
18.797564436309,4.619225,0,1,13,0,0,0,0,0,0,0,0,0,0,0,0,-8,14.6902118268141,18.7984411020408,0.004056498,3.5,-8,0,7,1,5,1,5,-1
18.8497843563487,4.679214,0,1,13,0,0,0,0,0,0,0,0,0,0,0,0,-8,14.7424588293651,18.8514017020408,0.003707398,3.5,-8,0,7,1,5,1,5,-1
18.9033030606806,4.719208,0,1,13,0,0,0,0,0,0,0,0,0,0,0,0,-8,14.7960037273243,18.9044046020408,0.004125099,3.5,-8,0,7,1,5,1,5,-1
18.9557472276501,4.779198,0,1,13,0,0,0,0,0,0,0,0,0,0,0,0,-8,14.8484067318594,18.9567535020408,0.003660898,3.5,-8,0,7,1,5,1,5,-1
19.0064470424782,4.819191,0,1,13,0,0,0,0,0,0,0,0,0,0,0,0,-8,14.8991027281746,19.0072688020408,0.003813095,3.5,-8,0,7,1,5,1,5,-1
19.0592238876387,4.879181,0,1,13,0,0,0,0,0,0,0,0,0,0,0,0,-8,14.9519041312358,19.0601456020408,0.004580804,3.5,-8,0,7,1,5,1,5,-1
19.1100230428716,4.939171,0,1,13,0,0,0,0,0,0,0,0,0,0,0,0,-8,15.0026533304989,19.1119220020408,0.005272803,3.5,-8,0,7,1,5,1,5,-1
19.1636436172784,4.979164,0,1,13,0,0,0,0,0,0,0,0,0,0,0,0,-8,15.0562986323696,19.1646930020408,0.005094402,3.5,-8,0,7,1,5,1,5,-1
19.216789643676,5.039154,0,1,13,0,0,0,0,0,0,0,0,0,0,0,0,-8,15.1095081278345,19.2175453020408,0.005738202,3.5,-8,0,7,1,5,1,5,-1
19.2678951001167,5.099144,0,1,13,0,0,0,0,0,0,0,0,0,0,0,0,-8,15.1605347293084,19.2703490020408,0.0039054,3.5,-8,0,7,1,5,1,5,-1
19.3190949962265,5.139137,0,1,13,0,0,0,0,0,0,0,0,0,0,0,0,-8,15.2117826318027,19.3205090020408,0.003059602,3.5,-8,0,7,1,5,1,5,-1
19.3705322708515,5.199127,0,1,13,0,0,0,0,0,0,0,0,0,0,0,0,-8,15.2631694302721,19.3725624020408,0.003701502,3.5,-8,0,7,1,5,1,5,-1
19.4227869076491,5.23912,0,1,13,0,0,0,0,0,0,0,0,0,0,0,0,-8,15.3154477324263,19.4237432020408,0.002988102,3.5,-8,0,7,1,5,1,5,-1
19.4745076022088,5.29911,0,1,13,0,0,0,0,0,0,0,0,0,0,0,0,-8,15.367174829932,19.4755464020408,0.0042697,3.5,-8,0,7,1,5,1,5,-1
19.5269324082439,5.339104,0,1,13,0,0,0,0,0,0,0,0,0,0,0,0,-8,15.4195754322562,19.5279474020408,0.005466404,3.5,-8,0,7,1,5,1,5,-1
19.5776937891962,5.399094,0,1,13,0,0,0,0,0,0,0,0,0,0,0,0,-8,15.470377827381,19.5788406020408,0.004207901,3.5,-8,0,7,1,5,1,5,-1
19.6314655795903,5.459084,0,1,13,0,0,0,0,0,0,0,0,0,0,0,0,-8,15.5241246315193,19.6334028020408,0.004222704,3.5,-8,0,7,1,5,1,5,-1
19.6852790208557,5.499077,0,1,13,0,0,0,0,0,0,0,0,0,0,0,0,-8,15.5779679280045,19.6865389020408,0.004420699,3.5,-8,0,7,1,5,1,5,-1
19.7353053834336,5.559067,0,1,13,0,0,0,0,0,0,0,0,0,0,0,0,-8,15.628002827381,19.7364356020408,0.004635601,3.5,-8,0,7,1,5,1,5,-1
19.7893156945659,5.619057,0,1,13,0,0,0,0,0,0,0,0,0,0,0,0,-8,15.6819523313492,19.7923253020408,0.004837904,3.5,-8,0,7,1,5,1,5,-1
19.8405330918939,5.65905,0,1,13,0,0,0,0,0,0,0,0,0,0,0,0,-8,15.7331958333333,19.8415892020408,0.004689002,3.5,-8,0,7,1,5,1,5,-1
19.8940128112561,5.71904,0,1,13,0,0,0,0,0,0,0,0,0,0,0,0,-8,15.7866467332766,19.8951119020408,0.005515505,3.5,-8,0,7,1,5,1,5,-1
19.9469242972299,5.759033,0,1,13,0,0,0,0,0,0,0,0,0,0,0,0,-8,15.8396108276644,19.9478064020408,0.003748895,3.5,-8,0,7,1,5,1,5,-1
19.9995337137952,5.819023,0,1,13,0,0,0,0,0,0,0,0,0,0,0,0,-8,15.8921849277211,20.0005462020408,0.005804195,3.5,-8,0,7,1,5,1,5,-1
20.0538407979696,5.879013,0,1,13,0,0,0,0,0,0,0,0,0,0,0,0,-8,15.9465031320862,20.0551452020408,0.005405499,3.5,-8,0,7,1,5,1,5,-1
20.1055376730231,5.919006,0,1,13,0,0,0,0,0,0,0,0,0,0,0,0,-8,15.998199829932,20.1066549020408,0.002728897,3.5,-8,0,7,1,5,1,5,-1
20.1578272909252,5.978996,0,1,13,0,0,0,0,0,0,0,0,0,0,0,0,-8,16.0505004322562,20.1595829020408,0.003852502,3.5,-8,0,7,1,5,1,5,-1
20.2134163823654,6.038986,0,1,13,0,0,0,0,0,0,0,0,0,0,0,0,-8,16.1060394274376,20.2145684020408,0.005814597,3.5,-8,0,7,1,5,1,5,-1
20.2665639574267,6.078979,0,1,13,0,0,0,0,0,0,0,0,0,0,0,0,-8,16.1592033304989,20.2675602020408,0.003916504,3.5,-8,0,7,1,5,1,5,-1
20.3168871479225,6.138969,0,1,13,0,0,0,0,0,0,0,0,0,0,0,0,-8,16.2095535289116,20.3177949020408,0.003584502,3.5,-8,0,7,1,5,1,5,-1
20.3675507139112,6.198959,0,1,13,0,0,0,0,0,0,0,0,0,0,0,0,-8,16.26021013322,20.3689333020408,0.004487705,3.5,-8,0,7,1,5,1,5,-1
20.418348908443,6.238953,0,1,13,0,0,0,0,0,0,0,0,0,0,0,0,-8,16.3110086309524,20.4190446020408,0.003310799,3.5,-8,0,7,1,5,1,5,-1
20.4697864753217,6.298943,0,1,13,0,0,0,0,0,0,0,0,0,0,0,0,-8,16.3624094316893,20.4715790020408,0.004874603,3.5,-8,0,7,1,5,1,5,-1
20.5199078239291,6.338936,0,1,13,0,0,0,0,0,0,0,0,0,0,0,0,-8,16.4125597293084,20.5207624020408,0.002960098,3.5,-8,0,7,1,5,1,5,-1
20.5729161815159,6.398926,0,1,13,0,0,0,0,0,0,0,0,0,0,0,0,-8,16.4655583333333,20.5736279020408,0.003599702,3.5,-8,0,7,1,5,1,5,-1
20.625251181866,6.438919,0,1,13,0,0,0,0,0,0,0,0,0,0,0,0,-8,16.517933531746,20.6272503020408,0.002863499,3.5,-8,0,7,1,5,1,5,-1
20.677964820799,6.498909,0,1,13,0,0,0,0,0,0,0,0,0,0,0,0,-8,16.570621031746,20.6791914020408,0.0042411,3.5,-8,0,7,1,5,1,5,-1
20.730638173637,6.558899,0,1,13,0,0,0,0,0,0,0,0,0,0,0,0,-8,16.6233177295918,20.7325634020408,0.003426297,3.5,-8,0,7,1,5,1,5,-1
20.7812274299469,6.598892,0,1,13,0,0,0,0,0,0,0,0,0,0,0,0,-8,16.6739107284581,20.7821684020408,0.003697697,3.5,-8,0,7,1,5,1,5,-1
20.8332082964014,6.658882,0,1,13,0,0,0,0,0,0,0,0,0,0,0,0,-8,16.7259075325964,20.8342863020408,0.003440002,3.5,-8,0,7,1,5,1,5,-1
20.8835205036355,6.698875,0,1,13,0,0,0,0,0,0,0,0,0,0,0,0,-8,16.7761696286848,20.8845004020408,0.004425702,3.5,-8,0,7,1,5,1,5,-1
20.934088877365,6.758865,0,1,13,0,0,0,0,0,0,0,0,0,0,0,0,-8,16.8267304280045,20.9359572020408,0.004770196,3.5,-8,0,7,1,5,1,5,-1
20.9868593020947,6.798859,0,1,13,0,0,0,0,0,0,0,0,0,0,0,0,-8,16.8795067318594,20.9875266020408,0.003481604,3.5,-8,0,7,1,5,1,5,-1
21.0400254467805,6.858849,0,1,13,0,0,0,0,0,0,0,0,0,0,0,0,-8,16.9327455286281,21.0410199020408,0.003173902,3.5,-8,0,7,1,5,1,5,-1
21.0902346881176,6.918839,0,1,13,0,0,0,0,0,0,0,0,0,0,0,0,-8,16.9828910289116,21.0927760020408,0.003642999,3.5,-8,0,7,1,5,1,5,-1
21.1408635369269,6.958832,0,1,13,0,0,0,0,0,0,0,0,0,0,0,0,-8,17.0335516298186,21.1420457020408,0.002677097,3.5,-8,0,7,1,5,1,5,-1
21.1928192600538,7.018822,0,1,13,0,0,0,0,0,0,0,0,0,0,0,0,-8,17.0854465277778,21.1942139020408,0.005342396,3.5,-8,0,7,1,5,1,5,-1
21.2437299857289,7.058815,0,1,13,0,0,0,0,0,0,0,0,0,0,0,0,-8,17.1364003330499,21.2444493020408,0.0040036,3.5,-8,0,7,1,5,1,5,-1
21.2945506206923,7.118805,0,1,13,0,0,0,0,0,0,0,0,0,0,0,0,-8,17.1871901289683,21.2953641020408,0.004062897,3.5,-8,0,7,1,5,1,5,-1
21.3469866221095,7.158798,0,1,13,0,0,0,0,0,0,0,0,0,0,0,0,-8,17.2396355300454,21.3489741020408,0.003641801,3.5,-8,0,7,1,5,1,5,-1
21.3982231486309,7.218788,0,1,13,0,0,0,0,0,0,0,0,0,0,0,0,-8,17.2909192318594,21.3997811020408,0.004016603,3.5,-8,0,7,1,5,1,5,-1
21.4498055853811,7.278778,0,1,13,0,0,0,0,0,0,0,0,0,0,0,0,-8,17.3424871315193,21.4519944020408,0.003307604,3.5,-8,0,7,1,5,1,5,-1
21.5029457992967,7.318771,0,1,13,0,0,0,0,0,0,0,0,0,0,0,0,-8,17.3955925311791,21.5040661020408,0.0033232,3.5,-8,0,7,1,5,1,5,-1
21.5536270654947,7.378761,0,1,13,0,0,0,0,0,0,0,0,0,0,0,0,-8,17.4463333333333,21.5546261020408,0.004839902,3.5,-8,0,7,1,5,1,5,-1
21.6041209909599,7.418755,0,1,13,0,0,0,0,0,0,0,0,0,0,0,0,-8,17.496800928288,21.6059358020408,0.003300595,3.5,-8,0,7,1,5,1,5,-1
21.6550135680009,7.478745,0,1,13,0,0,0,0,0,0,0,0,0,0,0,0,-8,17.5476542304422,21.6565156020408,0.004711203,3.5,-8,0,7,1,5,1,5,-1
21.7069008192536,7.518738,0,1,13,0,0,0,0,0,0,0,0,0,0,0,0,-8,17.5995359268707,21.7078294020408,0.004178699,3.5,-8,0,7,1,5,1,5,-1
21.7570824339916,7.578728,0,1,13,0,0,0,0,0,0,0,0,0,0,0,0,-8,17.6498117276077,21.7590338020408,0.006839994,3.5,-8,0,7,1,5,1,5,-1
21.8108128754841,7.638718,0,1,13,0,0,0,0,0,0,0,0,0,0,0,0,-8,17.703489526644,21.8134349020408,0.004067397,3.5,-8,0,7,1,5,1,5,-1
21.8612145932438,7.678711,0,1,13,0,0,0,0,0,0,0,0,0,0,0,0,-8,17.753864526644,21.8631700020408,0.003931895,3.5,-8,0,7,1,5,1,5,-1
21.9138254523161,7.738701,0,1,13,0,0,0,0,0,0,0,0,0,0,0,0,-8,17.8064445294785,21.9153815020408,0.006237797,3.5,-8,0,7,1,5,1,5,-1
21.9675149746682,7.798691,0,1,13,0,0,0,0,0,0,0,0,0,0,0,0,-8,17.8601563279478,21.9691067020408,0.003947095,3.5,-8,0,7,1,5,1,5,-1
22.0208404011186,7.838684,0,1,13,0,0,0,0,0,0,0,0,0,0,0,0,-8,17.9134959325397,22.0222267020408,0.003356505,3.5,-8,0,7,1,5,1,5,-1
22.0765204484784,7.898674,0,1,13,0,0,0,0,0,0,0,0,0,0,0,0,-8,17.9692124291383,22.0773475020408,0.005881597,3.5,-8,0,7,1,5,1,5,-1
22.1270703721861,7.938667,0,1,13,0,0,0,0,0,0,0,0,0,0,0,0,-8,18.0197166312358,22.1286302020408,0.006447902,3.5,-8,0,7,1,5,1,5,-1
22.1804434343753,7.998657,0,1,13,0,0,0,0,0,0,0,0,0,0,0,0,-8,18.0731321286848,22.1813786020408,0.003514597,3.5,-8,0,7,1,5,1,5,-1
22.23349333741,8.058647,0,1,13,0,0,0,0,0,0,0,0,0,0,0,0,-8,18.1261183319161,22.2342718020408,0.005700404,3.5,-8,0,7,1,5,1,5,-1
22.2856224472309,8.09864,0,1,13,0,0,0,0,0,0,0,0,0,0,0,0,-8,18.1782885274943,22.2865379020408,0.002889201,3.5,-8,0,7,1,5,1,5,-1
22.3386632937309,8.15863,0,1,13,0,0,0,0,0,0,0,0,0,0,0,0,-8,18.2312904265873,22.3395834020408,0.004776098,3.5,-8,0,7,1,5,1,5,-1
22.392692244444,8.21862,0,1,13,0,0,0,0,0,0,0,0,0,0,0,0,-8,18.285349029195,22.3941806020408,0.004865299,3.5,-8,0,7,1,5,1,5,-1
22.4430932403402,8.258614,0,1,13,0,0,0,0,0,0,0,0,0,0,0,0,-8,18.335783531746,22.4441992020408,0.004152303,3.5,-8,0,7,1,5,1,5,-1
22.4972725391528,8.318604,0,1,13,0,0,0,0,0,0,0,0,0,0,0,0,-8,18.3899113307823,22.4983294020408,0.0044902,3.5,-8,0,7,1,5,1,5,-1
22.550360264238,8.378593,0,1,13,0,0,0,0,0,0,0,0,0,0,0,0,-8,18.44307263322,22.5519759020408,0.005238903,3.5,-8,0,7,1,5,1,5,-1
22.6025082963263,8.418587,0,1,13,0,0,0,0,0,0,0,0,0,0,0,0,-8,18.4951860331633,22.6033444020408,0.003024802,3.5,-8,0,7,1,5,1,5,-1
22.6541134535405,8.478577,0,1,13,0,0,0,0,0,0,0,0,0,0,0,0,-8,18.5467664328231,22.6550372020408,0.004545805,3.5,-8,0,7,1,5,1,5,-1
22.7057962269243,8.51857,0,1,13,0,0,0,0,0,0,0,0,0,0,0,0,-8,18.5984864299887,22.7072794020408,0.004231498,3.5,-8,0,7,1,5,1,5,-1
22.757568348581,8.57856,0,1,13,0,0,0,0,0,0,0,0,0,0,0,0,-8,18.6502185303288,22.7591290020408,0.003889399,3.5,-8,0,7,1,5,1,5,-1
22.8114400588418,8.63855,0,1,13,0,0,0,0,0,0,0,0,0,0,0,0,-8,18.7041301303855,22.8132521020408,0.0044241,3.5,-8,0,7,1,5,1,5,-1
22.8620891861757,8.678543,0,1,13,0,0,0,0,0,0,0,0,0,0,0,0,-8,18.7547639314059,22.8631269020408,0.003532901,3.5,-8,0,7,1,5,1,5,-1
22.9145993114356,8.738533,0,1,13,0,0,0,0,0,0,0,0,0,0,0,0,-8,18.8072848285147,22.9155309020408,0.005100701,3.5,-8,0,7,1,5,1,5,-1
22.9665774462768,8.778526,0,1,13,0,0,0,0,0,0,0,0,0,0,0,0,-8,18.8592632298753,22.9673595020408,0.004970401,3.5,-8,0,7,1,5,1,5,-1
23.0201563912863,8.838516,0,1,13,0,0,0,0,0,0,0,0,0,0,0,0,-8,18.9128342332766,23.0213233020408,0.003640505,3.5,-8,0,7,1,5,1,5,-1
23.0702604018827,8.898506,0,1,13,0,0,0,0,0,0,0,0,0,0,0,0,-8,18.962912627551,23.0721524020408,0.003732596,3.5,-8,0,7,1,5,1,5,-1
23.1210885007097,8.938499,0,1,13,0,0,0,0,0,0,0,0,0,0,0,0,-8,19.0137465277778,23.1219644020408,0.0037411,3.5,-8,0,7,1,5,1,5,-1
23.1769829752645,8.998489,0,1,13,0,0,0,0,0,0,0,0,0,0,0,0,-8,19.0695959325397,23.1785838020408,0.006438202,3.5,-8,0,7,1,5,1,5,-1
23.2306853706087,9.058479,0,1,13,0,0,0,0,0,0,0,0,0,0,0,0,-8,19.1233940263605,23.2331458020408,0.00455,3.5,-8,0,7,1,5,1,5,-1
23.2809061356378,9.098473,0,1,13,0,0,0,0,0,0,0,0,0,0,0,0,-8,19.1735325325964,23.2819175020408,0.004183999,3.5,-8,0,7,1,5,1,5,-1
23.3353883358371,9.158463,0,1,13,0,0,0,0,0,0,0,0,0,0,0,0,-8,19.2280382298753,23.3365883020408,0.005274702,3.5,-8,0,7,1,5,1,5,-1
23.3880711565842,9.218452,0,1,13,0,0,0,0,0,0,0,0,0,0,0,0,-8,19.2807656320862,23.3893661020408,0.003173703,3.5,-8,0,7,1,5,1,5,-1
23.4390127389273,9.258446,0,1,13,0,0,0,0,0,0,0,0,0,0,0,0,-8,19.3317102324263,23.4400674020408,0.003385006,3.5,-8,0,7,1,5,1,5,-1
23.4896775959595,9.318436,0,1,13,0,0,0,0,0,0,0,0,0,0,0,0,-8,19.3823281320862,23.4911345020408,0.003632901,3.5,-8,0,7,1,5,1,5,-1
23.5412369207526,9.358429,0,1,13,0,0,0,0,0,0,0,0,0,0,0,0,-8,19.433921832483,23.5421092020408,0.0026955,3.5,-8,0,7,1,5,1,5,-1
23.5924735325249,9.418419,0,1,13,0,0,0,0,0,0,0,0,0,0,0,0,-8,19.4851768282313,23.5937878020408,0.0046206,3.5,-8,0,7,1,5,1,5,-1
23.6431209673453,9.458412,0,1,13,0,0,0,0,0,0,0,0,0,0,0,0,-8,19.535772130102,23.6443157020408,0.002891603,3.5,-8,0,7,1,5,1,5,-1
23.6934537865897,9.518402,0,1,13,0,0,0,0,0,0,0,0,0,0,0,0,-8,19.5861482284581,23.6944303020408,0.003864399,3.5,-8,0,7,1,5,1,5,-1
23.7443586141942,9.558395,0,1,13,0,0,0,0,0,0,0,0,0,0,0,0,-8,19.6370609268707,23.7452795020408,0.004366298,3.5,-8,0,7,1,5,1,5,-1
23.7947059115185,9.618385,0,1,13,0,0,0,0,0,0,0,0,0,0,0,0,-8,19.6873514314059,23.7958434020408,0.004195699,3.5,-8,0,7,1,5,1,5,-1
23.8476933561289,9.678375,0,1,13,0,0,0,0,0,0,0,0,0,0,0,0,-8,19.7403767290249,23.8492862020408,0.003384297,3.5,-8,0,7,1,5,1,5,-1
23.8993861216959,9.718369,0,1,13,0,0,0,0,0,0,0,0,0,0,0,0,-8,19.792024829932,23.9000660020408,0.0029902,3.5,-8,0,7,1,5,1,5,-1
23.9507788920985,9.778358,0,1,13,0,0,0,0,0,0,0,0,0,0,0,0,-8,19.8434706278345,23.9536273020408,0.003648696,3.5,-8,0,7,1,5,1,5,-1
24.0025419175229,9.818352,0,1,13,0,0,0,0,0,0,0,0,0,0,0,0,-8,19.8951948270975,24.0036965020408,0.003185098,3.5,-8,0,7,1,5,1,5,-1
24.0545489410684,9.878342,0,1,13,0,0,0,0,0,0,0,0,0,0,0,0,-8,19.9472257298753,24.0554288020408,0.004218403,3.5,-8,0,7,1,5,1,5,-1
24.1074198595225,9.938332,0,1,13,0,0,0,0,0,0,0,0,0,0,0,0,-8,20.0001164328231,24.1090714020408,0.004131803,3.5,-8,0,7,1,5,1,5,-1
24.1600210719975,9.978325,0,1,13,0,0,0,0,0,0,0,0,0,0,0,0,-8,20.0526511267007,24.1609641020408,0.003666794,3.5,-8,0,7,1,5,1,5,-1
24.2136485080398,10.03831,0,1,13,0,0,0,0,0,0,0,0,0,0,0,0,-8,20.1063095308957,24.2148345020408,0.003947598,3.5,-8,0,7,1,5,1,5,-1
24.2649087213911,10.07831,0,1,13,0,0,0,0,0,0,0,0,0,0,0,0,-8,20.1575838293651,24.2661981020408,0.0039679,3.5,-8,0,7,1,5,1,5,-1
24.3175115738297,10.1383,0,1,13,0,0,0,0,0,0,0,0,0,0,0,0,-8,20.2101956278345,24.3183545020408,0.004057596,3.5,-8,0,7,1,5,1,5,-1
24.3694305534102,10.19829,0,1,13,0,0,0,0,0,0,0,0,0,0,0,0,-8,20.2621209325397,24.3711393020408,0.003401701,3.5,-8,0,7,1,5,1,5,-1
24.4198425794719,10.23828,0,1,13,0,0,0,0,0,0,0,0,0,0,0,0,-8,20.3124958333333,24.4206712020408,0.003416107,3.5,-8,0,7,1,5,1,5,-1
24.4730409677909,10.29827,0,1,13,0,0,0,0,0,0,0,0,0,0,0,0,-8,20.3656825325964,24.4742221020408,0.005688705,3.5,-8,0,7,1,5,1,5,-1
24.5269267638098,10.33826,0,1,13,0,0,0,0,0,0,0,0,0,0,0,0,-8,20.4196111323696,24.5277331020408,0.004766603,3.5,-8,0,7,1,5,1,5,-1
24.5809245342715,10.39825,0,1,13,0,0,0,0,0,0,0,0,0,0,0,0,-8,20.4735655328798,24.5818787020408,0.004760204,3.5,-8,0,7,1,5,1,5,-1
24.6365379626257,10.45824,0,1,13,0,0,0,0,0,0,0,0,0,0,0,0,-8,20.5291730300453,24.6374276020408,0.006376198,3.5,-8,0,7,1,5,1,5,-1
24.6872136374097,10.49824,0,1,13,0,0,0,0,0,0,0,0,0,0,0,0,-8,20.5798303287982,24.6884660020408,0.005176701,3.5,-8,0,7,1,5,1,5,-1
24.7408326532203,10.55823,0,1,13,0,0,0,0,0,0,0,0,0,0,0,0,-8,20.6334608276644,24.7415953020408,0.004217496,3.5,-8,0,7,1,5,1,5,-1
24.7957699989807,10.61822,0,1,13,0,0,0,0,0,0,0,0,0,0,0,0,-8,20.6884840277778,24.7968166020408,0.005823398,3.5,-8,0,7,1,5,1,5,-1
24.8486783875572,10.67821,0,1,13,0,0,0,0,0,0,0,0,0,0,0,0,-8,20.7413529265873,24.8509507020408,0.004953798,3.5,-8,0,7,1,5,1,5,-1
24.8995018496714,10.7182,0,1,13,0,0,0,0,0,0,0,0,0,0,0,0,-8,20.7921633290816,24.9004444020408,0.0036732,3.5,-8,0,7,1,5,1,5,-1
24.9528955870261,10.77819,0,1,13,0,0,0,0,0,0,0,0,0,0,0,0,-8,20.8455246315193,24.9538725020408,0.004843303,3.5,-8,0,7,1,5,1,5,-1
25.0047720967024,10.81818,0,1,13,0,0,0,0,0,0,0,0,0,0,0,0,-8,20.8973953302154,25.0055773020408,0.004609602,3.5,-8,0,7,1,5,1,5,-1
25.0583189372136,10.87817,0,1,13,0,0,0,0,0,0,0,0,0,0,0,0,-8,20.9509863307823,25.0593457020408,0.0059179,3.5,-8,0,7,1,5,1,5,-1
25.1096883005835,10.93816,0,1,13,0,0,0,0,0,0,0,0,0,0,0,0,-8,21.0023543296485,25.1114701020408,0.003743197,3.5,-8,0,7,1,5,1,5,-1
25.1629787267279,10.97816,0,1,13,0,0,0,0,0,0,0,0,0,0,0,0,-8,21.0556850269274,25.1639263020408,0.004109198,3.5,-8,0,7,1,5,1,5,-1
25.2160663012904,11.03815,0,1,13,0,0,0,0,0,0,0,0,0,0,0,0,-8,21.1087475269274,25.2174714020408,0.005182299,3.5,-8,0,7,1,5,1,5,-1
25.2694381033466,11.09814,0,1,13,0,0,0,0,0,0,0,0,0,0,0,0,-8,21.1620861323696,25.2712238020408,0.005029904,3.5,-8,0,7,1,5,1,5,-1
25.3198628390883,11.13813,0,1,13,0,0,0,0,0,0,0,0,0,0,0,0,-8,21.2125030328798,25.3205973020408,0.0056437,3.5,-8,0,7,1,5,1,5,-1
25.3702165501821,11.19812,0,1,13,0,0,0,0,0,0,0,0,0,0,0,0,-8,21.2628505314626,25.3718907020408,0.004334502,3.5,-8,0,7,1,5,1,5,-1
25.4212188769761,11.23811,0,1,13,0,0,0,0,0,0,0,0,0,0,0,0,-8,21.3138839285714,25.4230159020408,0.003767198,3.5,-8,0,7,1,5,1,5,-1
25.4730324810534,11.2981,0,1,13,0,0,0,0,0,0,0,0,0,0,0,0,-8,21.3656669288549,25.4742431020408,0.003903997,3.5,-8,0,7,1,5,1,5,-1
25.5240644438309,11.3381,0,1,13,0,0,0,0,0,0,0,0,0,0,0,0,-8,21.4167678287982,25.5264420020408,0.0044331,3.5,-8,0,7,1,5,1,5,-1
25.5762940349709,11.39809,0,1,13,0,0,0,0,0,0,0,0,0,0,0,0,-8,21.4689607284581,25.5770303020408,0.003910197,3.5,-8,0,7,1,5,1,5,-1
25.6294763927232,11.45808,0,1,13,0,0,0,0,0,0,0,0,0,0,0,0,-8,21.5221412273243,25.6308624020408,0.003663598,3.5,-8,0,7,1,5,1,5,-1
25.6799476054963,11.49807,0,1,13,0,0,0,0,0,0,0,0,0,0,0,0,-8,21.5726089285714,25.6814445020408,0.0054322,3.5,-8,0,7,1,5,1,5,-1
25.7303562906524,11.55806,0,1,13,0,0,0,0,0,0,0,0,0,0,0,0,-8,21.6230744331066,25.7332486020408,0.005665001,3.5,-8,0,7,1,5,1,5,-1
25.7804103118577,11.59805,0,1,13,0,0,0,0,0,0,0,0,0,0,0,0,-8,21.6730734268707,25.7811801020408,0.003698597,3.5,-8,0,7,1,5,1,5,-1
25.8336504139239,11.65804,0,1,13,0,0,0,0,0,0,0,0,0,0,0,0,-8,21.726348731576,25.8352253020408,0.004720302,3.5,-8,0,7,1,5,1,5,-1
25.8848938203976,11.69804,0,1,13,0,0,0,0,0,0,0,0,0,0,0,0,-8,21.7775566326531,25.8865087020408,0.003388102,3.5,-8,0,7,1,5,1,5,-1
25.9383095208695,11.75803,0,1,13,0,0,0,0,0,0,0,0,0,0,0,0,-8,21.8309557327098,25.9395950020408,0.004160502,3.5,-8,0,7,1,5,1,5,-1
25.9894051420433,11.81802,0,1,13,0,0,0,0,0,0,0,0,0,0,0,0,-8,21.8821084325397,25.9911353020408,0.004653805,3.5,-8,0,7,1,5,1,5,-1
26.0515727110603,11.87801,0,1,13,0,0,0,0,0,0,0,0,0,0,0,0,-8,21.9441023313492,26.0531529020408,0.0171418,3.5,-8,0,7,1,5,1,5,-1
26.1035264602304,11.918,0,1,13,0,0,0,0,0,0,0,0,0,0,0,0,-8,21.9961797264739,26.1044700020408,0.003082894,3.5,-8,0,7,1,5,1,5,-1
26.1536550376308,11.97799,0,1,13,0,0,0,0,0,0,0,0,0,0,0,0,-8,22.0462738307823,26.1549246020408,0.005309099,3.5,-8,0,7,1,5,1,5,-1
26.2085058963811,12.03798,0,1,13,0,0,0,0,0,0,0,0,0,0,0,0,-8,22.1011974277211,26.2105115020408,0.005287195,3.5,-8,0,7,1,5,1,5,-1
26.2618487149826,12.07797,0,1,13,0,0,0,0,0,0,0,0,0,0,0,0,-8,22.154497130102,26.2627961020408,0.004060303,3.5,-8,0,7,1,5,1,5,-1
26.3121593270916,12.13796,0,1,13,0,0,0,0,0,0,0,0,0,0,0,0,-8,22.2048429280045,26.3130017020408,0.0039803,3.5,-8,0,7,1,5,1,5,-1
26.3622177168261,12.17796,0,1,13,0,0,0,0,0,0,0,0,0,0,0,0,-8,22.2549044288549,26.3633057020408,0.003187401,3.5,-8,0,7,1,5,1,5,-1
26.4155929336976,12.23795,0,1,13,0,0,0,0,0,0,0,0,0,0,0,0,-8,22.3082173327664,26.4163866020408,0.004340101,3.5,-8,0,7,1,5,1,5,-1
26.4666200452298,12.27794,0,1,13,0,0,0,0,0,0,0,0,0,0,0,0,-8,22.3593185303288,26.4673084020408,0.004060799,3.5,-8,0,7,1,5,1,5,-1
26.5175241033034,12.33793,0,1,13,0,0,0,0,0,0,0,0,0,0,0,0,-8,22.4101758290816,26.5183510020408,0.003974199,3.5,-8,0,7,1,5,1,5,-1
26.5687547049858,12.39792,0,1,13,0,0,0,0,0,0,0,0,0,0,0,0,-8,22.4614315263605,26.5704985020408,0.003691298,3.5,-8,0,7,1,5,1,5,-1
26.619132618627,12.43791,0,1,13,0,0,0,0,0,0,0,0,0,0,0,0,-8,22.5117714285714,26.6200950020408,0.004824901,3.5,-8,0,7,1,5,1,5,-1
26.670152081619,12.4979,0,1,13,0,0,0,0,0,0,0,0,0,0,0,0,-8,22.5628272321429,26.6719308020408,0.0040616,3.5,-8,0,7,1,5,1,5,-1
26.7225301534263,12.5379,0,1,13,0,0,0,0,0,0,0,0,0,0,0,0,-8,22.6151693310658,26.7233730020408,0.004134198,3.5,-8,0,7,1,5,1,5,-1
26.9579217291437,12.77785,0,1,0,1.546528,0,0,1,1,0,0,0,0,0,-8,0,-8,22.8528051303855,26.9680106020408,0.2231793,3.5,-8,0,7,1,5,1,5,-1
27.0080784279294,12.83784,0,1,0,1.277134,0,0,1,1,0,0,0,0,0,-8,0,-8,22.9024652281746,27.0113056020408,0.003444799,3.5,-8,0,7,1,5,1,5,-1
27.0590494962689,12.87784,0,1,0,1.226745,0,0,1,1,0,0,0,0,0,-8,0,-8,22.9529316326531,27.0617942020408,0.003522102,3.5,-8,0,7,1,5,1,5,-1
27.1097307906975,12.93783,0,1,0,1.17633,0,0,1,1,0,0,0,0,0,-8,0,-8,23.0031111323696,27.1124626020408,0.003286805,3.5,-8,0,7,1,5,1,5,-1
27.1600953445979,12.97782,0,1,0,1.126266,0,0,1,1,0,0,0,0,0,-8,0,-8,23.052977026644,27.1615859020408,0.003088598,3.5,-8,0,7,1,5,1,5,-1
27.2147045256849,13.03781,0,1,0,1.073865,0,0,1,1,0,0,0,0,0,-8,0,-8,23.1073467332766,27.2158673020408,0.005057001,3.5,-8,0,7,1,5,1,5,-1
27.2655246795155,13.0778,0,1,0,1.021488,0,0,1,1,0,0,0,0,0,-8,0,-8,23.1581728316327,27.2668492020408,0.003506604,3.5,-8,0,7,1,5,1,5,-1
27.3164095150074,13.13779,0,1,0,0.9705341,0,0,1,1,0,0,0,0,0,-8,0,-8,23.2090969316893,27.3176364020408,0.003476502,3.5,-8,0,7,1,5,1,5,-1
27.3700929108891,13.19778,0,1,0,0.917687,0,0,1,1,0,0,0,0,0,-8,0,-8,23.2627494331066,27.3719860020408,0.004281902,3.5,-8,0,7,1,5,1,5,-1
27.420108516349,13.23778,0,1,0,0.868039,0,0,1,1,0,0,0,0,0,-8,0,-8,23.3127869331066,27.4211778020408,0.0046714,3.5,-8,0,7,1,5,1,5,-1
27.4707099817367,13.29777,0,1,0,0.8166292,0,0,1,1,0,0,0,0,0,-8,0,-8,23.363362329932,27.4731793020408,0.003837103,3.5,-8,0,7,1,5,1,5,-1
27.5219463141542,13.33776,0,1,0,0.7659131,0,0,1,1,0,0,0,0,0,-8,0,-8,23.4145877267574,27.5237394020408,0.004346294,3.5,-8,0,7,1,5,1,5,-1
27.5744852959784,13.39775,0,1,0,0.7148363,0,0,1,1,0,0,0,0,0,-8,0,-8,23.4671760274943,27.5761928020408,0.005857795,3.5,-8,0,7,1,5,1,5,-1
27.6293215471553,13.45774,0,1,0,0.6592245,0,0,1,1,0,0,0,0,0,-8,0,-8,23.5219639314059,27.6311013020408,0.005033801,3.5,-8,0,7,1,5,1,5,-1
27.6798750735028,13.49773,0,1,0,0.6069684,0,0,1,1,0,0,0,0,0,-8,0,-8,23.5725110331633,27.6809782020408,0.003324802,3.5,-8,0,7,1,5,1,5,-1
27.7324000242678,13.55772,0,1,0,0.55638,0,0,1,1,0,0,0,0,0,-8,0,-8,23.6250179280045,27.7355823020408,0.005243296,3.5,-8,0,7,1,5,1,5,-1
27.7825083944132,13.59772,0,1,0,0.505793,0,0,1,1,0,0,0,0,0,-8,0,-8,23.6751819302721,27.7837009020408,0.004820202,3.5,-8,0,7,1,5,1,5,-1
27.8338971236232,13.65771,0,1,0,0.4542249,0,0,1,1,0,0,0,0,0,-8,0,-8,23.7265450325964,27.8358928020408,0.0046152,3.5,-8,0,7,1,5,1,5,-1
27.886679620794,13.6977,0,1,0,0.4009018,0,0,1,1,0,0,0,0,0,-8,0,-8,23.7793521329365,27.8888462020408,0.004099207,3.5,-8,0,7,1,5,1,5,-1
27.9387260163878,13.75769,0,1,0,0.3482006,0,0,1,1,0,0,0,0,0,-8,0,-8,23.8313883290816,27.9397226020408,0.003434198,3.5,-8,0,7,1,5,1,5,-1
27.9902355757053,13.81768,0,1,0,0.2990431,0,0,1,1,0,0,0,0,0,-8,0,-8,23.8828582270408,27.9931877020408,0.005746599,3.5,-8,0,7,1,5,1,5,-1
28.0544944731588,13.87767,0,1,0,0.2436843,0,0,1,1,0,0,0,0,0,-8,0,-8,23.9470172264739,28.0570714020408,0.0145468,3.5,-8,0,7,1,5,1,5,-1
28.1054711182765,13.91766,0,1,0,0.1823674,0,0,1,1,0,0,0,0,0,-8,0,-8,23.9981716269841,28.1072716020408,0.004384297,3.5,-8,0,7,1,5,1,5,-1
28.1585098594241,13.97765,0,1,0,0.1295227,0,0,1,1,0,0,0,0,0,-8,0,-8,24.0511754322562,28.1600457020408,0.004543403,3.5,-8,0,7,1,5,1,5,-1
28.2108118215273,14.03764,0,1,0,0.07659321,0,0,1,1,0,0,0,0,0,-8,0,-8,24.1034841269841,28.2131315020408,0.003922598,3.5,-8,0,7,1,5,1,5,-1
28.2625394451292,14.07764,0,1,0,0.02482691,0,0,1,1,0,0,0,0,0,-8,0,-8,24.1552296272676,28.2635584020408,0.0039018,3.5,-8,0,7,1,5,1,5,-1
28.362802760303,14.17762,0,1,0,0,1,7,1,1,1.6,0,0,6,0,-8,0,-8,24.256224829932,28.3696406020408,0.0762808,3.5,-8,0,7,1,5,1,5,-1
28.4139854185516,14.23761,0,1,0,0,1,6.878294,1,1,1.478294,0,0,6,0,-8,0,-8,24.3069007298753,28.4157163020408,0.005250397,3.5,-8,0,7,1,5,1,5,-1
28.4692463722872,14.2976,0,1,0,0,1,6.824142,1,1,1.424142,0,0,6,0,-8,0,-8,24.3618606292517,28.4717671020408,0.006058397,3.5,-8,0,7,1,5,1,5,-1
28.5199326270493,14.33759,0,1,0,0,1,6.772466,1,1,1.372466,0,0,6,0,-8,0,-8,24.412597930839,28.5215254020408,0.005120401,3.5,-8,0,7,1,5,1,5,-1
28.5699849585351,14.39758,0,1,0,0,1,6.721992,1,1,1.32199,0,0,6,0,-8,0,-8,24.4626728316327,28.5731380020408,0.004719303,3.5,-8,0,7,1,5,1,5,-1
28.6232649705838,14.43758,0,1,0,0,1,6.669281,1,1,1.26928,0,0,6,0,-8,0,-8,24.5159568310658,28.6244270020408,0.005293304,3.5,-8,0,7,1,5,1,5,-1
28.6746700663725,14.49757,0,1,0,0,1,6.619175,1,1,1.219174,0,0,6,0,-8,0,-8,24.5673720308957,28.6764198020408,0.006602402,3.5,-8,0,7,1,5,1,5,-1
28.7256476016529,14.53756,0,1,0,0,1,6.569999,1,1,1.169999,0,0,6,0,-8,0,-8,24.6182892290249,28.7269813020408,0.008344097,3.5,-8,0,7,1,5,1,5,-1
28.7777058517095,14.59755,0,1,0,0,1,6.513432,1,1,1.11343,0,0,6,0,-8,0,-8,24.6703526289683,28.7791527020408,0.003839002,3.5,-8,0,7,1,5,1,5,-1
28.8278867296851,14.65754,0,1,0,0,1,6.463948,1,1,1.063946,0,0,6,0,-8,0,-8,24.7205258290816,28.8300462020408,0.004528501,3.5,-8,0,7,1,5,1,5,-1
28.8816464223643,14.69753,0,1,0,0,1,6.409445,1,1,1.009443,0,0,6,0,-8,0,-8,24.7743188279478,28.8829258020408,0.003818197,3.5,-8,0,7,1,5,1,5,-1
28.9338090198394,14.75752,0,1,0,0,1,6.358662,1,1,0.9586599,0,0,6,0,-8,0,-8,24.8265130314626,28.9364050020408,0.005229301,3.5,-8,0,7,1,5,1,5,-1
28.9847364020161,14.79752,0,1,0,0,1,6.307535,1,1,0.9075335,0,0,6,0,-8,0,-8,24.8774301303855,28.9864203020408,0.005019898,3.5,-8,0,7,1,5,1,5,-1
29.0395320331818,14.85751,0,1,0,0,1,6.253002,1,1,0.8529992,0,0,6,0,-8,0,-8,24.9321532312925,29.0409623020408,0.005208801,3.5,-8,0,7,1,5,1,5,-1
29.0899976098677,14.9175,0,1,0,0,1,6.20272,1,1,0.8027176,0,0,6,0,-8,0,-8,24.9826883290816,29.0924716020408,0.005462301,3.5,-8,0,7,1,5,1,5,-1
29.1430758954352,14.95749,0,1,0,0,1,6.149229,1,1,0.7492263,0,0,6,0,-8,0,-8,25.0357061295351,29.1440379020408,0.004988797,3.5,-8,0,7,1,5,1,5,-1
29.1963147045067,15.01748,0,1,0,0,1,6.097125,1,1,0.6971226,0,0,6,0,-8,0,-8,25.0890407312925,29.1975324020408,0.0062197,3.5,-8,0,7,1,5,1,5,-1
29.2478899144521,15.07747,0,1,0,0,1,6.042903,1,1,0.6429015,0,0,6,0,-8,0,-8,25.1405541312358,29.2499992020408,0.003511905,3.5,-8,0,7,1,5,1,5,-1
29.2983767345874,15.11746,0,1,0,0,1,5.992691,1,1,0.5926892,0,0,6,0,-8,0,-8,25.1910140306122,29.2997668020408,0.003759403,3.5,-8,0,7,1,5,1,5,-1
29.3495057799877,15.17745,0,1,0,0,1,5.942784,1,1,0.5427817,0,0,6,0,-8,0,-8,25.2421302295918,29.3516942020408,0.004967999,3.5,-8,0,7,1,5,1,5,-1
29.4010934156482,15.21745,0,1,0,0,1,5.894139,1,1,0.4941368,0,0,6,0,-8,0,-8,25.2936864299887,29.4031516020408,0.007879301,3.5,-8,0,7,1,5,1,5,-1
29.4580688306061,15.27744,0,1,0,0,1,5.836893,1,1,0.4368904,0,0,6,0,-8,0,-8,25.3506655328798,29.4604665020408,0.007612004,3.5,-8,0,7,1,5,1,5,-1
29.5098737953929,15.33743,0,1,0,0,1,5.781225,1,1,0.3812223,0,0,6,0,-8,0,-8,25.4025139314059,29.5116800020408,0.003792304,3.5,-8,0,7,1,5,1,5,-1
29.5603273016727,15.37742,0,1,0,0,1,5.731059,1,1,0.3310561,0,0,6,0,-8,0,-8,25.4529782312925,29.5616428020408,0.004090398,3.5,-8,0,7,1,5,1,5,-1
29.6142893183418,15.43741,0,1,0,0,1,5.677918,1,1,0.2779161,0,0,6,0,-8,0,-8,25.5069341269841,29.6157041020408,0.0049063,3.5,-8,0,7,1,5,1,5,-1
29.6675088435481,15.4974,0,1,0,0,1,5.623182,1,1,0.2231804,0,0,6,0,-8,0,-8,25.5601953302154,29.6698357020408,0.003431803,3.5,-8,0,7,1,5,1,5,-1
29.719050789075,15.53739,0,1,0,0,1,5.572016,1,1,0.1720143,0,0,6,0,-8,0,-8,25.611725127551,29.7204409020408,0.0037955,3.5,-8,0,7,1,5,1,5,-1
29.7715056039765,15.59738,0,1,0,0,1,5.520517,1,1,0.1205144,0,0,6,0,-8,0,-8,25.6641644274376,29.7737727020408,0.004734899,3.5,-8,0,7,1,5,1,5,-1
29.8221871792036,15.63737,0,1,0,0,1,5.468481,1,1,0.06847902,0,0,6,0,-8,0,-8,25.7148597293084,29.8233647020408,0.003394799,3.5,-8,0,7,1,5,1,5,-1
29.8746272792784,15.69736,0,1,0,0,1,5.416846,1,1,0.01684451,0,0,6,0,-8,0,-8,25.7672574263039,29.8759179020408,0.004157993,3.5,-8,0,7,1,5,1,5,-1
29.9258164573694,15.73736,0,1,0,0,1,5.365969,1,1,0,0,0,0,0,-8,0,-8,25.8184967332766,29.9271559020408,0.004520607,3.5,-8,0,7,1,5,1,5,-1
29.9764956465503,15.79735,0,1,0,0,1,5.31422,1,1,0,0,0,0,0,-8,0,-8,25.8691448270975,29.9774718020408,0.003419097,3.5,-8,0,7,1,5,1,5,-1
30.0266240166593,15.83734,0,1,0,0,1,5.263479,1,1,0,0,0,0,0,-8,0,-8,25.9192698270975,30.0276323020408,0.002803699,3.5,-8,0,7,1,5,1,5,-1
30.0802227466903,15.89733,0,1,0,0,1,5.211111,1,1,0,0,0,0,0,-8,0,-8,25.9728952310091,30.0816644020408,0.004060998,3.5,-8,0,7,1,5,1,5,-1
30.1317206887482,15.95732,0,1,0,0,1,5.159712,1,1,0,0,0,0,0,-8,0,-8,26.024360728458,30.1328304020408,0.004128798,3.5,-8,0,7,1,5,1,5,-1
30.1844096991024,15.99731,0,1,0,0,1,5.106184,1,1,1.558091,0,0,6,0,-8,0,-8,26.0770949263039,30.1855996020408,0.003335098,3.5,-8,0,7,1,5,1,5,-1
30.2356671461393,16.0573,0,1,0,0,1,5.05513,1,1,1.507037,0,0,6,0,-8,0,-8,26.1283287273243,30.2369734020408,0.003514697,3.5,-8,0,7,1,5,1,5,-1
30.2866093738959,16.0973,0,1,0,0,1,5.004022,1,1,1.455928,0,0,6,0,-8,0,-8,26.1792978316327,30.2874608020408,0.003375602,3.5,-8,0,7,1,5,1,5,-1
30.3404478602693,16.15729,0,1,0,0,1,4.950858,1,1,1.402764,0,0,6,0,-8,0,-8,26.2330920280612,30.3416685020408,0.004005201,3.5,-8,0,7,1,5,1,5,-1
30.3909868419799,16.21728,0,1,0,0,1,4.900596,1,1,1.352502,0,0,6,0,-8,0,-8,26.2836358276644,30.3929818020408,0.004287401,3.5,-8,0,7,1,5,1,5,-1
30.4430083798105,16.25727,0,1,0,0,1,4.848097,1,1,1.300003,0,0,6,0,-8,0,-8,26.3356902281746,30.4439057020408,0.003842701,3.5,-8,0,7,1,5,1,5,-1
30.4960363584082,16.31726,0,1,0,0,1,4.794695,1,1,1.246603,0,0,6,0,-8,0,-8,26.3886792304422,30.4970641020408,0.0034312,3.5,-8,0,7,1,5,1,5,-1
30.5462534085056,16.35725,0,1,0,0,1,4.745667,1,1,1.197575,0,0,6,0,-8,0,-8,26.4389367276077,30.5478310020408,0.004661196,3.5,-8,0,7,1,5,1,5,-1
30.5976867175475,16.41724,0,1,0,0,1,4.69323,1,1,1.145138,0,0,6,0,-8,0,-8,26.4903722293084,30.5992052020408,0.003659297,3.5,-8,0,7,1,5,1,5,-1
30.6485163308005,16.47723,0,1,0,0,1,4.642209,1,1,1.094116,0,0,6,0,-8,0,-8,26.5412154265873,30.6499125020408,0.003480896,3.5,-8,0,7,1,5,1,5,-1
30.7013944212487,16.51723,0,1,0,0,1,4.589629,1,1,1.041536,0,0,6,0,-8,0,-8,26.5940512329932,30.7028843020408,0.003736203,3.5,-8,0,7,1,5,1,5,-1
30.7561265325802,16.57722,0,1,0,0,1,4.536745,1,1,0.988652,0,0,6,0,-8,0,-8,26.64876013322,30.7570467020408,0.005561501,3.5,-8,0,7,1,5,1,5,-1
30.8079371534311,16.63721,0,1,0,0,1,4.483956,1,1,0.9358626,0,0,6,0,-8,0,-8,26.7006092332766,30.8095210020408,0.004621102,3.5,-8,0,7,1,5,1,5,-1
30.8595831635199,16.6772,0,1,0,0,1,4.431188,1,1,0.8830944,0,0,6,0,-8,0,-8,26.7522260274943,30.8604902020408,0.0034697,3.5,-8,0,7,1,5,1,5,-1
30.9101952297706,16.73719,0,1,0,0,1,4.380745,1,1,0.8326523,0,0,6,0,-8,0,-8,26.8028765306122,30.9118185020408,0.003678104,3.5,-8,0,7,1,5,1,5,-1
30.9621461868961,16.77718,0,1,0,0,1,4.328421,1,1,0.7803276,0,0,6,0,-8,0,-8,26.8548370323129,30.9630950020408,0.003313903,3.5,-8,0,7,1,5,1,5,-1
31.0125973962643,16.83717,0,1,0,0,1,4.27959,1,1,0.7314959,0,0,6,0,-8,0,-8,26.9052319302721,31.0136380020408,0.004877097,3.5,-8,0,7,1,5,1,5,-1
31.0626900290744,16.87717,0,1,0,0,1,4.229027,1,1,0.6809331,0,0,6,0,-8,0,-8,26.9554461309524,31.0639162020408,0.004528501,3.5,-8,0,7,1,5,1,5,-1
31.1152581826388,16.93716,0,1,0,0,1,4.175471,1,1,0.6273783,0,0,6,0,-8,0,-8,27.0079075325964,31.1162403020408,0.003435204,3.5,-8,0,7,1,5,1,5,-1
31.1680737412162,16.99715,0,1,0,0,1,4.123167,1,1,0.5750746,0,0,6,0,-8,0,-8,27.0607743268141,31.1705740020408,0.003998299,3.5,-8,0,7,1,5,1,5,-1
31.2218540504528,17.03714,0,1,0,0,1,4.07028,1,1,0.5221871,0,0,6,0,-8,0,-8,27.1145549319728,31.2232495020408,0.004891504,3.5,-8,0,7,1,5,1,5,-1
31.2738359764032,17.09713,0,1,0,0,1,4.017852,1,1,0.4697599,0,0,6,0,-8,0,-8,27.1665238307823,31.2750739020408,0.0044331,3.5,-8,0,7,1,5,1,5,-1
31.3276631822903,17.15712,0,1,0,0,1,3.964355,1,1,0.4162624,0,0,6,0,-8,0,-8,27.2203211309524,31.3299335020408,0.004733,3.5,-8,0,7,1,5,1,5,-1
31.3798766475031,17.19711,0,1,0,0,1,3.912075,1,1,0.363983,0,0,6,0,-8,0,-8,27.2725642290249,31.3808740020408,0.004696599,3.5,-8,0,7,1,5,1,5,-1
31.4313865726301,17.2571,0,1,0,0,1,3.860898,1,1,0.3128052,0,0,6,0,-8,0,-8,27.3240569302721,31.4335598020408,0.005011501,3.5,-8,0,7,1,5,1,5,-1
31.4862161794468,17.2971,0,1,0,0,1,3.806243,1,1,0.2581502,0,0,6,0,-8,0,-8,27.3789193310658,31.4873703020408,0.005218998,3.5,-8,0,7,1,5,1,5,-1
31.5376895173476,17.35709,0,1,0,0,1,3.754361,1,1,0.2062686,0,0,6,0,-8,0,-8,27.4303407312925,31.5390465020408,0.004758801,3.5,-8,0,7,1,5,1,5,-1
31.5900368650211,17.41708,0,1,0,0,1,3.701221,1,1,0.1531294,0,0,6,0,-8,0,-8,27.4826847293084,31.5924883020408,0.003963499,3.5,-8,0,7,1,5,1,5,-1
31.640392833224,17.45707,0,1,0,0,1,3.650828,1,1,0.1027355,0,0,6,0,-8,0,-8,27.5330541312358,31.6415730020408,0.003939002,3.5,-8,0,7,1,5,1,5,-1
31.6932664718479,17.51706,0,1,0,0,1,3.598284,1,1,0.05019226,0,0,6,0,-8,0,-8,27.5859087301587,31.6941793020408,0.004250397,3.5,-8,0,7,1,5,1,5,-1
31.7464691822603,17.55705,0,1,0,0,1,3.545951,1,1,0,0,0,0,0,-8,0,-8,27.6391829294218,31.7479751020408,0.0051911,3.5,-8,0,7,1,5,1,5,-1
31.7992486706027,17.61704,0,1,0,0,1,3.491615,1,1,0,0,0,0,0,-8,0,-8,27.6918993268141,31.8002334020408,0.0035723,3.5,-8,0,7,1,5,1,5,-1
31.8529131880961,17.67703,0,1,0,0,1,3.439579,1,1,0,0,0,0,0,-8,0,-8,27.7455447278912,31.8539262020408,0.005181399,3.5,-8,0,7,1,5,1,5,-1
31.9041305347974,17.71703,0,1,0,0,1,3.387612,1,1,0,0,0,0,0,-8,0,-8,27.7967552295918,31.9069520020408,0.004425,3.5,-8,0,7,1,5,1,5,-1
31.9566300232941,17.77702,0,1,0,0,1,3.336203,1,1,0,0,0,0,0,-8,0,-8,27.8493454294218,31.9578791020408,0.005606597,3.5,-8,0,7,1,5,1,5,-1
32.0111234912439,17.83701,0,1,0,0,1,3.282151,1,1,1.588386,0,0,6,0,-8,0,-8,27.9037823270975,32.0133548020408,0.005990696,3.5,-8,0,7,1,5,1,5,-1
32.0639868722274,17.877,0,1,0,0,1,3.239701,1,1,1.545937,0,0,6,0,-8,0,-8,27.9565338293651,32.0655335020408,0.0162931,3.5,-8,0,7,1,5,1,5,-1
32.115915191744,17.93699,0,1,0,0,1,3.176546,1,1,1.482782,0,0,6,0,-8,0,-8,28.0086105300453,32.1172669020408,0.005214102,3.5,-8,0,7,1,5,1,5,-1
32.1667886375845,17.97698,0,1,0,0,1,3.124888,1,1,1.431124,0,0,6,0,-8,0,-8,28.0594393282313,32.1679881020408,0.004385098,3.5,-8,0,7,1,5,1,5,-1
32.2196843923186,18.03697,0,1,0,0,1,3.075475,1,1,1.381711,0,0,6,0,-8,0,-8,28.1124029265873,32.2213830020408,0.007936395,3.5,-8,0,7,1,5,1,5,-1
32.2769838226237,18.09696,0,1,0,0,1,3.01765,1,1,1.323886,0,0,6,0,-8,0,-8,28.1695939271542,32.2781506020408,0.007301899,3.5,-8,0,7,1,5,1,5,-1
32.3280078848428,18.15695,0,1,0,0,1,2.963168,1,1,1.269403,0,0,6,0,-8,0,-8,28.2206909297052,32.3299749020408,0.003916702,3.5,-8,0,7,1,5,1,5,-1
32.3796013978985,18.19695,0,1,0,0,1,2.914363,1,1,1.220598,0,0,6,0,-8,0,-8,28.2722883290816,32.3807266020408,0.006708702,3.5,-8,0,7,1,5,1,5,-1
32.4341734626424,18.25694,0,1,0,0,1,2.857862,1,1,1.164098,0,0,6,0,-8,0,-8,28.3268795280612,32.4356996020408,0.004799695,3.5,-8,0,7,1,5,1,5,-1
32.487580534271,18.31693,0,1,0,0,1,2.804221,1,1,1.110456,0,0,6,0,-8,0,-8,28.3802383290816,32.4901291020408,0.004517,3.5,-8,0,7,1,5,1,5,-1
32.5404985902598,18.35692,0,1,0,0,1,2.752223,1,1,1.058458,0,0,6,0,-8,0,-8,28.4331542304422,32.5429409020408,0.0054349,3.5,-8,0,7,1,5,1,5,-1
32.5925637444272,18.41691,0,1,0,0,1,2.699936,1,1,1.006171,0,0,6,0,-8,0,-8,28.4852579294218,32.5938442020408,0.0052518,3.5,-8,0,7,1,5,1,5,-1
32.644822427202,18.4569,0,1,0,0,1,2.646043,1,1,0.952278,0,0,6,0,-8,0,-8,28.537498731576,32.6462384020408,0.003599504,3.5,-8,0,7,1,5,1,5,-1
32.6962548742071,18.51689,0,1,0,0,1,2.59455,1,1,0.9007846,0,0,6,0,-8,0,-8,28.5889483276644,32.6973910020408,0.003555697,3.5,-8,0,7,1,5,1,5,-1
32.7490796419885,18.57688,0,1,0,0,1,2.541905,1,1,0.84814,0,0,6,0,-8,0,-8,28.6417331278345,32.7506769020408,0.003695897,3.5,-8,0,7,1,5,1,5,-1
32.8006138686161,18.61687,0,1,0,0,1,2.490378,1,1,0.7966127,0,0,6,0,-8,0,-8,28.6932606292517,32.8022015020408,0.003696103,3.5,-8,0,7,1,5,1,5,-1
32.852799288074,18.67686,0,1,0,0,1,2.439616,1,1,0.7458512,0,0,6,0,-8,0,-8,28.7454336309524,32.8538476020408,0.005107604,3.5,-8,0,7,1,5,1,5,-1
32.9060834036325,18.71686,0,1,0,0,1,2.385,1,1,0.6912354,0,0,6,0,-8,0,-8,28.798758531746,32.9072274020408,0.003816702,3.5,-8,0,7,1,5,1,5,-1
32.9563830106752,18.77685,0,1,0,0,1,2.336501,1,1,0.6427366,0,0,6,0,-8,0,-8,28.849097930839,32.9575590020408,0.0056572,3.5,-8,0,7,1,5,1,5,-1
33.0099139317893,18.83684,0,1,0,0,1,2.282444,1,1,0.5886796,0,0,6,0,-8,0,-8,28.9025557327098,33.0123415020408,0.0050581,3.5,-8,0,7,1,5,1,5,-1
33.0647531330236,18.87683,0,1,0,0,1,2.236628,1,1,0.5428626,0,0,6,0,-8,0,-8,28.9575262329932,33.0666322020408,0.0142116,3.5,-8,0,7,1,5,1,5,-1
33.1149112833035,18.93682,0,1,0,0,1,2.176847,1,1,0.4830825,0,0,6,0,-8,0,-8,29.0075961309524,33.1161857020408,0.004501403,3.5,-8,0,7,1,5,1,5,-1
33.1669385736552,18.97681,0,1,0,0,1,2.12424,1,1,0.4304757,0,0,6,0,-8,0,-8,29.0596023313492,33.1680882020408,0.003900801,3.5,-8,0,7,1,5,1,5,-1
33.2191129957535,19.0368,0,1,0,0,1,2.072263,1,1,0.3784989,0,0,6,0,-8,0,-8,29.1117891298186,33.2203434020408,0.0041107,3.5,-8,0,7,1,5,1,5,-1
33.2698432417074,19.09679,0,1,0,0,1,2.021039,1,1,0.3272746,0,0,6,0,-8,0,-8,29.1625201318027,33.2722592020408,0.003617404,3.5,-8,0,7,1,5,1,5,-1
33.322223107554,19.13679,0,1,0,0,1,1.968387,1,1,0.2746221,0,0,6,0,-8,0,-8,29.2148639314059,33.3233080020408,0.003308702,3.5,-8,0,7,1,5,1,5,-1
33.3727615231345,19.19678,0,1,0,0,1,1.918727,1,1,0.2249619,0,0,6,0,-8,0,-8,29.2654327310091,33.3738960020408,0.004217304,3.5,-8,0,7,1,5,1,5,-1
33.4227778765,19.23677,0,1,0,0,1,1.867587,1,1,0.1738222,0,0,6,0,-8,0,-8,29.3154260274943,33.4240696020408,0.003070996,3.5,-8,0,7,1,5,1,5,-1
33.4751821707911,19.29676,0,1,0,0,1,1.816879,1,1,0.1231137,0,0,6,0,-8,0,-8,29.3678632298753,33.4763571020408,0.004799702,3.5,-8,0,7,1,5,1,5,-1
33.5258598288894,19.33675,0,1,0,0,1,1.765789,1,1,0.0720242,0,0,6,0,-8,0,-8,29.4185250283447,33.5269509020408,0.004371996,3.5,-8,0,7,1,5,1,5,-1
33.5773404037207,19.39674,0,1,0,0,1,1.714057,1,1,0.0202922,0,0,6,0,-8,0,-8,29.469997130102,33.5787544020408,0.004112103,3.5,-8,0,7,1,5,1,5,-1
33.6285654690955,19.45673,0,1,0,0,1,1.662162,1,1,0,0,0,0,0,-8,0,-8,29.5212616284014,33.6309097020408,0.003481696,3.5,-8,0,7,1,5,1,5,-1
33.6813549676491,19.49673,0,1,0,0,1,1.609008,1,1,0,0,0,0,0,-8,0,-8,29.5740352324263,33.6825759020408,0.003101502,3.5,-8,0,7,1,5,1,5,-1
33.7318486823235,19.55672,0,1,0,0,1,1.559551,1,1,0,0,0,0,0,-8,0,-8,29.6245043296485,33.7326975020408,0.004113697,3.5,-8,0,7,1,5,1,5,-1
33.7834519994445,19.59671,0,1,0,0,1,1.506507,1,1,0,0,0,0,0,-8,0,-8,29.6761149305556,33.7844652020408,0.002680003,3.5,-8,0,7,1,5,1,5,-1
33.8355766281253,19.6567,0,1,0,0,1,1.454839,1,1,0,0,0,0,0,-8,0,-8,29.7282323270975,33.8365061020408,0.003129401,3.5,-8,0,7,1,5,1,5,-1
33.8861253752559,19.69669,0,1,0,0,1,1.404384,1,1,1.561578,0,0,6,0,-8,0,-8,29.7787946286848,33.8880126020408,0.003236295,3.5,-8,0,7,1,5,1,5,-1
33.9364907979732,19.75668,0,1,0,0,1,1.353518,1,1,1.510712,0,0,6,0,-8,0,-8,29.8291360331633,33.9380782020408,0.002712103,3.5,-8,0,7,1,5,1,5,-1
33.9907415349805,19.81667,0,1,0,0,1,1.301507,1,1,1.4587,0,0,6,0,-8,0,-8,29.8834387329932,33.9932562020408,0.005003302,3.5,-8,0,7,1,5,1,5,-1
34.0437811959255,19.85667,0,1,0,0,1,1.247095,1,1,1.404289,0,0,6,0,-8,0,-8,29.9364507298753,34.0449050020408,0.003603699,3.5,-8,0,7,1,5,1,5,-1
34.0968590517202,19.91666,0,1,0,0,1,1.194118,1,1,1.351312,0,0,6,0,-8,0,-8,29.9895434311224,34.0977875020408,0.003719402,3.5,-8,0,7,1,5,1,5,-1
34.1480309982318,19.97665,0,1,0,0,1,1.142828,1,1,1.300021,0,0,6,0,-8,0,-8,30.0407261267007,34.1497809020408,0.0036116,3.5,-8,0,7,1,5,1,5,-1
34.212250182014,20.03664,0,1,0,0,1,1.108892,1,1,1.266086,0,0,6,0,-8,0,-8,30.1052337301587,34.2143928020408,0.034184,3.5,-8,0,7,1,5,1,5,-1
34.263554868924,20.07663,0,1,0,0,1,1.027338,1,1,1.184532,0,0,6,0,-8,0,-8,30.1562387329932,34.2653816020408,0.003634602,3.5,-8,0,7,1,5,1,5,-1
34.3142845079862,20.13662,0,1,0,0,1,0.9767649,1,1,1.133959,0,0,6,0,-8,0,-8,30.206985430839,34.3152862020408,0.0038081,3.5,-8,0,7,1,5,1,5,-1
34.3651383904042,20.17661,0,1,0,0,1,0.9261304,1,1,1.083324,0,0,6,0,-8,0,-8,30.2578077310091,34.3662442020408,0.003996003,3.5,-8,0,7,1,5,1,5,-1
34.4157338566519,20.2366,0,1,0,0,1,0.8742832,1,1,1.031477,0,0,6,0,-8,0,-8,30.3084024305556,34.4165624020408,0.002743403,3.5,-8,0,7,1,5,1,5,-1
34.4680723949708,20.29659,0,1,0,0,1,0.825044,1,1,0.9822376,0,0,6,0,-8,0,-8,30.3607140306122,34.4702839020408,0.005815802,3.5,-8,0,7,1,5,1,5,-1
34.5227273553284,20.33659,0,1,0,0,1,0.769485,1,1,0.9266785,0,0,6,0,-8,0,-8,30.4153530328798,34.5239440020408,0.004895805,3.5,-8,0,7,1,5,1,5,-1
34.5772515492421,20.39658,0,1,0,0,1,0.7146094,1,1,0.8718029,0,0,6,0,-8,0,-8,30.4699531320862,34.5789785020408,0.004620203,3.5,-8,0,7,1,5,1,5,-1
34.6315369641013,20.45657,0,1,0,0,1,0.6632054,1,1,0.8203989,0,0,6,0,-8,0,-8,30.5241419288549,34.6335068020408,0.007404996,3.5,-8,0,7,1,5,1,5,-1
34.683412688903,20.49656,0,1,0,0,1,0.6095893,1,1,0.7667828,0,0,6,0,-8,0,-8,30.5760853316327,34.6846664020408,0.005732299,3.5,-8,0,7,1,5,1,5,-1
34.7356552764471,20.55655,0,1,0,0,1,0.5575202,1,1,0.7147137,0,0,6,0,-8,0,-8,30.6282961309524,34.7368255020408,0.0058741,3.5,-8,0,7,1,5,1,5,-1
34.7872646791139,20.59654,0,1,0,0,1,0.5045046,1,1,0.6616982,0,0,6,0,-8,0,-8,30.6799231292517,34.7894941020408,0.004485601,3.5,-8,0,7,1,5,1,5,-1
34.8402844259818,20.65653,0,1,0,0,1,0.4534401,1,1,0.6106336,0,0,6,0,-8,0,-8,30.7329537273243,34.8428946020408,0.006451701,3.5,-8,0,7,1,5,1,5,-1
34.8941300528892,20.71652,0,1,0,0,1,0.3985788,1,1,0.5557723,0,0,6,0,-8,0,-8,30.7867572278912,34.8960844020408,0.005393899,3.5,-8,0,7,1,5,1,5,-1
34.9458926348644,20.75652,0,1,0,0,1,0.3478726,1,1,0.5050661,0,0,6,0,-8,0,-8,30.8385203302154,34.9471077020408,0.006450801,3.5,-8,0,7,1,5,1,5,-1
34.9979413416539,20.81651,0,1,0,0,1,0.2951335,1,1,0.452327,0,0,6,0,-8,0,-8,30.8906139314059,34.9997160020408,0.005805301,3.5,-8,0,7,1,5,1,5,-1
35.0483278682292,20.8765,0,1,0,0,1,0.2435516,1,1,0.4007451,0,0,6,0,-8,0,-8,30.9409782312925,35.0503741020408,0.004587698,3.5,-8,0,7,1,5,1,5,-1
35.1000604053517,20.91649,0,1,0,0,1,0.1917515,1,1,0.348945,0,0,6,0,-8,0,-8,30.9927353316327,35.1013693020408,0.0045447,3.5,-8,0,7,1,5,1,5,-1
35.1534221306513,20.97648,0,1,0,0,1,0.1387081,1,1,0.2959016,0,0,6,0,-8,0,-8,31.0460973285147,35.1546363020408,0.004863301,3.5,-8,0,7,1,5,1,5,-1
35.2103365848749,21.03647,0,1,0,0,1,0.08400901,1,1,0.2412025,0,0,6,0,-8,0,-8,31.1030522321429,35.2128302020408,0.007119104,3.5,-8,0,7,1,5,1,5,-1
35.2628286561533,21.07646,0,1,0,0,1,0.02991101,1,1,0.1871044,0,0,6,0,-8,0,-8,31.1554667304422,35.2641957020408,0.005435601,3.5,-8,0,7,1,5,1,5,-1
35.3141315178177,21.13645,0,1,0,0,0,0,0,1,0.1349753,0,0,6,0,0,0,-8,31.2067704294218,35.3160968020408,0.004610098,3.5,-8,0,7,1,5,1,5,-1
35.3672906129295,21.17645,0,1,0,0,0,0,0,1,0.08113219,0,0,6,0,0,0,-8,31.2599324263039,35.3684937020408,0.003928997,3.5,-8,0,7,1,5,1,5,-1
35.4213006064296,21.23643,0,1,0,0,0,0,0,1,0.02789269,0,0,6,0,0,0,-8,31.313934332483,35.4226902020408,0.004691404,3.5,-8,0,7,1,5,1,5,-1
35.4754093202669,21.29642,0,1,0,0,0,0,0,1,0,0,0,0,0,0,0,-8,31.3680969316893,35.4764709020408,0.0047598,3.5,-8,0,7,1,5,1,5,-1
35.5278041945607,21.35641,0,1,0,0,0,0,0,1,0,0,0,0,0,0,0,-8,31.4205044288549,35.5300175020408,0.004018098,3.5,-8,0,7,1,5,1,5,-1
35.5785395997646,21.39641,0,1,0,0,0,0,0,1,0,0,0,0,0,0,0,-8,31.4712023313492,35.5799054020408,0.003892701,3.5,-8,0,7,1,5,1,5,-1
35.6321343910694,21.4564,0,1,0,0,0,0,0,1,0,0,0,0,0,0,0,-8,31.5248187287415,35.6329287020408,0.004590101,3.5,-8,0,7,1,5,1,5,-1
35.682520534629,21.49639,0,1,0,0,0,0,0,1,0,0,0,0,0,0,0,-8,31.5751552295918,35.6833311020408,0.003613598,3.5,-8,0,7,1,5,1,5,-1
35.7339950964763,21.55638,0,1,0,0,0,0,0,1,0,0,0,0,0,0,0,-8,31.6266575325964,35.7352000020408,0.002643204,3.5,-8,0,7,1,5,1,5,-1
35.7865082414215,21.59637,0,1,0,0,0,0,0,1,0,0,0,0,0,0,0,-8,31.6792025297619,35.7873603020408,0.002914697,3.5,-8,0,7,1,5,1,5,-1
35.8396208819677,21.65636,0,1,0,0,0,0,0,1,0,0,0,0,0,0,0,-8,31.7323044288549,35.8405039020408,0.003408496,3.5,-8,0,7,1,5,1,5,-1
35.8927974196966,21.71635,0,1,0,0,0,0,0,1,0,0,0,0,0,0,0,-8,31.7854295280612,35.8936967020408,0.004292496,3.5,-8,0,7,1,5,1,5,-1
35.9428202536632,21.75635,0,1,0,0,0,0,0,1,0,0,0,0,0,0,0,-8,31.8355002267574,35.9437391020408,0.003330796,3.5,-8,0,7,1,5,1,5,-1
35.9928206140851,21.81634,0,1,0,0,0,0,0,1,0,0,0,0,0,0,0,-8,31.8854744331066,35.9937224020408,0.004181101,3.5,-8,0,7,1,5,1,5,-1
36.0461056536529,21.85633,0,1,0,0,0,0,0,1,0,0,0,0,0,0,0,-8,31.9387543296485,36.0469157020408,0.003943502,3.5,-8,0,7,1,5,1,5,-1
36.0970142845856,21.91632,0,1,0,0,0,0,0,1,0,0,0,0,0,0,0,-8,31.9896760274943,36.0982655020408,0.003592099,3.5,-8,0,7,1,5,1,5,-1
36.1475479467143,21.97631,0,1,0,0,0,0,0,1,0,0,0,0,0,0,0,-8,32.0402308319161,36.1498288020408,0.002989605,3.5,-8,0,7,1,5,1,5,-1
36.1997192756226,22.0163,0,1,0,0,0,0,0,1,0,0,0,0,0,0,0,-8,32.0924024305556,36.2006152020408,0.003,3.5,-8,0,7,1,5,1,5,-1
36.251063375494,22.07629,0,1,0,0,0,0,0,1,0,0,0,0,0,0,0,-8,32.1437040320295,36.2520146020408,0.003704004,3.5,-8,0,7,1,5,1,5,-1
36.3027365826187,22.11629,0,1,0,0,0,0,0,1,0,0,0,0,0,0,0,-8,32.1953966269841,36.3034967020408,0.003139498,3.5,-8,0,7,1,5,1,5,-1
36.3544875901844,22.17628,0,1,0,0,0,0,0,1,0,0,0,0,0,0,0,-8,32.2471902281746,36.3560683020408,0.004735899,3.5,-8,0,7,1,5,1,5,-1
36.4058794049779,22.21627,0,1,0,0,0,0,0,1,0,0,0,0,0,0,0,-8,32.2985239299887,36.4065358020408,0.003375397,3.5,-8,0,7,1,5,1,5,-1
36.4566802281886,22.27626,0,1,0,0,0,0,0,1,0,0,0,0,0,0,0,-8,32.3493334325397,36.4573825020408,0.003419402,3.5,-8,0,7,1,5,1,5,-1
36.5084110885556,22.33625,0,1,0,0,0,0,0,1,0,0,0,0,0,0,0,-8,32.4010697278912,36.5102178020408,0.002713202,3.5,-8,0,7,1,5,1,5,-1
36.5607706645899,22.37624,0,1,0,0,0,0,0,1,0,0,0,0,0,0,0,-8,32.4534603316326,36.5628793020408,0.003462698,3.5,-8,0,7,1,5,1,5,-1
36.6147911521117,22.43623,0,1,0,0,0,0,0,1,0,0,0,0,0,0,0,-8,32.5074457270408,36.6156843020408,0.004838797,3.5,-8,0,7,1,5,1,5,-1
36.6655586611805,22.47623,0,1,0,0,0,0,0,1,0,0,0,0,0,0,0,-8,32.558225928288,36.6663659020408,0.004041199,3.5,-8,0,7,1,5,1,5,-1
36.7158424447244,22.53622,0,1,0,0,0,0,0,1,0,0,0,0,0,0,0,-8,32.6085024305556,36.7168151020408,0.003086104,3.5,-8,0,7,1,5,1,5,-1
36.7679255577247,22.59621,0,1,0,0,0,0,0,1,0,0,0,0,0,0,0,-8,32.6606325325964,36.7693707020408,0.004287904,3.5,-8,0,7,1,5,1,5,-1
36.8186324170814,22.6362,0,1,0,0,0,0,0,1,0,0,0,0,0,0,0,-8,32.7112813279478,36.8194066020408,0.002962195,3.5,-8,0,7,1,5,1,5,-1
36.8715652003279,22.69619,0,1,0,0,0,0,0,1,0,0,0,0,0,0,0,-8,32.7642523313492,36.8722503020408,0.003585303,3.5,-8,0,7,1,5,1,5,-1
36.9221699443716,22.73618,0,1,0,0,0,0,0,1,0,0,0,0,0,0,0,-8,32.8148407312925,36.9231594020408,0.002640001,3.5,-8,0,7,1,5,1,5,-1
36.9758272992424,22.79617,0,1,0,0,0,0,0,1,0,0,0,0,0,0,0,-8,32.868534332483,36.9769327020408,0.004410105,3.5,-8,0,7,1,5,1,5,-1
37.0278836572543,22.85616,0,1,0,0,0,0,0,1,0,0,0,0,0,0,0,-8,32.9205817318594,37.0297654020408,0.004478203,3.5,-8,0,7,1,5,1,5,-1
37.0792818789161,22.89616,0,1,0,0,0,0,0,1,0,0,0,0,0,0,0,-8,32.9719458333333,37.0801187020408,0.004810303,3.5,-8,0,7,1,5,1,5,-1
37.1326299838163,22.95615,0,1,0,0,0,0,0,1,0,0,0,0,0,0,0,-8,33.0253151289683,37.1333971020408,0.003421797,3.5,-8,0,7,1,5,1,5,-1
37.1836610644101,22.99614,0,1,0,0,0,0,0,1,0,0,0,0,0,0,0,-8,33.076311529195,37.1843577020408,0.002624596,3.5,-8,0,7,1,5,1,5,-1
37.2358406357118,23.05613,0,1,0,0,0,0,0,1,0,0,0,0,0,0,0,-8,33.1285307327097,37.2367188020408,0.002903905,3.5,-8,0,7,1,5,1,5,-1
37.2874458448845,23.11612,0,1,0,0,0,0,0,1,0,0,0,0,0,0,0,-8,33.1801103316327,37.2888825020408,0.002564605,3.5,-8,0,7,1,5,1,5,-1
37.3379230048391,23.15611,0,1,0,0,0,0,0,1,0,0,0,0,0,0,0,-8,33.2305773313492,37.3388299020408,0.002689803,3.5,-8,0,7,1,5,1,5,-1
37.3879348431504,23.2161,0,1,0,0,0,0,0,1,0,0,0,0,0,0,0,-8,33.2806010274943,37.3892885020408,0.002758099,3.5,-8,0,7,1,5,1,5,-1
37.4411724210274,23.2561,0,1,0,0,0,0,0,1,0,0,0,0,0,0,0,-8,33.3338106292517,37.4421681020408,0.004188301,3.5,-8,0,7,1,5,1,5,-1
37.4942071266961,23.31609,0,1,0,0,0,0,0,1,0,0,0,0,0,0,0,-8,33.3868363307823,37.4953361020408,0.005007703,3.5,-8,0,7,1,5,1,5,-1
37.5461279266491,23.35608,0,1,0,0,0,0,0,1,0,0,0,0,0,0,0,-8,33.438812627551,37.5475762020408,0.003561699,3.5,-8,0,7,1,5,1,5,-1
37.5968387481733,23.41607,0,1,0,0,0,0,0,1,0,0,0,0,0,0,0,-8,33.4895162273243,37.5976894020408,0.0036312,3.5,-8,0,7,1,5,1,5,-1
37.6494553414499,23.47606,0,1,0,0,0,0,0,1,0,0,0,0,0,0,0,-8,33.5421392290249,37.6512471020408,0.0027687,3.5,-8,0,7,1,5,1,5,-1
37.7027555393078,23.51605,0,1,0,0,0,0,0,1,0,0,0,0,0,0,0,-8,33.5954214285714,37.7037812020408,0.003347697,3.5,-8,0,7,1,5,1,5,-1
37.7542904528533,23.57604,0,1,0,0,0,0,0,1,0,0,0,0,0,0,0,-8,33.6469485331633,37.7550431020408,0.0029018,3.5,-8,0,7,1,5,1,5,-1
37.8072260372038,23.61604,0,1,0,0,0,0,0,1,0,0,0,0,0,0,0,-8,33.6999215277778,37.8093338020408,0.004352296,3.5,-8,0,7,1,5,1,5,-1
37.8619546456751,23.67603,0,1,0,0,0,0,0,1,0,0,0,0,0,0,0,-8,33.7546420280612,37.8635534020408,0.005071301,3.5,-8,0,7,1,5,1,5,-1
37.9124423682899,23.73602,0,1,0,0,0,0,0,1,0,0,0,0,0,0,0,-8,33.8050931264172,37.9131974020408,0.004397796,3.5,-8,0,7,1,5,1,5,-1
37.9660595120769,23.77601,0,1,0,0,0,0,0,1,0,0,0,0,0,0,0,-8,33.8587241284014,37.9667937020408,0.0042,3.5,-8,0,7,1,5,1,5,-1
38.0183081188402,23.836,0,1,0,0,0,0,0,1,0,0,0,0,0,0,0,-8,33.9109845308957,38.0196176020408,0.003481704,3.5,-8,0,7,1,5,1,5,-1
38.0755591882509,23.89599,0,1,0,0,0,0,0,1,0,0,0,0,0,0,0,-8,33.9683611323696,38.0773281020408,0.01710841,3.5,-8,0,7,1,5,1,5,-1
38.1280772431195,23.95598,0,1,0,0,0,0,0,1,0,0,0,0,0,0,0,-8,34.0207155328798,38.1303155020408,0.004897003,3.5,-8,0,7,1,5,1,5,-1
38.1793706556945,23.99597,0,1,0,0,0,0,0,1,0,0,0,0,0,0,0,-8,34.0720553287982,38.1806483020408,0.003163698,3.5,-8,0,7,1,5,1,5,-1
38.2332473224029,24.05596,0,1,0,0,0,0,0,1,0,0,0,0,0,0,0,-8,34.1259219316893,38.2342638020408,0.004504301,3.5,-8,0,7,1,5,1,5,-1
38.2838647103845,24.09595,0,1,0,0,0,0,0,1,0,0,0,0,0,0,0,-8,34.1764956278345,38.2847230020408,0.004266497,3.5,-8,0,7,1,5,1,5,-1
38.3371333123744,24.15594,0,1,0,0,0,0,0,1,0,0,0,0,0,0,0,-8,34.2298382298753,38.3389786020408,0.005624801,3.5,-8,0,7,1,5,1,5,-1
38.3883051175042,24.21593,0,1,0,0,0,0,0,1,0,0,0,0,0,0,0,-8,34.2809411281179,38.3902417020408,0.003355095,3.5,-8,0,7,1,5,1,5,-1
38.4395609665336,24.25593,0,1,0,0,0,0,0,1,0,0,0,0,0,0,0,-8,34.3322157312925,38.4410673020408,0.003694402,3.5,-8,0,7,1,5,1,5,-1
38.4904442113661,24.31592,0,1,0,0,0,0,0,1,0,0,0,0,0,0,0,-8,34.3830717332766,38.4933218020408,0.003944105,3.5,-8,0,7,1,5,1,5,-1
38.5425828210707,24.35591,0,1,0,0,0,0,0,1,0,0,0,0,0,0,0,-8,34.4352822278912,38.5434314020408,0.003546698,3.5,-8,0,7,1,5,1,5,-1
38.5954058673861,24.4159,0,1,0,0,0,0,0,1,0,0,0,0,0,0,0,-8,34.4881133290816,38.5966754020408,0.005528997,3.5,-8,0,7,1,5,1,5,-1
38.6457888819114,24.45589,0,1,0,0,0,0,0,1,0,0,0,0,0,0,0,-8,34.5384811295351,38.6466244020408,0.004122796,3.5,-8,0,7,1,5,1,5,-1
38.6967731741536,24.51588,0,1,0,0,0,0,0,1,0,0,0,0,0,0,0,-8,34.5894356292517,38.6977538020408,0.003038598,3.5,-8,0,7,1,5,1,5,-1
38.7480266121309,24.57587,0,1,0,0,0,0,0,1,0,0,0,0,0,0,0,-8,34.6406894274376,38.7495876020408,0.0030179,3.5,-8,0,7,1,5,1,5,-1
38.8010938914772,24.61587,0,1,0,0,0,0,0,1,0,0,0,0,0,0,0,-8,34.6937385274943,38.8019027020408,0.003426197,3.5,-8,0,7,1,5,1,5,-1
38.8523460459243,24.67586,0,1,0,0,0,0,0,1,0,0,0,0,0,0,0,-8,34.7450445294785,38.8532168020408,0.0040411,3.5,-8,0,7,1,5,1,5,-1
38.9030925192428,24.71585,0,1,0,0,0,0,0,1,0,0,0,0,0,0,0,-8,34.795761231576,38.9040694020408,0.003371003,3.5,-8,0,7,1,5,1,5,-1
38.9539331020205,24.77584,0,1,0,0,0,0,0,0,0,0,0,0,0,0,0,-8,34.8466190263605,38.9548832020408,0.004113697,3.5,-8,0,7,1,5,1,5,-1
39.0053355022869,24.81583,0,1,0,0,0,0,0,0,0,0,0,0,0,0,0,-8,34.898010728458,39.0062931020408,0.002920599,3.5,-8,0,7,1,5,1,5,-1
39.0560979361134,24.87582,0,1,0,0,0,0,0,0,0,0,0,0,0,0,0,-8,34.9487447278912,39.0571927020408,0.002853798,3.5,-8,0,7,1,5,1,5,-1
39.1065258172178,24.91582,0,1,0,0,0,0,0,0,0,0,0,0,0,0,0,-8,34.9992137329932,39.1077916020408,0.003197903,3.5,-8,0,7,1,5,1,5,-1
39.1566023763129,24.97581,0,1,0,0,0,0,0,0,0,0,0,0,0,0,0,-8,35.0492662273243,39.1573108020408,0.003152997,3.5,-8,0,7,1,5,1,5,-1
39.2080267344811,25.0358,0,1,0,0,0,0,0,0,0,0,0,0,0,0,0,-8,35.1006930272109,39.2100314020408,0.002843098,3.5,-8,0,7,1,5,1,5,-1
39.2595556031028,25.07579,0,1,0,0,0,0,0,0,0,0,0,0,0,0,0,-8,35.1522035289116,39.2601867020408,0.003357802,3.5,-8,0,7,1,5,1,5,-1
39.3127424454386,25.13578,0,1,0,0,0,0,0,0,0,0,0,0,0,0,0,-8,35.2054184311224,39.3135949020408,0.003612904,3.5,-8,0,7,1,5,1,5,-1
39.3649906468508,25.17577,0,1,0,0,0,0,0,0,0,0,0,0,0,0,0,-8,35.2576549319728,39.3664316020408,0.003420302,3.5,-8,0,7,1,5,1,5,-1
39.4158615317126,25.23576,0,1,0,0,0,0,0,0,0,0,0,0,0,0,0,-8,35.3085503330499,39.4167083020408,0.003240604,3.5,-8,0,7,1,5,1,5,-1
39.4662626410183,25.27576,0,1,0,0,0,0,0,0,0,0,0,0,0,0,0,-8,35.3589608276644,39.4670362020408,0.003532795,3.5,-8,0,7,1,5,1,5,-1
39.518822477553,25.33575,0,1,0,0,0,0,0,0,0,0,0,0,0,0,0,-8,35.4115190263605,39.5200147020408,0.004000999,3.5,-8,0,7,1,5,1,5,-1
39.5693808494601,25.39574,0,1,0,0,0,0,0,0,0,0,0,0,0,0,0,-8,35.4620773313492,39.5722720020408,0.004495599,3.5,-8,0,7,1,5,1,5,-1
39.621769675808,25.43573,0,1,0,0,0,0,0,0,0,0,0,0,0,0,0,-8,35.5144256306689,39.6226847020408,0.003063102,3.5,-8,0,7,1,5,1,5,-1
39.6737029791554,25.49572,0,1,0,0,0,0,0,0,0,0,0,0,0,0,0,-8,35.5663488307823,39.6750080020408,0.003931704,3.5,-8,0,7,1,5,1,5,-1
39.7255619123182,25.53571,0,1,0,0,0,0,0,0,0,0,0,0,0,0,0,-8,35.6182220308957,39.7271439020408,0.0027178,3.5,-8,0,7,1,5,1,5,-1
39.7757342048059,25.5957,0,1,0,0,0,0,0,0,0,0,0,0,0,0,0,-8,35.6684092332766,39.7767894020408,0.003059701,3.5,-8,0,7,1,5,1,5,-1
39.8290256074397,25.65569,0,1,0,0,0,0,0,0,0,0,0,0,0,0,0,-8,35.7217289328231,39.8311577020408,0.0038178,3.5,-8,0,7,1,5,1,5,-1
39.8827194232517,25.69569,0,1,0,0,0,0,0,0,0,0,0,0,0,0,0,-8,35.7754016298186,39.8835577020408,0.004052097,3.5,-8,0,7,1,5,1,5,-1
39.9352962456178,25.75568,0,1,0,0,0,0,0,0,0,0,0,0,0,0,0,-8,35.8279908304989,39.9362099020408,0.004745699,3.5,-8,0,7,1,5,1,5,-1
39.9879298046185,25.81567,0,1,0,0,0,0,0,0,0,0,0,0,0,0,0,-8,35.8805697278912,39.9892171020408,0.003588995,3.5,-8,0,7,1,5,1,5,-1
40.0390831800993,25.85566,0,1,0,0,0,0,0,0,0,0,0,0,0,0,0,-8,35.9317353316327,40.0400854020408,0.0029616,3.5,-8,0,7,1,5,1,5,-1
40.0900340127386,25.91565,0,1,0,0,0,0,0,0,0,0,0,0,0,0,0,-8,35.9826923327664,40.0918413020408,0.002772903,3.5,-8,0,7,1,5,1,5,-1
40.140321296989,25.95564,0,1,0,0,0,0,0,0,0,0,0,0,0,0,0,-8,36.0329908304989,40.1410203020408,0.002507299,3.5,-8,0,7,1,5,1,5,-1
40.1927385502192,26.01564,0,1,0,0,0,0,0,0,0,0,0,0,0,0,0,-8,36.0854106292517,40.1937166020408,0.003222598,3.5,-8,0,7,1,5,1,5,-1
40.2454755654978,26.05564,0,1,0,0,0,0,0,0,0,0,0,0,0,0,0,-8,36.1381636267007,40.2463087020408,0.0033956,3.5,-8,0,7,1,5,1,5,-1
40.2958556472952,26.11564,0,1,0,0,0,0,0,0,0,0,0,0,0,0,0,-8,36.1885574263039,40.2968980020408,0.003837996,3.5,-8,0,7,1,5,1,5,-1
40.346578002146,26.15564,0,1,0,0,0,0,0,0,0,0,0,0,0,0,0,-8,36.2392146329365,40.3485467020408,0.004477204,3.5,-8,0,7,1,5,1,5,-1
40.3966961035039,26.21564,0,1,0,0,0,0,0,0,0,0,0,0,0,0,0,-8,36.2893522321429,40.3979949020408,0.003915405,3.5,-8,0,7,1,5,1,5,-1
40.449126398121,26.27564,0,1,0,0,0,0,0,0,0,0,0,0,0,0,0,-8,36.3417874291383,40.4506865020408,0.003879096,3.5,-8,0,7,1,5,1,5,-1
40.501941494348,26.31564,0,1,0,0,0,0,0,0,0,0,0,0,0,0,0,-8,36.3945893282313,40.5025845020408,0.0031036,3.5,-8,0,7,1,5,1,5,-1
40.555403388408,26.37564,0,1,0,0,0,0,0,0,0,0,0,0,0,0,0,-8,36.4480702310091,40.5561149020408,0.003664704,3.5,-8,0,7,1,5,1,5,-1
40.6062956272904,26.41565,0,1,0,0,0,0,0,0,0,0,0,0,0,0,0,-8,36.4989503330499,40.6069249020408,0.003129103,3.5,-8,0,7,1,5,1,5,-1
40.6581317712017,26.47565,0,1,0,0,0,0,0,0,0,0,0,0,0,0,0,-8,36.5507887329932,40.6588971020408,0.002630903,3.5,-8,0,7,1,5,1,5,-1
40.708435020973,26.53565,0,1,0,0,0,0,0,0,0,0,0,0,0,0,0,-8,36.6010839285714,40.7099580020408,0.002610296,3.5,-8,0,7,1,5,1,5,-1
40.760804718805,26.57565,0,1,0,0,0,0,0,0,0,0,0,0,0,0,0,-8,36.6534571286848,40.7619002020408,0.0026964,3.5,-8,0,7,1,5,1,5,-1
40.8129722802853,26.63565,0,1,0,0,0,0,0,0,0,0,0,0,0,0,0,-8,36.7056760274943,40.8142873020408,0.004515497,3.5,-8,0,7,1,5,1,5,-1
40.8654888993292,26.67565,0,1,0,0,0,0,0,0,0,0,0,0,0,0,0,-8,36.758123731576,40.8663175020408,0.004364498,3.5,-8,0,7,1,5,1,5,-1
40.9164360346063,26.73565,0,1,0,0,0,0,0,0,0,0,0,0,0,0,0,-8,36.8090823270975,40.9176345020408,0.005216695,3.5,-8,0,7,1,5,1,5,-1
40.966998572615,26.77565,0,1,0,0,0,0,0,0,0,0,0,0,0,0,0,-8,36.8596668296485,40.9685172020408,0.003159099,3.5,-8,0,7,1,5,1,5,-1
41.0207766261417,26.83566,0,1,0,0,0,0,0,0,0,0,0,0,0,0,0,-8,36.9134644274376,41.0224417020408,0.004212897,3.5,-8,0,7,1,5,1,5,-1
41.0771258002426,26.89566,0,1,0,0,0,0,0,0,0,0,0,0,0,0,0,-8,36.9696842332766,41.0797734020408,0.0115504,3.5,-8,0,7,1,5,1,5,-1
41.1298163197166,26.95566,0,1,0,0,0,0,0,0,0,0,0,0,0,0,0,-8,37.0224717332766,41.1317929020408,0.004121003,3.5,-8,0,7,1,5,1,5,-1
41.1822882638872,26.99566,0,1,0,0,0,0,0,0,0,0,0,0,0,0,0,-8,37.0750088293651,41.1833077020408,0.005601197,3.5,-8,0,7,1,5,1,5,-1
