frame,real_seconds,art_scale,target_scale,dust_vertices,cloud_x,cloud_y
0,0.001486,1.000000,1.000000,377,1.842340,0.092143
1,0.058517,1.000000,1.000000,377,1.874681,0.093761
2,0.107383,1.000000,1.000000,377,1.917832,0.095921
3,0.107703,1.000000,1.000000,377,1.921423,0.096100
4,0.150869,1.000000,1.000000,377,1.964579,0.098260
5,0.195248,1.000000,1.000000,377,2.014880,0.100778
6,0.195517,1.000000,1.000000,377,2.018471,0.100957
7,0.238014,1.000000,1.000000,377,2.061623,0.103117
8,0.281635,1.000000,1.000000,377,2.111920,0.105635
9,0.281903,1.000000,1.000000,377,2.115510,0.105815
10,0.325239,1.000000,1.000000,377,2.151442,0.107613
11,0.368408,1.000000,1.000000,377,2.205348,0.110312
12,0.368682,1.000000,1.000000,377,2.208938,0.110491
13,0.411417,1.000000,1.000000,377,2.248453,0.112470
14,0.455164,1.000000,1.000000,377,2.298764,0.114988
15,0.455433,1.000000,1.000000,377,2.302353,0.115168
16,0.498951,1.000000,1.000000,377,2.341858,0.117146
17,0.542286,1.000000,1.000000,377,2.392159,0.119664
18,0.542625,1.000684,1.000000,377,2.395747,0.119844
19,0.585234,1.007091,1.000000,377,2.435291,0.121824
20,0.628725,1.012858,1.000000,377,2.485540,0.124340
21,0.629065,1.013190,1.000000,377,2.489128,0.124520
22,0.672333,1.016301,1.000000,377,2.528656,0.126500
23,0.715246,1.019103,1.000000,377,2.578915,0.129017
24,0.715610,1.019265,1.000000,377,2.582502,0.129196
25,0.758393,1.020775,1.000000,377,2.622010,0.131175
26,0.802176,1.022136,1.000000,377,2.672272,0.133692
27,0.802532,1.022215,1.000000,377,2.675858,0.133872
28,0.845984,1.022948,1.000000,377,2.715381,0.135852
29,0.888804,1.023609,1.000000,377,2.765586,0.138367
30,0.889133,1.023647,1.000000,377,2.769172,0.138546
31,0.932057,1.024003,1.000000,377,2.808656,0.140524
32,0.975658,1.024324,1.000000,377,2.858903,0.143042
33,0.976003,1.024343,1.000000,377,2.862488,0.143221
34,1.019464,1.024516,1.000000,377,2.901994,0.145201
35,1.062394,1.024672,1.000000,377,2.952176,0.147715
36,1.062737,1.024681,1.000000,377,2.955760,0.147895
37,1.105461,1.024765,1.000000,377,2.995251,0.149874
38,1.149100,1.024841,1.000000,377,3.045468,0.152390
39,1.149433,1.024845,1.000000,377,3.049051,0.152570
40,1.192695,1.024886,1.000000,377,3.088518,0.154548
41,1.235547,1.024923,1.000000,377,3.138714,0.157063
42,1.235905,1.024925,1.000000,377,3.142296,0.157243
43,1.278528,1.024945,1.000000,377,3.181787,0.159222
44,1.322271,1.024962,1.000000,377,3.231940,0.161736
45,1.322605,1.024963,1.000000,377,3.235522,0.161916
46,1.366029,1.024973,1.000000,377,3.275004,0.163895
47,1.409166,1.024982,1.000000,377,3.325152,0.166409
48,1.409535,1.024982,1.000000,377,3.328732,0.166589
49,1.452516,1.024987,1.000000,377,3.368176,0.168567
50,1.496520,1.024991,1.000000,377,3.418338,0.171082
51,1.496855,1.024991,1.000000,377,3.421918,0.171261
52,1.540195,1.011821,1.000000,377,3.461364,0.173240
53,1.583217,0.999964,1.000000,377,3.511497,0.175754
54,1.583564,0.999281,1.000000,377,3.515076,0.175933
55,1.626235,0.992884,1.000000,377,3.554515,0.177911
56,1.669884,0.987124,1.000000,377,3.604637,0.180425
57,1.670234,0.986793,1.000000,377,3.608215,0.180605
58,1.713516,0.983686,1.000000,377,3.647639,0.182583
59,1.756629,0.980889,1.000000,377,3.697753,0.185097
60,1.756987,0.980727,1.000000,377,3.701330,0.185276
61,1.799725,0.979219,1.000000,377,3.740736,0.187253
62,1.843367,0.977860,1.000000,377,3.790840,0.189767
63,1.843741,0.977782,1.000000,377,3.794417,0.189947
64,1.887524,0.977049,1.000000,377,3.833819,0.191924
65,1.930831,0.976389,1.000000,377,3.883923,0.194439
66,1.931207,0.977035,1.000000,377,3.887498,0.194618
67,1.973980,0.983083,1.000000,377,3.926874,0.196594
68,2.017591,0.988531,1.000000,377,3.976945,0.199108
69,2.017946,0.988845,1.000000,377,3.980520,0.199287
70,2.061698,0.991784,1.000000,377,4.019898,0.201264
71,2.104625,0.994430,1.000000,377,4.069956,0.203777
72,2.104965,0.994582,1.000000,377,4.073530,0.203956
73,2.147593,0.996009,1.000000,377,4.112887,0.205932
74,2.191268,0.997295,1.000000,377,4.162940,0.208446
75,2.191607,0.997369,1.000000,377,4.166512,0.208625
76,2.234915,0.998062,1.000000,377,4.205855,0.210601
77,2.278156,0.998686,1.000000,377,4.255897,0.213114
78,2.278833,0.998722,1.000000,377,4.259469,0.213293
79,2.324188,0.999085,1.000000,377,4.302398,0.215450
80,2.369761,0.999379,1.000000,377,4.352393,0.217961
81,2.370100,0.999396,1.000000,377,4.355963,0.218140
82,2.413607,0.999567,1.000000,377,4.398864,0.220296
83,2.456501,0.999707,1.000000,377,4.448860,0.222808
84,2.456852,0.999715,1.000000,377,4.452429,0.222987
85,2.499468,0.999790,1.000000,377,4.491759,0.224963
86,2.543062,0.999858,1.000000,377,4.541727,0.227475
87,2.543423,0.999862,1.000000,377,4.545294,0.227654
88,2.586977,0.999898,1.000000,377,4.584597,0.229629
89,2.630037,0.999931,1.000000,377,4.634561,0.232141
90,2.630411,0.999933,1.000000,377,4.638127,0.232320
91,2.673286,0.999950,1.000000,377,4.677402,0.234294
92,2.716974,0.999966,1.000000,377,4.727362,0.236806
93,2.717325,0.999967,1.000000,377,4.730927,0.236985
94,2.760805,0.999976,1.000000,377,4.770195,0.238960
95,2.803978,0.999984,1.000000,377,4.820126,0.241471
96,2.804304,0.999984,1.000000,377,4.823689,0.241650
97,2.846928,0.999988,1.000000,377,4.862954,0.243625
98,2.890461,0.999992,1.000000,377,4.912872,0.246136
99,2.890808,0.999992,1.000000,377,4.916436,0.246315
100,2.934004,0.999994,1.000000,377,4.955665,0.248288
101,2.976942,0.999996,1.000000,377,5.005578,0.250799
102,2.977287,0.999996,1.000000,377,5.009140,0.250979
103,3.020029,0.999997,1.000000,377,5.048358,0.252952
104,3.063667,0.999998,1.000000,377,5.098249,0.255463
105,3.064013,0.999998,1.000000,377,5.101810,0.255642
106,3.107595,0.999999,1.000000,377,5.141026,0.257615
107,3.150997,0.999999,1.000000,377,5.190882,0.260125
108,3.151360,0.999999,1.000000,377,5.194440,0.260304
109,3.194401,0.999999,1.000000,377,5.233647,0.262278
110,3.238449,1.000000,1.000000,377,5.287046,0.264966
111,3.238773,1.000000,1.000000,377,5.290604,0.265145
112,3.282251,1.000000,1.000000,377,5.329794,0.267119
113,3.325468,1.000000,1.000000,377,5.379612,0.269628
114,3.325781,1.000000,1.000000,377,5.383169,0.269807
115,3.368626,1.000000,1.000000,377,5.422315,0.271778
116,3.412636,1.000000,1.000000,377,5.472140,0.274288
117,3.412949,1.000000,1.000000,377,5.475695,0.274467
118,3.456619,1.000000,1.000000,377,5.514858,0.276440
119,3.499191,1.000000,1.000000,377,5.564626,0.278948
120,3.499458,1.000000,1.000000,377,5.568179,0.279127
121,3.542398,1.000000,1.000000,377,5.607320,0.281099
122,3.586304,1.000000,1.000000,377,5.657082,0.283607
123,3.586565,1.000000,1.000000,377,5.660634,0.283786
124,3.629717,1.000000,1.000000,377,5.699773,0.285759
125,3.672640,1.000000,1.000000,377,5.749503,0.288266
126,3.672907,1.000000,1.000000,377,5.753054,0.288445
127,3.715347,1.000000,1.000000,377,5.792158,0.290417
128,3.758917,1.000000,1.000000,377,5.841877,0.292924
129,3.759184,1.000000,1.000000,377,5.845426,0.293103
130,3.802652,1.000000,1.000000,377,5.884501,0.295073
131,3.845650,1.000000,1.000000,377,5.934210,0.297581
132,3.845919,1.000000,1.000000,377,5.937757,0.297760
133,3.888571,1.000000,1.000000,377,5.976828,0.299731
134,3.932207,1.000000,1.000000,377,6.026506,0.302237
135,3.932461,1.000000,1.000000,377,6.030052,0.302416
136,3.975689,1.000000,1.000000,377,6.069149,0.304389
137,4.018501,1.000000,1.000000,377,6.118768,0.306893
138,4.018774,1.000000,1.000000,377,6.122313,0.307072
139,4.061134,1.000000,1.000000,377,6.161351,0.309043
140,4.104532,1.000000,1.000000,377,6.210979,0.311548
141,4.104801,1.000000,1.000000,377,6.214521,0.311727
142,4.147881,1.000000,1.000000,377,6.249986,0.313517
143,4.190510,1.000000,1.000000,377,6.299611,0.316023
144,4.190771,1.000000,1.000000,377,6.303152,0.316202
145,4.233128,1.000000,1.000000,377,6.342147,0.318172
146,4.276569,1.000000,1.000000,377,6.391738,0.320676
147,4.276854,1.000000,1.000000,377,6.395278,0.320855
148,4.319941,1.000000,1.000000,377,6.434237,0.322824
149,4.362644,1.000000,1.000000,377,6.483828,0.325329
150,4.362972,1.000000,1.000000,377,6.487365,0.325508
151,4.405890,1.000000,1.000000,377,6.526331,0.327477
152,4.449797,1.000000,1.000000,377,6.575863,0.329981
153,4.450066,1.000000,1.000000,377,6.579400,0.330159
154,4.493071,1.000000,1.000000,377,6.618372,0.332129
155,4.535883,1.000000,1.000000,377,6.667874,0.334632
156,4.536165,1.000000,1.000000,377,6.671409,0.334811
157,4.578730,1.000000,1.000000,377,6.710334,0.336779
158,4.622288,1.000000,1.000000,377,6.759832,0.339283
159,4.622551,1.000000,1.000000,377,6.763364,0.339461
160,4.665941,1.000000,1.000000,377,6.802268,0.341429
161,4.708815,1.000000,1.000000,377,6.851741,0.343932
162,4.709091,1.000000,1.000000,377,6.855271,0.344111
163,4.751556,1.000000,1.000000,377,6.894183,0.346080
164,4.795042,1.000000,1.000000,377,6.943601,0.348580
165,4.795313,1.000000,1.000000,377,6.947130,0.348759
166,4.838257,1.000000,1.000000,377,6.985987,0.350726
167,4.881092,1.000000,1.000000,377,7.035418,0.353228
168,4.881357,1.000000,1.000000,377,7.038945,0.353407
169,4.923697,1.000000,1.000000,377,7.074259,0.355195
170,4.967142,1.000000,1.000000,377,7.123659,0.357696
171,4.967405,1.000000,1.000000,377,7.127183,0.357875
172,5.010500,1.000000,1.000000,377,7.166009,0.359841
173,5.053164,1.000000,1.000000,377,7.215379,0.362342
174,5.053432,1.000000,1.000000,377,7.218903,0.362521
175,5.096455,1.000000,1.000000,377,7.257721,0.364488
176,5.140457,1.000000,1.000000,377,7.307055,0.366988
177,5.140734,1.000000,1.000000,377,7.310577,0.367166
178,5.183897,1.000000,1.000000,377,7.349356,0.369132
179,5.226616,1.000000,1.000000,377,7.398684,0.371632
180,5.226883,1.000000,1.000000,377,7.402204,0.371811
181,5.269342,1.000000,1.000000,377,7.440970,0.373776
182,5.312971,1.000000,1.000000,377,7.490259,0.376276
183,5.313322,1.000000,1.000000,377,7.493776,0.376454
184,5.356451,1.000000,1.000000,377,7.532502,0.378418
185,5.399393,1.000000,1.000000,377,7.581780,0.380918
186,5.399658,1.000000,1.000000,377,7.585296,0.381096
187,5.442287,1.000000,1.000000,377,7.624032,0.383062
188,5.485853,1.000000,1.000000,377,7.673247,0.385559
189,5.486118,1.000000,1.000000,377,7.676761,0.385737
190,5.529474,1.000000,1.000000,377,7.715468,0.387702
191,5.572529,1.000000,1.000000,377,7.764680,0.390200
192,5.572805,1.000000,1.000000,377,7.768192,0.390379
193,5.615530,1.000000,1.000000,377,7.806860,0.392342
194,5.659212,1.000000,1.000000,377,7.856040,0.394840
195,5.659483,1.000000,1.000000,377,7.859550,0.395018
196,5.702757,1.000000,1.000000,377,7.898202,0.396981
197,5.745895,1.000000,1.000000,377,7.947354,0.399478
198,5.746162,1.000000,1.000000,377,7.950861,0.399656
199,5.788568,1.000000,1.000000,377,7.989495,0.401619
200,5.831985,1.000000,1.000000,377,8.038618,0.404116
201,5.832249,1.000000,1.000000,377,8.042124,0.404294
202,5.875576,1.000000,1.000000,377,8.080754,0.406258
203,5.918617,1.000000,1.000000,377,8.129823,0.408753
204,5.918884,1.000000,1.000000,377,8.133327,0.408931
205,5.961517,1.000000,1.000000,377,8.171920,0.410893
206,6.005289,1.000000,1.000000,377,8.220971,0.413388
207,6.005556,1.000000,1.000000,377,8.224472,0.413566
208,6.048613,1.000000,1.000000,377,8.263041,0.415528
209,6.091400,1.000000,1.000000,377,8.312073,0.418023
210,6.091677,1.000000,1.000000,377,8.315572,0.418201
211,6.134262,1.000000,1.000000,377,8.350584,0.419983
212,6.177824,1.000000,1.000000,377,8.403111,0.422657
213,6.178082,1.000000,1.000000,377,8.406609,0.422835
214,6.221600,1.000000,1.000000,377,8.441607,0.424617
215,6.264877,1.000000,1.000000,377,8.494103,0.427290
216,6.265148,1.000000,1.000000,377,8.497599,0.427468
217,6.307745,1.000000,1.000000,377,8.536072,0.429428
218,6.351267,1.000000,1.000000,377,8.585017,0.431921
219,6.351528,1.000000,1.000000,377,8.588510,0.432099
220,6.394773,1.000000,1.000000,377,8.623479,0.433881
221,6.437614,1.000000,1.000000,377,8.672389,0.436373
222,6.437889,1.000000,1.000000,377,8.675879,0.436551
223,6.480553,1.000000,1.000000,377,8.714327,0.438511
224,6.524103,1.000000,1.000000,377,8.763204,0.441003
225,6.524370,1.000000,1.000000,377,8.766692,0.441181
226,6.567753,1.000000,1.000000,377,8.805110,0.443140
227,6.610470,1.000000,1.000000,377,8.853957,0.445632
228,6.610748,1.000000,1.000000,377,8.857443,0.445809
229,6.653467,1.000000,1.000000,377,8.895859,0.447769
230,6.696993,1.000000,1.000000,377,8.944651,0.450259
231,6.697266,1.000000,1.000000,377,8.948134,0.450437
232,6.740440,1.000000,1.000000,377,8.986480,0.452394
233,6.783348,1.000000,1.000000,377,9.035279,0.454885
234,6.783613,1.000000,1.000000,377,9.038760,0.455063
235,6.826929,1.000000,1.000000,377,9.077097,0.457020
236,6.871315,1.000000,1.000000,377,9.125858,0.459511
237,6.871586,1.000000,1.000000,377,9.129336,0.459688
238,6.915253,1.000000,1.000000,377,9.167634,0.461645
239,6.957815,1.000000,1.000000,377,9.219843,0.464313
240,6.958096,1.000000,1.000000,377,9.223320,0.464490
241,7.000767,1.000000,1.000000,377,9.258125,0.466269
242,7.044285,1.000000,1.000000,377,9.306810,0.468758
243,7.044556,1.000000,1.000000,377,9.310285,0.468935
244,7.088015,1.000000,1.000000,377,9.348545,0.470892
245,7.131266,1.000000,1.000000,377,9.397192,0.473379
246,7.131678,1.000000,1.000000,377,9.400664,0.473557
247,7.174479,1.000000,1.000000,377,9.438872,0.475511
248,7.218149,1.000000,1.000000,377,9.490982,0.478178
249,7.218397,1.000000,1.000000,377,9.494452,0.478355
250,7.261883,1.000000,1.000000,377,9.532672,0.480311
251,7.305025,1.000000,1.000000,377,9.581240,0.482797
252,7.305296,1.000000,1.000000,377,9.584707,0.482975
253,7.347990,1.000000,1.000000,377,9.622891,0.484930
254,7.391563,1.000000,1.000000,377,9.671432,0.487416
255,7.391827,1.000000,1.000000,377,9.674896,0.487593
256,7.435104,1.000000,1.000000,377,9.713049,0.489547
257,7.478025,1.000000,1.000000,377,9.761556,0.492033
258,7.478292,1.000000,1.000000,377,9.765018,0.492210
259,7.520800,1.000000,1.000000,377,9.799702,0.493988
260,7.564426,1.000000,1.000000,377,9.848145,0.496471
261,7.564692,1.000000,1.000000,377,9.851605,0.496648
262,7.608326,1.000000,1.000000,377,9.889688,0.498601
263,7.651541,1.000000,1.000000,377,9.941591,0.501263
264,7.651995,1.000000,1.000000,377,9.945048,0.501440
265,7.711313,1.000000,1.000000,377,9.983131,0.503394
266,7.771225,1.000000,1.000000,377,10.048830,0.506765
267,7.771776,1.000000,1.000000,377,10.052290,0.506942
268,7.820915,1.000000,1.000000,377,10.107570,0.509780
269,7.868553,1.000000,1.000000,377,10.159400,0.512441
270,7.868843,1.000000,1.000000,377,10.162850,0.512618
271,7.911993,1.000000,1.000000,377,10.207760,0.514925
272,7.956257,1.000000,1.000000,377,10.256040,0.517405
273,7.956566,1.000000,1.000000,377,10.259490,0.517582
274,8.000603,1.000000,1.000000,377,10.297460,0.519533
275,8.044027,1.000000,1.000000,377,10.345720,0.522014
276,8.044363,1.000000,1.000000,377,10.349160,0.522191
277,8.088158,1.000000,1.000000,377,10.387100,0.524141
278,8.132542,1.000000,1.000000,377,10.438780,0.526799
279,8.132828,1.000000,1.000000,377,10.442230,0.526976
280,8.176712,1.000000,1.000000,377,10.480140,0.528926
281,8.220325,1.000000,1.000000,377,10.528330,0.531406
282,8.220612,1.000000,1.000000,377,10.531760,0.531583
283,8.264130,1.000000,1.000000,377,10.569650,0.533533
284,8.308912,1.000000,1.000000,377,10.617790,0.536011
285,8.309483,1.000000,1.000000,377,10.621230,0.536188
286,8.355391,1.000000,1.000000,377,10.662510,0.538313
287,8.400679,1.000000,1.000000,377,10.714060,0.540969
288,8.400946,1.000000,1.000000,377,10.717500,0.541146
289,8.443447,1.000000,1.000000,377,10.755320,0.543095
290,8.487123,1.000000,1.000000,377,10.803380,0.545571
291,8.487389,1.000000,1.000000,377,10.806810,0.545748
292,8.531149,1.000000,1.000000,377,10.844610,0.547696
293,8.574839,1.000000,1.000000,377,10.892630,0.550172
294,8.575153,1.000000,1.000000,377,10.896050,0.550349
295,8.618589,1.000000,1.000000,377,10.937240,0.552473
296,8.662992,1.000000,1.000000,377,10.985240,0.554950
297,8.663261,1.000000,1.000000,377,10.988660,0.555126
298,8.709551,1.000000,1.000000,377,11.026380,0.557073
299,8.755457,1.000000,1.000000,377,11.077750,0.559724
300,8.755733,1.000000,1.000000,377,11.081170,0.559901
301,8.799011,1.000000,1.000000,377,11.122320,0.562025
302,8.843292,1.000000,1.000000,377,11.170190,0.564498
303,8.843555,1.000000,1.000000,377,11.173610,0.564675
304,8.887194,1.000000,1.000000,377,11.211270,0.566620
305,8.930593,1.000000,1.000000,377,11.259140,0.569094
306,8.930862,1.000000,1.000000,377,11.262550,0.569271
307,8.973591,1.000000,1.000000,377,11.300190,0.571216
308,9.017246,1.000000,1.000000,377,11.347990,0.573688
309,9.017519,1.000000,1.000000,377,11.351410,0.573864
310,9.060904,1.000000,1.000000,377,11.389020,0.575810
311,9.103886,1.000000,1.000000,377,11.436780,0.578280
312,9.104153,1.000000,1.000000,377,11.440190,0.578457
313,9.146589,1.000000,1.000000,377,11.477780,0.580402
314,9.189966,1.000000,1.000000,377,11.525500,0.582872
315,9.190218,1.000000,1.000000,377,11.528900,0.583049
316,9.233557,1.000000,1.000000,377,11.566430,0.584992
317,9.276470,1.000000,1.000000,377,11.614130,0.587462
318,9.276752,1.000000,1.000000,377,11.617530,0.587638
319,9.319378,1.000000,1.000000,377,11.655030,0.589581
320,9.363028,1.000000,1.000000,377,11.702680,0.592051
321,9.363316,1.000000,1.000000,377,11.706080,0.592227
322,9.406736,1.000000,1.000000,377,11.743540,0.594169
323,9.449753,1.000000,1.000000,377,11.791150,0.596638
324,9.450005,1.000000,1.000000,377,11.794550,0.596814
325,9.492990,1.000000,1.000000,377,11.831980,0.598755
326,9.537056,1.000000,1.000000,377,11.879550,0.601224
327,9.537329,1.000000,1.000000,377,11.882950,0.601400
328,9.580893,1.000000,1.000000,377,11.920340,0.603341
329,9.624197,1.000000,1.000000,377,11.967860,0.605808
330,9.624466,1.000000,1.000000,377,11.971250,0.605984
331,9.667244,1.000000,1.000000,377,12.008610,0.607924
332,9.711052,1.000000,1.000000,377,12.056100,0.610391
333,9.711323,1.000000,1.000000,377,12.059490,0.610567
334,9.754959,1.000000,1.000000,377,12.096800,0.612506
335,9.798233,1.000000,1.000000,377,12.147640,0.615148
336,9.798498,1.000000,1.000000,377,12.151020,0.615324
337,9.841846,1.000000,1.000000,377,12.188280,0.617261
338,9.886181,1.000000,1.000000,377,12.235700,0.619727
339,9.886465,1.000000,1.000000,377,12.239080,0.619903
340,9.930021,1.000000,1.000000,377,12.276320,0.621841
341,9.973303,1.000000,1.000000,377,12.323680,0.624306
342,9.973568,1.000000,1.000000,377,12.327060,0.624481
343,10.018990,1.000000,1.000000,377,12.364270,0.626418
344,10.065200,1.000000,1.000000,377,12.414960,0.629058
345,10.065470,1.000000,1.000000,377,12.418340,0.629234
346,10.109070,1.000000,1.000000,377,12.458880,0.631346
347,10.152330,1.000000,1.000000,377,12.506150,0.633809
348,10.152600,1.000000,1.000000,377,12.509520,0.633985
349,10.195520,1.000000,1.000000,377,12.546670,0.635921
350,10.239470,1.000000,1.000000,377,12.593880,0.638383
351,10.239740,1.000000,1.000000,377,12.597250,0.638558
352,10.283560,1.000000,1.000000,377,12.634350,0.640493
353,10.327230,1.000000,1.000000,377,12.681530,0.642955
354,10.327500,1.000000,1.000000,377,12.684890,0.643131
355,10.370690,1.000000,1.000000,377,12.721990,0.645067
356,10.414970,1.000000,1.000000,377,12.769080,0.647525
357,10.415260,1.000000,1.000000,377,12.772440,0.647700
358,10.459040,1.000000,1.000000,377,12.812810,0.649809
359,10.501620,1.000000,1.000000,377,12.859900,0.652269
360,10.501900,1.000000,1.000000,377,12.863260,0.652445
361,10.544520,1.000000,1.000000,377,12.900260,0.654378
362,10.588170,1.000000,1.000000,377,12.947280,0.656836
363,10.588440,1.000000,1.000000,377,12.950630,0.657012
364,10.632080,1.000000,1.000000,377,12.987600,0.658945
365,10.675390,1.000000,1.000000,377,13.034580,0.661402
366,10.675670,1.000000,1.000000,377,13.037930,0.661577
367,10.718520,1.000000,1.000000,377,13.074870,0.663511
368,10.762410,1.000000,1.000000,377,13.121780,0.665966
369,10.762750,1.000000,1.000000,377,13.125120,0.666141
370,10.806650,1.000000,1.000000,377,13.162000,0.668072
371,10.850290,1.000000,1.000000,377,13.208900,0.670528
372,10.850560,1.000000,1.000000,377,13.212240,0.670704
373,10.893250,1.000000,1.000000,377,13.249060,0.672633
374,10.936840,1.000000,1.000000,377,13.295910,0.675089
375,10.937110,1.000000,1.000000,377,13.299260,0.675264
376,10.980940,1.000000,1.000000,377,13.336050,0.677193
377,11.024580,1.000000,1.000000,377,13.382840,0.679647
378,11.024840,1.000000,1.000000,377,13.386180,0.679823
379,11.067990,1.000000,1.000000,377,13.422940,0.681751
380,11.112060,1.000000,1.000000,377,13.473040,0.684381
381,11.112340,1.000000,1.000000,377,13.476370,0.684556
382,11.156410,1.000000,1.000000,377,13.509760,0.686309
383,11.199680,1.000000,1.000000,377,13.559790,0.688936
384,11.199960,1.000000,1.000000,377,13.563120,0.689111
385,11.242900,1.000000,1.000000,377,13.599810,0.691039
386,11.286970,1.000000,1.000000,377,13.646440,0.693490
387,11.287240,1.000000,1.000000,377,13.649770,0.693665
388,11.330550,1.000000,1.000000,377,13.686410,0.695591
389,11.373700,1.000000,1.000000,377,13.733010,0.698042
390,11.373980,1.000000,1.000000,377,13.736330,0.698217
391,11.417070,1.000000,1.000000,377,13.772960,0.700144
392,11.461120,1.000000,1.000000,377,13.819490,0.702593
393,11.461380,1.000000,1.000000,377,13.822810,0.702768
394,11.504960,1.000000,1.000000,377,13.859390,0.704694
395,11.548260,1.000000,1.000000,377,13.909180,0.707317
396,11.548530,1.000000,1.000000,377,13.912500,0.707492
397,11.591580,1.000000,1.000000,377,13.949030,0.709416
398,11.635650,1.000000,1.000000,377,13.995460,0.711864
399,11.635940,1.000000,1.000000,377,13.998780,0.712039
400,11.680360,1.000000,1.000000,377,14.035270,0.713963
401,11.724400,1.000000,1.000000,377,14.081660,0.716410
402,11.724670,1.000000,1.000000,377,14.084970,0.716584
403,11.767960,1.000000,1.000000,377,14.121410,0.718507
404,11.812320,1.000000,1.000000,377,14.171060,0.721128
405,11.812670,1.000000,1.000000,377,14.174360,0.721302
406,11.856260,1.000000,1.000000,377,14.210760,0.723225
407,11.899630,1.000000,1.000000,377,14.257040,0.725669
408,11.899890,1.000000,1.000000,377,14.260350,0.725844
409,11.942700,1.000000,1.000000,377,14.296720,0.727766
410,11.986530,1.000000,1.000000,377,14.342940,0.730209
411,11.986800,1.000000,1.000000,377,14.346240,0.730384
