time,elapsed,local,host,cheska,firstPredicted,secondPredicted,firstDenied,secondDenied,qcharges,echarges,sheets,walls,colliders,sheetX,sheetZ,wallX,wallZ,casterX,casterZ,wallTime
13.2405366559575,0.01999664,2,0,1,0,0,0,0,2,1,0,0,0,NaN,NaN,NaN,NaN,0,-8,63924999415.534
13.2910367639425,0.07998657,2,0,1,0,0,0,0,2,1,0,0,0,NaN,NaN,NaN,NaN,0,-8,63924999415.5835
13.3415373648206,0.1199799,2,0,1,0,0,0,0,2,1,0,0,0,NaN,NaN,NaN,NaN,0,-8,63924999415.6327
13.3920382723461,0.5199127,2,0,1,0,0,0,0,2,1,0,0,0,NaN,NaN,NaN,NaN,0,-8,63924999415.683
13.4425393811675,0.559906,2,0,1,0,0,0,0,2,1,0,0,0,NaN,NaN,NaN,NaN,0,-8,63924999415.7331
13.4930401889856,0.6198959,2,0,1,0,0,0,0,2,1,0,0,0,NaN,NaN,NaN,NaN,0,-8,63924999415.7831
13.5435411962184,0.6598892,2,0,1,0,0,0,0,2,1,0,0,0,NaN,NaN,NaN,NaN,0,-8,63924999415.8336
13.5940420040364,0.7198792,2,0,1,0,0,0,0,2,1,0,0,0,NaN,NaN,NaN,NaN,0,-8,63924999415.8829
13.6446060376304,0.7598724,2,0,1,0,0,0,0,2,1,0,0,0,NaN,NaN,NaN,NaN,0,-8,63924999415.933
13.695108463342,0.8198624,2,0,1,0,0,0,0,2,1,0,0,0,NaN,NaN,NaN,NaN,0,-8,63924999415.9833
13.7456090717452,0.8598557,2,0,1,0,0,0,0,2,1,0,0,0,NaN,NaN,NaN,NaN,0,-8,63924999416.0338
13.7961100808593,0.9198456,2,0,1,0,0,0,0,2,1,0,0,0,NaN,NaN,NaN,NaN,0,-8,63924999416.0837
13.8466412843826,0.9598389,2,0,1,0,0,0,0,2,1,0,0,0,NaN,NaN,NaN,NaN,0,-8,63924999416.1337
13.8971420940819,1.019829,2,0,1,0,0,0,0,2,1,0,0,0,NaN,NaN,NaN,NaN,0,-8,63924999416.1829
13.9476430034886,1.059822,2,0,1,0,0,0,0,2,1,0,0,0,NaN,NaN,NaN,NaN,0,-8,63924999416.2328
13.9983269267591,1.119812,2,0,1,0,0,0,0,2,1,0,0,0,NaN,NaN,NaN,NaN,0,-8,63924999416.2831
14.0488277345772,1.159805,2,0,1,0,0,0,0,2,1,0,0,0,NaN,NaN,NaN,NaN,0,-8,63924999416.3339
14.0993285423952,1.219795,2,0,1,0,0,0,0,2,1,0,0,0,NaN,NaN,NaN,NaN,0,-8,63924999416.3833
14.1498288422699,1.259789,2,0,1,0,0,0,0,2,1,0,0,0,NaN,NaN,NaN,NaN,0,-8,63924999416.4332
14.2003304590347,1.319778,2,0,1,0,0,0,0,2,1,0,0,0,NaN,NaN,NaN,NaN,0,-8,63924999416.4835
14.2670590882252,1.399765,2,0,1,0,0,0,0,2,1,0,0,0,NaN,NaN,NaN,NaN,0,-8,63924999416.5504
14.3337265824589,1.459755,2,0,1,0,0,0,0,2,1,0,0,0,NaN,NaN,NaN,NaN,0,-8,63924999416.6174
14.4003939924451,1.539742,2,0,1,0,0,0,0,2,1,0,0,0,NaN,NaN,NaN,NaN,0,-8,63924999416.6838
14.4670619865383,1.579735,2,0,1,0,0,0,0,2,1,0,0,0,NaN,NaN,NaN,NaN,0,-8,63924999416.7503
14.533729783191,1.639725,2,0,1,0,0,0,0,2,1,0,0,0,NaN,NaN,NaN,NaN,0,-8,63924999416.8174
14.6003972795481,1.719711,2,0,1,0,0,0,0,2,1,0,0,0,NaN,NaN,NaN,NaN,0,-8,63924999416.884
14.6670650805781,1.779701,2,0,1,0,0,0,0,2,1,0,0,0,NaN,NaN,NaN,NaN,0,-8,63924999416.9507
14.7173534255351,1.819695,2,0,1,0,0,0,0,2,1,0,0,0,NaN,NaN,NaN,NaN,0,-8,63924999417
14.7675206920753,1.879684,2,0,1,0,0,0,0,2,1,0,0,0,NaN,NaN,NaN,NaN,0,-8,63924999417.0503
14.8343282805445,1.939674,2,0,1,0,0,0,0,2,1,0,0,0,NaN,NaN,NaN,NaN,0,-8,63924999417.1169
14.9009957786339,2.019661,2,0,1,0,0,0,0,2,1,0,0,0,NaN,NaN,NaN,NaN,0,-8,63924999417.1843
14.9673300420927,2.079651,2,0,1,0,0,0,0,2,1,0,0,0,NaN,NaN,NaN,NaN,0,-8,63924999417.2505
15.0333316627393,2.139641,2,0,1,0,0,0,0,2,1,0,0,0,NaN,NaN,NaN,NaN,0,-8,63924999417.3172
15.0834993338461,2.199631,2,0,1,0,0,0,0,2,1,0,0,0,NaN,NaN,NaN,NaN,0,-8,63924999417.3673
15.1501668280798,2.259621,2,0,1,0,0,0,0,2,1,0,0,0,NaN,NaN,NaN,NaN,0,-8,63924999417.4337
15.2168345350834,2.319611,2,0,1,0,0,0,0,2,1,0,0,0,NaN,NaN,NaN,NaN,0,-8,63924999417.5004
15.2835026388491,2.399597,2,0,1,0,0,0,0,2,1,0,0,0,NaN,NaN,NaN,NaN,0,-8,63924999417.568
15.3501701425823,2.479584,2,0,1,0,0,0,0,2,1,0,0,0,NaN,NaN,NaN,NaN,0,-8,63924999417.6335
15.4168381467337,2.539574,2,0,1,0,0,0,0,2,1,0,0,0,NaN,NaN,NaN,NaN,0,-8,63924999417.7009
15.4835060452173,2.61956,2,0,1,0,0,0,0,2,1,0,0,0,NaN,NaN,NaN,NaN,0,-8,63924999417.7668
15.5501736466835,2.67955,2,0,1,0,0,0,0,2,1,0,0,0,NaN,NaN,NaN,NaN,0,-8,63924999417.8336
15.6168416509653,2.719543,2,0,1,0,0,0,0,2,1,0,0,0,NaN,NaN,NaN,NaN,0,-8,63924999417.9006
15.6835090549911,2.79953,2,0,1,0,0,0,0,2,1,0,0,0,NaN,NaN,NaN,NaN,0,-8,63924999417.9681
15.7506209586809,2.85952,2,0,1,0,0,0,0,2,1,0,0,0,NaN,NaN,NaN,NaN,0,-8,63924999418.0344
15.8169548219877,2.939507,2,0,1,0,0,0,0,2,1,0,0,0,NaN,NaN,NaN,NaN,0,-8,63924999418.1014
15.8671224970433,2.9795,2,0,1,0,0,0,0,2,1,0,0,0,NaN,NaN,NaN,NaN,0,-8,63924999418.1514
15.9337900007764,3.03949,2,0,1,0,0,0,0,2,1,0,0,0,NaN,NaN,NaN,NaN,0,-8,63924999418.2182
16.0001243618379,3.119476,2,0,1,0,0,0,0,2,1,0,0,0,NaN,NaN,NaN,NaN,0,-8,63924999418.2844
16.0667915610472,3.179466,2,0,1,0,0,0,0,2,1,0,0,0,NaN,NaN,NaN,NaN,0,-8,63924999418.3515
16.1334594575564,3.239456,2,0,1,0,0,0,0,2,1,0,0,0,NaN,NaN,NaN,NaN,0,-8,63924999418.4179
16.2001269672501,3.319443,2,0,1,0,0,0,0,2,1,0,0,0,NaN,NaN,NaN,NaN,0,-8,63924999418.4843
16.2667954536962,3.379433,2,0,1,0,0,0,0,2,1,0,0,0,NaN,NaN,NaN,NaN,0,-8,63924999418.5518
16.3334768687437,3.439423,2,0,1,0,0,0,0,2,1,0,0,0,NaN,NaN,NaN,NaN,0,-8,63924999418.618
16.4001449425767,3.519409,2,0,1,0,0,0,0,2,1,0,0,0,NaN,NaN,NaN,NaN,0,-8,63924999418.6845
16.4668148868407,3.579399,2,0,1,0,0,0,0,2,1,0,0,0,NaN,NaN,NaN,NaN,0,-8,63924999418.7516
16.5334860910724,3.639389,2,0,1,0,0,0,0,2,1,0,0,0,NaN,NaN,NaN,NaN,0,-8,63924999418.819
16.6001543556961,3.719376,2,0,1,0,0,0,0,2,1,0,0,0,NaN,NaN,NaN,NaN,0,-8,63924999418.8848
16.6668226569022,3.799362,2,0,1,0,0,0,0,2,1,0,0,0,NaN,NaN,NaN,NaN,0,-8,63924999418.9512
16.733494251507,3.859352,2,0,1,0,0,0,0,2,1,0,0,0,NaN,NaN,NaN,NaN,0,-8,63924999419.0181
16.8001638772587,3.939339,2,0,1,0,0,0,0,2,1,0,0,0,NaN,NaN,NaN,NaN,0,-8,63924999419.085
16.8668319605912,3.999329,2,0,1,0,0,0,0,2,1,0,0,0,NaN,NaN,NaN,NaN,0,-8,63924999419.152
16.9334994546945,4.019325,2,0,1,0,0,0,0,2,1,0,0,0,NaN,NaN,NaN,NaN,0,-8,63924999419.2182
16.9998340130473,4.099312,2,0,1,0,0,0,0,2,1,0,0,0,NaN,NaN,NaN,NaN,0,-8,63924999419.2852
17.0658351358088,4.159302,2,0,1,0,0,0,0,2,1,0,0,0,NaN,NaN,NaN,NaN,0,-8,63924999419.3517
17.1318362585704,4.219292,2,0,1,0,0,0,0,2,1,0,0,0,NaN,NaN,NaN,NaN,0,-8,63924999419.4181
17.1978368926669,4.299278,2,0,1,0,0,0,0,2,1,0,0,0,NaN,NaN,NaN,NaN,0,-8,63924999419.4852
17.2638385059374,4.359268,2,0,1,0,0,0,0,2,1,0,0,0,NaN,NaN,NaN,NaN,0,-8,63924999419.5521
17.3298396286989,4.419258,2,0,1,0,0,0,0,2,1,0,0,0,NaN,NaN,NaN,NaN,0,-8,63924999419.6182
17.3958409487704,4.499245,2,0,1,0,0,0,0,2,1,0,0,0,NaN,NaN,NaN,NaN,0,-8,63924999419.6855
17.461841581023,4.559235,2,0,1,0,0,0,0,2,1,0,0,0,NaN,NaN,NaN,NaN,0,-8,63924999419.752
17.5278428033615,4.619225,2,0,1,0,0,0,0,2,1,0,0,0,NaN,NaN,NaN,NaN,0,-8,63924999419.8173
17.593843821014,4.719208,2,0,1,0,0,0,0,2,1,0,0,0,NaN,NaN,NaN,NaN,0,-8,63924999419.8841
17.6598446487325,4.779198,2,0,1,0,0,0,0,2,1,0,0,0,NaN,NaN,NaN,NaN,0,-8,63924999419.9519
17.725845476451,4.839188,2,0,1,0,0,0,0,2,1,0,0,0,NaN,NaN,NaN,NaN,0,-8,63924999420.018
17.7918464941035,4.919174,2,0,1,0,0,0,0,2,1,0,0,0,NaN,NaN,NaN,NaN,0,-8,63924999420.0844
17.857847321822,4.979164,2,0,1,0,0,0,0,2,1,0,0,0,NaN,NaN,NaN,NaN,0,-8,63924999420.1507
17.9238480518075,5.039154,2,0,1,0,0,0,0,2,1,0,0,0,NaN,NaN,NaN,NaN,0,-8,63924999420.2183
17.98984887215,5.099144,2,0,1,0,0,0,0,2,1,0,0,0,NaN,NaN,NaN,NaN,0,-8,63924999420.2853
18.0558500926445,5.159134,2,0,1,0,0,0,0,2,1,0,0,0,NaN,NaN,NaN,NaN,0,-8,63924999420.3511
18.121851314983,5.219124,2,0,1,0,0,0,0,2,1,0,0,0,NaN,NaN,NaN,NaN,0,-8,63924999420.4181
18.1878522404345,5.29911,2,0,1,0,0,0,0,2,1,0,0,0,NaN,NaN,NaN,NaN,0,-8,63924999420.4854
18.2538530681531,5.3591,2,0,1,0,0,0,0,2,1,0,0,0,NaN,NaN,NaN,NaN,0,-8,63924999420.5508
18.3198537889185,5.41909,2,0,1,0,0,0,0,2,1,0,0,0,NaN,NaN,NaN,NaN,0,-8,63924999420.6183
18.3858545207481,5.499077,2,0,1,0,0,0,0,2,1,0,0,0,NaN,NaN,NaN,NaN,0,-8,63924999420.6853
18.4518556342895,5.559067,2,0,1,0,0,0,0,2,1,0,0,0,NaN,NaN,NaN,NaN,0,-8,63924999420.7516
18.517856561585,5.619057,2,0,1,0,0,0,0,2,1,0,0,0,NaN,NaN,NaN,NaN,0,-8,63924999420.8179
18.5838571956816,5.699043,2,0,1,0,0,0,0,2,1,0,0,0,NaN,NaN,NaN,NaN,0,-8,63924999420.8841
18.6498577228251,5.77903,2,0,1,0,0,0,0,2,1,0,0,0,NaN,NaN,NaN,NaN,0,-8,63924999420.9511
18.7000247803206,5.83902,2,0,1,0,0,0,0,2,1,0,0,0,NaN,NaN,NaN,NaN,0,-8,63924999421.0017
18.7667143546852,5.89901,2,0,1,0,0,0,0,2,1,0,0,0,NaN,NaN,NaN,NaN,0,-8,63924999421.0682
18.8333819500419,5.959,2,0,1,0,0,0,0,2,1,0,0,0,NaN,NaN,NaN,NaN,0,-8,63924999421.1358
18.900049741442,6.038986,2,0,1,0,0,0,0,2,1,0,0,0,NaN,NaN,NaN,NaN,0,-8,63924999421.2013
18.9667170498396,6.098976,2,0,1,0,0,0,0,2,1,0,0,0,NaN,NaN,NaN,NaN,0,-8,63924999421.2683
19.0333842449511,6.158966,2,0,1,0,0,0,0,2,1,0,0,0,NaN,NaN,NaN,NaN,0,-8,63924999421.3344
19.1000517447355,6.218956,2,0,1,0,0,0,0,2,1,0,0,0,NaN,NaN,NaN,NaN,0,-8,63924999421.4019
19.1667190355683,6.278946,2,0,1,0,0,0,0,2,1,0,0,0,NaN,NaN,NaN,NaN,0,-8,63924999421.468
19.2333873361784,6.338936,2,0,1,0,0,0,0,2,1,0,0,0,NaN,NaN,NaN,NaN,0,-8,63924999421.5348
19.3000548345471,6.418922,2,0,1,0,0,0,0,2,1,0,0,0,NaN,NaN,NaN,NaN,0,-8,63924999421.6025
19.3667221387165,6.478912,2,0,1,0,0,0,0,2,1,0,0,0,NaN,NaN,NaN,NaN,0,-8,63924999421.6683
19.433389624885,6.538902,2,0,1,0,0,0,0,2,1,0,0,0,NaN,NaN,NaN,NaN,0,-8,63924999421.7352
19.5000571265134,6.618889,2,0,1,0,0,0,0,2,1,0,0,0,NaN,NaN,NaN,NaN,0,-8,63924999421.802
19.5667243156458,6.678879,2,0,1,0,0,0,0,2,1,0,0,0,NaN,NaN,NaN,NaN,0,-8,63924999421.8683
19.6333924154254,6.738869,2,0,1,0,0,0,0,2,1,0,0,0,NaN,NaN,NaN,NaN,0,-8,63924999421.9354
19.7000600228521,6.818855,2,0,1,0,0,0,0,2,1,0,0,0,NaN,NaN,NaN,NaN,0,-8,63924999422.0017
19.7667273138153,6.898842,2,0,1,0,0,0,0,2,1,0,0,0,NaN,NaN,NaN,NaN,0,-8,63924999422.0688
19.8333944905984,6.958832,2,0,1,0,0,0,0,2,1,0,0,0,NaN,NaN,NaN,NaN,0,-8,63924999422.1352
19.900062492794,7.038818,2,0,1,0,0,0,0,2,1,0,0,0,NaN,NaN,NaN,NaN,0,-8,63924999422.2017
19.9500666091094,7.078812,2,0,1,0,0,0,0,2,1,0,0,0,NaN,NaN,NaN,NaN,0,-8,63924999422.2522
20.0167337026323,7.138802,2,0,1,0,0,0,0,2,1,0,0,0,NaN,NaN,NaN,NaN,0,-8,63924999422.3183
20.0834027464936,7.218788,2,0,1,0,0,0,0,2,1,0,0,0,NaN,NaN,NaN,NaN,0,-8,63924999422.3854
20.1500697483929,7.278778,2,0,1,0,0,0,0,2,1,0,0,0,NaN,NaN,NaN,NaN,0,-8,63924999422.4516
20.2168056231799,7.318771,2,0,1,0,0,0,0,2,1,0,0,0,NaN,NaN,NaN,NaN,0,-8,63924999422.5183
20.2834729219476,7.398758,2,0,1,0,0,0,0,2,1,0,0,0,NaN,NaN,NaN,NaN,0,-8,63924999422.5856
20.3501404175969,7.458748,2,0,1,0,0,0,0,2,1,0,0,0,NaN,NaN,NaN,NaN,0,-8,63924999422.6527
20.4168493053565,7.518738,2,0,1,0,0,0,0,2,1,0,0,0,NaN,NaN,NaN,NaN,0,-8,63924999422.7187
20.4835171100932,7.598724,2,0,1,0,0,0,0,2,1,0,0,0,NaN,NaN,NaN,NaN,0,-8,63924999422.7851
20.550184807318,7.658714,2,0,1,0,0,0,0,2,1,0,0,0,NaN,NaN,NaN,NaN,0,-8,63924999422.8523
20.6168529106366,7.718704,2,0,1,0,0,0,0,2,1,0,0,0,NaN,NaN,NaN,NaN,0,-8,63924999422.9188
20.6836166372399,7.798691,2,0,1,0,0,0,0,2,1,0,0,0,NaN,NaN,NaN,NaN,0,-8,63924999422.9855
20.7502839280727,7.858681,2,0,1,0,0,0,0,2,1,0,0,0,NaN,NaN,NaN,NaN,0,-8,63924999423.0519
20.8169509277182,7.918671,2,0,1,0,0,0,0,2,1,0,0,0,NaN,NaN,NaN,NaN,0,-8,63924999423.1182
20.8836183237905,8.018654,2,0,1,0,0,0,0,2,1,0,0,0,NaN,NaN,NaN,NaN,0,-8,63924999423.185
20.9502856249611,8.078644,2,0,1,0,0,0,0,2,1,0,0,0,NaN,NaN,NaN,NaN,0,-8,63924999423.2519
21.0166195912721,8.138634,2,0,1,0,0,0,0,2,1,0,0,0,NaN,NaN,NaN,NaN,0,-8,63924999423.318
21.0667865550208,8.198624,2,0,1,0,0,0,0,2,1,0,0,0,NaN,NaN,NaN,NaN,0,-8,63924999423.369
21.1334540488447,8.258614,2,0,1,0,0,0,0,2,1,0,0,0,NaN,NaN,NaN,NaN,0,-8,63924999423.4356
21.2001214473198,8.3386,2,0,1,0,0,0,0,2,1,0,0,0,NaN,NaN,NaN,NaN,0,-8,63924999423.5019
21.2667887439827,8.39859,2,0,1,0,0,0,0,2,1,0,0,0,NaN,NaN,NaN,NaN,0,-8,63924999423.5686
21.3334559505681,8.45858,2,0,1,0,0,0,0,2,1,0,0,0,NaN,NaN,NaN,NaN,0,-8,63924999423.6352
21.4001233491922,8.538567,2,0,1,0,0,0,0,2,1,0,0,0,NaN,NaN,NaN,NaN,0,-8,63924999423.7023
21.4669352399247,8.598557,2,0,1,0,0,0,0,2,1,0,0,0,NaN,NaN,NaN,NaN,0,-8,63924999423.7681
21.53362659563,8.63855,2,0,1,0,0,0,0,2,1,0,0,0,NaN,NaN,NaN,NaN,0,-8,63924999423.835
21.6003946949417,8.718536,2,0,1,0,0,0,0,2,1,0,0,0,NaN,NaN,NaN,NaN,0,-8,63924999423.9017
21.6670659348803,8.778526,2,0,1,0,0,0,0,2,1,0,0,0,NaN,NaN,NaN,NaN,0,-8,63924999423.969
21.7337330204683,8.838516,2,0,1,0,0,0,0,2,1,0,0,0,NaN,NaN,NaN,NaN,0,-8,63924999424.0352
21.8004004244941,8.918503,2,0,1,0,0,0,0,2,1,0,0,0,NaN,NaN,NaN,NaN,0,-8,63924999424.1027
21.8670714516627,8.978493,2,0,1,0,0,0,0,2,1,0,0,0,NaN,NaN,NaN,NaN,0,-8,63924999424.1689
21.9337386603529,9.058479,2,0,1,0,0,0,0,2,1,0,0,0,NaN,NaN,NaN,NaN,0,-8,63924999424.2355
22.0000765783774,9.138466,2,0,1,0,0,0,0,2,1,0,0,0,NaN,NaN,NaN,NaN,0,-8,63924999424.302
22.0667440641175,9.198456,2,0,1,0,0,0,0,2,1,0,0,0,NaN,NaN,NaN,NaN,0,-8,63924999424.3691
22.1334615787553,9.258446,2,0,1,0,0,0,0,2,1,0,0,0,NaN,NaN,NaN,NaN,0,-8,63924999424.4361
22.2001311528,9.338432,2,0,1,0,0,0,0,2,1,0,0,0,NaN,NaN,NaN,NaN,0,-8,63924999424.502
22.2667985471959,9.398422,2,0,1,0,0,0,0,2,1,0,0,0,NaN,NaN,NaN,NaN,0,-8,63924999424.5688
22.3334662520761,9.458412,2,0,1,0,0,0,0,2,1,0,0,0,NaN,NaN,NaN,NaN,0,-8,63924999424.6354
22.400133562355,9.538399,2,0,1,0,0,0,0,2,1,0,0,0,NaN,NaN,NaN,NaN,0,-8,63924999424.7017
22.4668008632461,9.598389,2,0,1,0,0,0,0,2,1,0,0,0,NaN,NaN,NaN,NaN,0,-8,63924999424.7694
22.5334684725168,9.658379,2,0,1,0,0,0,0,2,1,0,0,0,NaN,NaN,NaN,NaN,0,-8,63924999424.8357
22.6001362693186,9.718369,2,0,1,0,0,0,0,2,1,0,0,0,NaN,NaN,NaN,NaN,0,-8,63924999424.9028
22.6668041737626,9.778358,2,0,1,0,0,0,0,2,1,0,0,0,NaN,NaN,NaN,NaN,0,-8,63924999424.9689
22.7335490112069,9.838348,2,0,1,0,0,0,0,2,1,0,0,0,NaN,NaN,NaN,NaN,0,-8,63924999425.0362
22.8002165169145,9.918335,2,0,1,0,0,0,0,2,1,0,0,0,NaN,NaN,NaN,NaN,0,-8,63924999425.102
22.8502556775014,9.958328,2,0,1,0,0,0,0,2,1,0,0,0,NaN,NaN,NaN,NaN,0,-8,63924999425.153
22.9004219259011,10.01832,2,0,1,0,0,0,0,2,1,0,0,0,NaN,NaN,NaN,NaN,0,-8,63924999425.2033
22.9667564863774,10.07831,2,0,1,0,0,0,0,2,1,0,0,0,NaN,NaN,NaN,NaN,0,-8,63924999425.2693
23.0334938753645,10.15829,2,0,1,0,0,0,0,2,1,0,0,0,NaN,NaN,NaN,NaN,0,-8,63924999425.3368
23.0835986548911,10.21828,2,0,1,0,0,0,0,2,1,0,0,0,NaN,NaN,NaN,NaN,0,-8,63924999425.3869
23.1338174068617,10.25828,2,0,1,0,0,0,0,2,1,0,0,0,NaN,NaN,NaN,NaN,0,-8,63924999425.4362
23.200560341614,10.33826,2,0,1,0,0,0,0,2,1,0,0,0,NaN,NaN,NaN,NaN,0,-8,63924999425.5027
23.2672285351406,10.39825,2,0,1,0,0,0,0,2,1,0,0,0,NaN,NaN,NaN,NaN,0,-8,63924999425.5697
23.3173915499697,10.43825,2,0,1,0,0,0,0,2,1,0,0,0,NaN,NaN,NaN,NaN,0,-8,63924999425.6192
23.36755882234,10.49824,2,0,1,0,0,0,0,2,1,0,0,0,NaN,NaN,NaN,NaN,0,-8,63924999425.67
23.4342494927595,10.55823,2,0,1,0,0,0,0,2,1,0,0,0,NaN,NaN,NaN,NaN,0,-8,63924999425.7369
23.5009676789554,10.63821,2,0,1,0,0,0,0,2,1,0,0,0,NaN,NaN,NaN,NaN,0,-8,63924999425.8032
23.5676353727529,10.6982,2,0,1,0,0,0,0,2,1,0,0,0,NaN,NaN,NaN,NaN,0,-8,63924999425.8699
23.6343370350885,10.75819,2,0,1,0,0,0,0,2,1,0,0,0,NaN,NaN,NaN,NaN,0,-8,63924999425.9375
23.7010043934422,10.81818,2,0,1,0,0,0,0,2,1,0,0,0,NaN,NaN,NaN,NaN,0,-8,63924999426.0039
23.7676719909223,10.87817,2,0,1,0,0,0,0,2,1,0,0,0,NaN,NaN,NaN,NaN,0,-8,63924999426.0703
23.817845689288,10.91817,2,0,1,0,0,0,0,2,1,0,0,0,NaN,NaN,NaN,NaN,0,-8,63924999426.1201
23.868037118564,10.97816,2,0,1,0,0,0,0,2,1,0,0,0,NaN,NaN,NaN,NaN,0,-8,63924999426.1706
23.9347050150732,11.03815,2,0,1,0,0,0,0,2,1,0,0,0,NaN,NaN,NaN,NaN,0,-8,63924999426.2369
24.0007064328777,11.11813,2,0,1,0,0,0,0,2,1,0,0,0,NaN,NaN,NaN,NaN,0,-8,63924999426.3033
24.0667078562143,11.17812,2,0,1,0,0,0,0,2,1,0,0,0,NaN,NaN,NaN,NaN,0,-8,63924999426.3702
24.1333756498682,11.25811,2,0,1,0,0,0,0,2,1,0,0,0,NaN,NaN,NaN,NaN,0,-8,63924999426.4378
24.2000434507492,11.3381,2,0,1,0,0,0,0,2,1,0,0,0,NaN,NaN,NaN,NaN,0,-8,63924999426.5037
24.2667116398985,11.39809,2,0,1,0,0,0,0,2,1,0,0,0,NaN,NaN,NaN,NaN,0,-8,63924999426.571
24.3333800328771,11.45808,2,0,1,0,0,0,0,2,1,0,0,0,NaN,NaN,NaN,NaN,0,-8,63924999426.637
24.400047933093,11.53806,2,0,1,0,0,0,0,2,1,0,0,0,NaN,NaN,NaN,NaN,0,-8,63924999426.7038
24.4667157478879,11.59805,2,0,1,0,0,0,0,2,1,0,0,0,NaN,NaN,NaN,NaN,0,-8,63924999426.7701
24.5333835425662,11.65804,2,0,1,0,0,0,0,2,1,0,0,0,NaN,NaN,NaN,NaN,0,-8,63924999426.8376
24.6000684038984,11.73803,2,0,1,0,0,0,0,2,1,0,0,0,NaN,NaN,NaN,NaN,0,-8,63924999426.9044
24.6667356029587,11.79802,2,0,1,0,0,0,0,2,1,0,0,0,NaN,NaN,NaN,NaN,0,-8,63924999426.9703
24.7334037082704,11.85801,2,0,1,0,0,0,0,2,1,0,0,0,NaN,NaN,NaN,NaN,0,-8,63924999427.0367
24.8000718041944,11.918,2,0,1,0,0,0,0,2,1,0,0,0,NaN,NaN,NaN,NaN,0,-8,63924999427.1033
24.8667517203713,11.97799,2,0,1,0,0,0,0,2,1,0,0,0,NaN,NaN,NaN,NaN,0,-8,63924999427.1706
24.9334207662257,12.03798,2,0,1,0,0,0,0,2,1,0,0,0,NaN,NaN,NaN,NaN,0,-8,63924999427.237
25.0000886606301,12.11797,2,0,1,0,0,0,0,2,1,0,0,0,NaN,NaN,NaN,NaN,0,-8,63924999427.3044
25.0667565551649,12.17796,2,0,1,0,0,0,0,2,1,0,0,0,NaN,NaN,NaN,NaN,0,-8,63924999427.3702
25.1334247526775,12.23795,2,0,1,0,0,0,0,2,1,0,0,0,NaN,NaN,NaN,NaN,0,-8,63924999427.4375
25.2000924577067,12.31793,2,0,1,0,0,0,0,2,1,0,0,0,NaN,NaN,NaN,NaN,0,-8,63924999427.5042
25.2667602546389,12.39792,2,0,1,0,0,0,0,2,1,0,0,0,NaN,NaN,NaN,NaN,0,-8,63924999427.5706
25.3334283505628,12.45791,2,0,1,0,0,0,0,2,1,0,0,0,NaN,NaN,NaN,NaN,0,-8,63924999427.6367
25.4001032604525,12.5379,2,0,1,0,0,0,0,2,1,0,0,0,NaN,NaN,NaN,NaN,0,-8,63924999427.7039
25.4667712566691,12.59789,2,0,1,0,0,0,0,2,1,0,0,0,NaN,NaN,NaN,NaN,0,-8,63924999427.771
25.5334764874789,12.65788,2,0,1,0,0,0,0,2,1,0,0,0,NaN,NaN,NaN,NaN,0,-8,63924999427.8364
25.6001438841286,12.73786,2,0,1,0,0,0,0,2,1,0,0,0,NaN,NaN,NaN,NaN,0,-8,63924999427.9034
25.6668113898362,12.79785,2,0,1,0,0,0,0,2,1,0,0,0,NaN,NaN,NaN,NaN,0,-8,63924999427.9704
25.7336331186692,12.85784,2,0,1,0,0,0,0,2,1,0,0,0,NaN,NaN,NaN,NaN,0,-8,63924999428.0372
25.8007236404779,12.93783,2,0,1,0,0,0,0,2,1,0,0,0,NaN,NaN,NaN,NaN,0,-8,63924999428.1051
25.8676063532072,12.99782,2,0,1,0,0,0,0,1,1,1,0,0,0,-3,NaN,NaN,0,-8,63924999428.1912
25.9243318154911,13.05781,2,0,1,0,0,0,0,1,1,1,0,0,0,-3,NaN,NaN,-0.1112849,-8,63924999428.2286
25.9748322169545,13.0978,2,0,1,0,0,0,0,1,1,1,0,0,0,-3,NaN,NaN,-0.2518874,-8,63924999428.2782
26.0254725078928,13.15779,2,0,1,0,0,0,0,1,1,1,0,0,0,-3,NaN,NaN,-0.4254395,-8,63924999428.3291
26.0759765458542,13.19778,2,0,1,0,0,0,0,1,1,1,0,0,0,-3,NaN,NaN,-0.5301005,-8,63924999428.3781
