time,elapsed,local,host,s1charges,s2active,s2cooldown,ultcharge,casterX,casterY,casterZ,frontX,frontY,frontZ,rearX,rearY,rearZ,frontTrip,frontStun,casterStun,ward,pillars,shoeX,shoeY,shoeZ,guardTested,afterTested,tremor,plating,orbitStones,rumble,pendingReview,pendingRefreshed,expiredRefreshed,windup,impactBirths,heroIndex,casterPick,casterMode,ultActive,ultRemaining,impactX,impactY,impactZ,impactHeld
17.6400416640751,0,1,0,0,0,0,20,0,0.12,-8,0,0.01000159,-5.5,0,0.01000314,-9.3,0,0,0,0,0,1.8,0.145,9,0,0,0,0,0,0,1,0,0,0,0,3,3,1,0,0,0,0,0,0
17.6902486152016,0.05998993,1,0,0,0,0,20,0,0.12,-8,0,0.0100002,-5.5,0,0.01000041,-9.3,0,0,0,0,0,1.8,0.145,9,0,0,0,0,0,0,1,0,0,0,0,3,3,1,0,0,0,0,0,0
17.7404157878645,0.09998322,1,0,0,0,0,20,0,0.12,-8,0,0.01000005,-5.5,0,0.0100001,-9.3,0,0,0,0,0,1.8,0.145,9,0,0,0,0,0,0,1,0,0,0,0,3,3,1,0,0,0,0,0,0
17.7904751348123,0.6198959,1,0,0,0,0,20,0,0.12,-8,0,0.01,-5.5,0,0.01000001,-9.3,0,0,0,0,0,-1,0.1918,-8,0,0,0,0,0,0,1,0,0,0,0,3,3,1,0,0,0,0,0,0
17.8411585152335,0.6598892,1,0,0,0,0,20,0,0.12,-8,0,0.009999999,-5.5,0,0.01,-9.3,0,0,0,0,0,-1,0.1918,-8,0,0,0,0,0,0,1,0,0,0,0,3,3,1,0,0,0,0,0,0
17.8917338973656,0.7198792,1,0,0,0,0,20,0,0.12,-8,0,0.009999998,-5.5,0,0.009999998,-9.3,0,0,0,0,0,-1,0.1918,-8,0,0,0,0,0,0,1,0,0,0,0,3,3,1,0,0,0,0,0,0
17.9419008673169,0.7598724,1,0,0,0,0,20,0,0.12,-8,0,0.009999998,-5.5,0,0.009999998,-9.3,0,0,0,0,0,-1,0.1918,-8,0,0,0,0,0,0,1,0,0,0,0,3,3,1,0,0,0,0,0,0
17.9924856080674,0.8198624,1,0,0,0,0,20,0,0.12,-8,0,0.009999998,-5.5,0,0.009999998,-9.3,0,0,0,0,0,-1,0.1918,-8,0,0,0,0,0,0,1,0,0,0,0,3,3,1,0,0,0,0,0,0
18.0431014612876,0.8598557,1,0,0,0,0,20,0,0.12,-8,0,0.009999998,-5.5,0,0.009999998,-9.3,0,0,0,0,0,-1,0.1918,-8,0,0,0,0,0,0,1,0,0,0,0,3,3,1,0,0,0,0,0,0
18.0938733490556,0.9198456,1,0,0,0,0,20,0,0.12,-8,0,0.009999998,-5.5,0,0.009999998,-9.3,0,0,0,0,0,-1,0.1918,-8,0,0,0,0,0,0,1,0,0,0,0,3,3,1,0,0,0,0,0,0
18.1448769398779,0.9798355,1,0,0,0,0,20,0,0.12,-8,0,0.009999998,-5.5,0,0.009999998,-9.3,0,0,0,0,0,-1,0.1918,-8,0,0,0,0,0,0,1,0,0,0,0,3,3,1,0,0,0,0,0,0
18.1955514643155,1.019829,1,0,0,0,0,20,0,0.12,-8,0,0.009999998,-5.5,0,0.009999998,-9.3,0,0,0,0,0,-1,0.1918,-8,0,0,0,0,0,0,1,0,0,0,0,3,3,1,0,0,0,0,0,0
18.2470975216851,1.079819,1,0,0,0,0,20,0,0.12,-8,0,0.009999998,-5.5,0,0.009999998,-9.3,0,0,0,0,0,-1,0.1918,-8,0,0,0,0,0,0,1,0,0,0,0,3,3,1,0,0,0,0,0,0
18.297950921189,1.119812,1,0,0,0,0,20,0,0.12,-8,0,0.009999998,-5.5,0,0.009999998,-9.3,0,0,0,0,0,-1,0.1918,-8,0,0,0,0,0,0,1,0,0,0,0,3,3,1,0,0,0,0,0,0
18.3484509200603,1.179802,1,0,0,0,0,20,0,0.12,-8,0,0.009999998,-5.5,0,0.009999998,-9.3,0,0,0,0,0,-1,0.1918,-8,0,0,0,0,0,0,1,0,0,0,0,3,3,1,0,0,0,0,0,0
18.3993334077857,1.219795,1,0,0,0,0,20,0,0.12,-8,0,0.009999998,-5.5,0,0.009999998,-9.3,0,0,0,0,0,-1,0.1918,-8,0,0,0,0,0,0,1,0,0,0,0,3,3,1,0,0,0,0,0,0
18.450142063126,1.279785,1,0,0,0,0,20,0,0.12,-8,0,0.009999998,-5.5,0,0.009999998,-9.3,0,0,0,0,0,-1,0.1918,-8,0,0,0,0,0,0,1,0,0,0,0,3,3,1,0,0,0,0,0,0
18.5006914529018,1.319778,1,0,0,0,0,20,0,0.12,-8,0,0.009999998,-5.5,0,0.009999998,-9.3,0,0,0,0,0,-1,0.1918,-8,0,0,0,0,0,0,1,0,0,0,0,3,3,1,0,0,0,0,0,0
18.5511916530691,1.379768,1,0,0,0,0,20,0,0.12,-8,0,0.009999998,-5.5,0,0.009999998,-9.3,0,0,0,0,0,-1,0.1918,-8,0,0,0,0,0,0,1,0,0,0,0,3,3,1,0,0,0,0,0,0
18.6024797561206,1.419762,1,0,0,0,0,20,0,0.12,-8,0,0.009999998,-5.5,0,0.009999998,-9.3,0,0,0,0,0,-1,0.1918,-8,0,0,0,0,0,0,1,0,0,0,0,3,3,1,0,0,0,0,0,0
18.6540170317143,1.479752,1,0,0,0,0,20,0,0.12,-8,0,0.009999998,-5.5,0,0.009999998,-9.3,0,0,0,0,0,-1,0.1918,-8,0,0,0,0,0,0,1,0,0,0,0,3,3,1,0,0,0,0,0,0
18.7051906010695,1.519745,1,0,0,0,0,20,0,0.12,-8,0,0.009999998,-5.5,0,0.009999998,-9.3,0,0,0,0,0,-1,0.1918,-8,0,0,0,0,0,0,1,0,0,0,0,3,3,1,0,0,0,0,0,0
18.7556907015294,1.579735,1,0,0,0,0,20,0,0.12,-8,0,0.009999998,-5.5,0,0.009999998,-9.3,0,0,0,0,0,-1,0.1918,-8,0,0,0,0,0,0,1,0,0,0,0,3,3,1,0,0,0,0,0,0
18.8058734191395,1.619728,1,0,0,0,0,20,0,0.12,-8,0,0.009999998,-5.5,0,0.009999998,-9.3,0,0,0,0,0,-1,0.1918,-8,0,0,0,0,0,0,1,0,0,0,0,3,3,1,0,0,0,0,0,0
18.8568698485941,1.679718,1,0,0,0,0,20,0,0.12,-8,0,0.009999998,-5.5,0,0.009999998,-9.3,0,0,0,0,0,-1,0.1918,-8,0,0,0,0,0,0,1,0,0,0,0,3,3,1,0,0,0,0,0,0
18.9070796076581,1.699715,1,0,0,0,0,20,0,0.12,-8,0,0.009999998,-5.5,0,0.009999998,-9.3,0,0,0,0,0,-1,0.1918,-8,0,0,0,0,0,0,1,0,0,0,0,3,3,1,0,0,0,0,0,0
18.9734198104404,1.779701,1,0,0,0,0,20,0,0.12,-8,0,0.009999998,-5.5,0,0.009999998,-9.3,0,0,0,0,0,-1,0.1918,-8,0,0,0,0,0,0,1,0,0,0,0,3,3,1,0,0,0,0,0,0
19.0398291104287,1.839691,1,0,0,0,0,20,0,0.12,-8,0,0.009999998,-5.5,0,0.009999998,-9.3,0,0,0,0,0,-1,0.1918,-8,0,0,0,0,0,0,1,0,0,0,0,3,3,1,0,0,0,0,0,0
19.0900868553296,1.899681,1,0,0,0,0,20,0,0.12,-8,0,0.009999998,-5.5,0,0.009999998,-9.3,0,0,0,0,0,-1,0.1918,-8,0,0,0,0,0,0,1,0,0,0,0,3,3,1,0,0,0,0,0,0
19.1565465449728,1.959671,1,0,0,0,0,20,0,0.12,-8,0,0.009999998,-5.5,0,0.009999998,-9.3,0,0,0,0,0,-1,0.1918,-8,0,0,0,0,0,0,1,0,0,0,0,3,3,1,0,0,0,0,0,0
19.2066166867875,1.999664,1,0,0,0,0,20,0,0.12,-8,0,0.009999998,-5.5,0,0.009999998,-9.3,0,0,0,0,0,-1,0.1918,-8,0,0,0,0,0,0,1,0,0,0,0,3,3,1,0,0,0,0,0,0
19.2729735133797,2.079651,1,0,0,0,0,20,0,0.12,-8,0,0.009999998,-5.5,0,0.009999998,-9.3,0,0,0,0,0,-1,0.1918,-8,0,0,0,0,0,0,1,0,0,0,0,3,3,1,0,0,0,0,0,0
19.3395005226135,2.139641,1,0,0,0,0,20,0,0.12,-8,0,0.009999998,-5.5,0,0.009999998,-9.3,0,0,0,0,0,-1,0.1918,-8,0,0,0,0,0,0,1,0,0,0,0,3,3,1,0,0,0,0,0,0
19.4059674426541,2.199631,1,0,0,0,0,20,0,0.12,-8,0,0.009999998,-5.5,0,0.009999998,-9.3,0,0,0,0,0,-1,0.1918,-8,0,0,0,0,0,0,1,0,0,0,0,3,3,1,0,0,0,0,0,0
19.4560387701727,2.259621,1,0,0,0,0,20,0,0.12,-8,0,0.009999998,-5.5,0,0.009999998,-9.3,0,0,0,0,0,-1,0.1918,-8,0,0,0,0,0,0,1,0,0,0,0,3,3,1,0,0,0,0,0,0
19.5226744824648,2.319611,1,0,0,0,0,20,0,0.12,-8,0,0.009999998,-5.5,0,0.009999998,-9.3,0,0,0,0,0,-1,0.1918,-8,0,0,0,0,0,0,1,0,0,0,0,3,3,1,0,0,0,0,0,0
19.5889947827347,2.399597,1,0,0,0,0,20,0,0.12,-8,0,0.009999998,-5.5,0,0.009999998,-9.3,0,0,0,0,0,-1,0.1918,-8,0,0,0,0,0,0,1,0,0,0,0,3,3,1,0,0,0,0,0,0
19.6554869437031,2.459587,1,0,0,0,0,20,0,0.12,-8,0,0.009999998,-5.5,0,0.009999998,-9.3,0,0,0,0,0,-1,0.1918,-8,0,0,0,0,0,0,1,0,0,0,0,3,3,1,0,0,0,0,0,0
19.7056802774221,2.519577,1,0,0,0,0,20,0,0.12,-8,0,0.009999998,-5.5,0,0.009999998,-9.3,0,0,0,0,0,-1,0.1918,-8,0,0,0,0,0,0,1,0,0,0,0,3,3,1,0,0,0,0,0,0
19.7725023015402,2.599564,1,0,0,0,0,20,0,0.12,-8,0,0.009999998,-5.5,0,0.009999998,-9.3,0,0,0,0,0,-1,0.1918,-8,0,0,0,0,0,0,1,0,0,0,0,3,3,1,0,0,0,0,0,0
19.8227399475686,2.639557,1,0,0,0,0,20,0,0.12,-8,0,0.009999998,-5.5,0,0.009999998,-9.3,0,0,0,0,0,-1,0.1918,-8,0,0,0,0,0,0,1,0,0,0,0,3,3,1,0,0,0,0,0,0
19.873491674941,2.699547,1,0,0,0,0,20,0,0.12,-8,0,0.009999998,-5.5,0,0.009999998,-9.3,0,0,0,0,0,-1,0.1918,-8,0,0,0,0,0,0,1,0,0,0,0,3,3,1,0,0,0,0,0,0
19.9236582854763,2.73954,1,0,0,0,0,20,0,0.12,-8,0,0.009999998,-5.5,0,0.009999998,-9.3,0,0,0,0,0,-1,0.1918,-8,0,0,0,0,0,0,1,0,0,0,0,3,3,1,0,0,0,0,0,0
19.9899917463772,2.819527,1,0,0,0,0,20,0,0.12,-8,0,0.009999998,-5.5,0,0.009999998,-9.3,0,0,0,0,0,-1,0.1918,-8,0,0,0,0,0,0,1,0,0,0,0,3,3,1,0,0,0,0,0,0
20.0561888920143,2.879517,1,0,0,0,0,20,0,0.12,-8,0,0.009999998,-5.5,0,0.009999998,-9.3,0,0,0,0,0,-1,0.1918,-8,0,0,0,0,0,0,1,0,0,0,0,3,3,1,0,0,0,0,0,0
20.1062253731117,2.939507,1,0,0,0,0,20,0,0.12,-8,0,0.009999998,-5.5,0,0.009999998,-9.3,0,0,0,0,0,-1,0.1918,-8,0,0,0,0,0,0,1,0,0,0,0,3,3,1,0,0,0,0,0,0
20.1725500271097,2.999496,1,0,0,0,0,20,0,0.12,-8,0,0.009999998,-5.5,0,0.009999998,-9.3,0,0,0,0,0,-1,0.1918,-8,0,0,0,0,0,0,1,0,0,0,0,3,3,1,0,0,0,0,0,0
20.2386940096878,3.059486,1,0,0,0,0,20,0,0.12,-8,0,0.009999998,-5.5,0,0.009999998,-9.3,0,0,0,0,0,-1,0.1918,-8,0,0,0,0,0,0,1,0,0,0,0,3,3,1,0,0,0,0,0,0
20.2894684301876,3.119476,1,0,0,0,0,20,0,0.12,-8,0,0.009999998,-5.5,0,0.009999998,-9.3,0,0,0,0,0,-1,0.1918,-8,0,0,0,0,0,0,1,0,0,0,0,3,3,1,0,0,0,0,0,0
20.3554690624401,3.179466,1,0,0,0,0,20,0,0.12,-8,0,0.009999998,-5.5,0,0.009999998,-9.3,0,0,0,0,0,-1,0.1918,-8,0,0,0,0,0,0,1,0,0,0,0,3,3,1,0,0,0,0,0,0
20.4214694900066,3.259453,1,0,0,0,0,20,0,0.12,-8,0,0.009999998,-5.5,0,0.009999998,-9.3,0,0,0,0,0,-1,0.1918,-8,0,0,0,0,0,0,1,0,0,0,0,3,3,1,0,0,0,0,0,0
20.4879410588183,3.319443,1,0,0,0,0,20,0,0.12,-8,0,0.009999998,-5.5,0,0.009999998,-9.3,0,0,0,0,0,-1,0.1918,-8,0,0,0,0,0,0,1,0,0,0,0,3,3,1,0,0,0,0,0,0
20.5542644293793,3.379433,1,0,0,0,0,20,0,0.12,-8,0,0.009999998,-5.5,0,0.009999998,-9.3,0,0,0,0,0,-1,0.1918,-8,0,0,0,0,0,0,1,0,0,0,0,3,3,1,0,0,0,0,0,0
20.6047590790503,3.439423,1,0,0,0,0,20,0,0.12,-8,0,0.009999998,-5.5,0,0.009999998,-9.3,0,0,0,0,0,-1,0.1918,-8,0,0,0,0,0,0,1,0,0,0,0,3,3,1,0,0,0,0,0,0
20.6553771839291,3.459419,1,0,0,0,0,20,0,0.12,-8,0,0.009999998,-5.5,0,0.009999998,-9.3,0,0,0,0,0,-1,0.1918,-8,0,0,0,0,0,0,1,0,0,0,0,3,3,1,0,0,0,0,0,0
20.7057840350084,3.519409,1,0,0,0,0,20,0,0.12,-8,0,0.009999998,-5.5,0,0.009999998,-9.3,0,0,0,0,0,-1,0.1918,-8,0,0,0,0,0,0,1,0,0,0,0,3,3,1,0,0,0,0,0,0
20.7557939880714,3.559402,1,0,0,0,0,20,0,0.12,-8,0,0.009999998,-5.5,0,0.009999998,-9.3,0,0,0,0,0,-1,0.1918,-8,0,0,0,0,0,0,1,0,0,0,0,3,3,1,0,0,0,0,0,0
20.8059610476717,3.619392,1,0,0,0,0,20,0,0.12,-8,0,0.009999998,-5.5,0,0.009999998,-9.3,0,0,0,0,0,-1,0.1918,-8,0,0,0,0,0,0,1,0,0,0,0,3,3,1,0,0,0,0,0,0
20.856439578291,3.659386,1,0,0,0,0,20,0,0.12,-8,0,0.009999998,-5.5,0,0.009999998,-9.3,0,0,0,0,0,-1,0.1918,-8,0,0,0,0,0,0,1,0,0,0,0,3,3,1,0,0,0,0,0,0
20.9066396107897,3.719376,1,0,0,0,0,20,0,0.12,-8,0,0.009999998,-5.5,0,0.009999998,-9.3,0,0,0,0,0,-1,0.1918,-8,0,0,0,0,0,0,1,0,0,0,0,3,3,1,0,0,0,0,0,0
20.957282325197,3.779366,1,0,0,0,0,20,0,0.12,-8,0,0.009999998,-5.5,0,0.009999998,-9.3,0,0,0,0,0,-1,0.1918,-8,0,0,0,0,0,0,1,0,0,0,0,3,3,1,0,0,0,0,0,0
21.0088066670485,3.819359,1,0,0,0,0,20,0,0.12,-8,0,0.009999998,-5.5,0,0.009999998,-9.3,0,0,0,0,0,-1,0.1918,-8,0,0,0,0,0,0,1,0,0,0,0,3,3,1,0,0,0,0,0,0
21.0602640412748,3.879349,1,0,0,0,0,20,0,0.12,-8,0,0.009999998,-5.5,0,0.009999998,-9.3,0,0,0,0,0,-1,0.1918,-8,0,0,0,0,0,0,1,0,0,0,0,3,3,1,0,0,0,0,0,0
21.1107643486746,3.919342,1,0,0,0,0,20,0,0.12,-8,0,0.009999998,-5.5,0,0.009999998,-9.3,0,0,0,0,0,-1,0.1918,-8,0,0,0,0,0,0,1,0,0,0,0,3,3,1,0,0,0,0,0,0
21.1613725206628,3.979332,1,0,0,0,0,20,0,0.12,-8,0,0.009999998,-5.5,0,0.009999998,-9.3,0,0,0,0,0,-1,0.1918,-8,0,0,0,0,0,0,1,0,0,0,0,3,3,1,0,0,0,0,0,0
21.2123113618791,4.019325,1,0,0,0,0,20,0,0.12,-8,0,0.009999998,-5.5,0,0.009999998,-9.3,0,0,0,0,0,-1,0.1918,-8,0,0,0,0,0,0,1,0,0,0,0,3,3,1,0,0,0,0,0,0
21.262811261043,4.079315,1,0,0,0,0,20,0,0.12,-8,0,0.009999998,-5.5,0,0.009999998,-9.3,0,0,0,0,0,-1,0.1918,-8,0,0,0,0,0,0,1,0,0,0,0,3,3,1,0,0,0,0,0,0
21.3134872020781,4.119308,1,0,0,0,0,20,0,0.12,-8,0,0.009999998,-5.5,0,0.009999998,-9.3,0,0,0,0,0,-1,0.1918,-8,0,0,0,0,0,0,1,0,0,0,0,3,3,1,0,0,0,0,0,0
21.3651723324507,4.179298,1,0,0,0,0,20,0,0.12,-8,0,0.009999998,-5.5,0,0.009999998,-9.3,0,0,0,0,0,-1,0.1918,-8,0,0,0,0,0,0,1,0,0,0,0,3,3,1,0,0,0,0,0,0
21.4156723332033,4.219292,1,0,0,0,0,20,0,0.12,-8,0,0.009999998,-5.5,0,0.009999998,-9.3,0,0,0,0,0,-1,0.1918,-8,0,0,0,0,0,0,1,0,0,0,0,3,3,1,0,0,0,0,0,0
21.4663901927322,4.279282,1,0,0,0,0,20,0,0.12,-8,0,0.009999998,-5.5,0,0.009999998,-9.3,0,0,0,0,0,-1,0.1918,-8,0,0,0,0,0,0,1,0,0,0,0,3,3,1,0,0,0,0,0,0
21.5170525020733,4.319275,1,0,0,0,0,20,0,0.12,-8,0,0.009999998,-5.5,0,0.009999998,-9.3,0,0,0,0,0,-1,0.1918,-8,0,0,0,0,0,0,1,0,0,0,0,3,3,1,0,0,0,0,0,0
21.5681009311229,4.379265,1,0,0,0,0,20,0,0.12,-8,0,0.009999998,-5.5,0,0.009999998,-9.3,0,0,0,0,0,-1,0.1918,-8,0,0,0,0,0,0,1,0,0,0,0,3,3,1,0,0,0,0,0,0
21.6196118406951,4.419258,1,0,0,0,0,20,0,0.12,-8,0,0.009999998,-5.5,0,0.009999998,-9.3,0,0,0,0,0,-1,0.1918,-8,0,0,0,0,0,0,1,0,0,0,0,3,3,1,0,0,0,0,0,0
21.6704496896081,4.479248,1,0,0,0,0,20,0,0.12,-8,0,0.009999998,-5.5,0,0.009999998,-9.3,0,0,0,0,0,-1,0.1918,-8,0,0,0,0,0,0,1,0,0,0,0,3,3,1,0,0,0,0,0,0
21.7209578701295,4.539238,1,0,0,0,0,20,0,0.12,-8,0,0.009999998,-5.5,0,0.009999998,-9.3,0,0,0,0,0,-1,0.1918,-8,0,0,0,0,0,0,1,0,0,0,0,3,3,1,0,0,0,0,0,0
21.7714576695859,4.599228,1,0,0,0,0,20,0,0.12,-8,0,0.009999998,-5.5,0,0.009999998,-9.3,0,0,0,0,0,-1,0.1918,-8,0,0,0,0,0,0,1,0,0,0,0,3,3,1,0,0,0,0,0,0
21.8222177429683,4.639221,1,0,0,0,0,20,0,0.12,-8,0,0.009999998,-5.5,0,0.009999998,-9.3,0,0,0,0,0,-1,0.1918,-8,0,0,0,0,0,0,1,0,0,0,0,3,3,1,0,0,0,0,0,0
21.8731141690351,4.699211,1,0,0,0,0,20,0,0.12,-8,0,0.009999998,-5.5,0,0.009999998,-9.3,0,0,0,0,0,-1,0.1918,-8,0,0,0,0,0,0,1,0,0,0,0,3,3,1,0,0,0,0,0,0
21.9238334395178,4.739204,1,0,0,0,0,20,0,0.12,-8,0,0.009999998,-5.5,0,0.009999998,-9.3,0,0,0,0,0,-1,0.1918,-8,0,0,0,0,0,0,1,0,0,0,0,3,3,1,0,0,0,0,0,0
21.9902816406265,4.819191,1,0,0,0,0,20,0,0.12,-8,0,0.009999998,-5.5,0,0.009999998,-9.3,0,0,0,0,0,-1,0.1918,-8,0,0,0,0,0,0,1,0,0,0,0,3,3,1,0,0,0,0,0,0
22.0404793000221,4.859184,1,0,0,0,0,20,0,0.12,-8,0,0.009999998,-5.5,0,0.009999998,-9.3,0,0,0,0,0,-1,0.1918,-8,0,0,0,0,0,0,1,0,0,0,0,3,3,1,0,0,0,0,0,0
22.1066006085463,4.939171,1,0,0,0,0,20,0,0.12,-8,0,0.009999998,-5.5,0,0.009999998,-9.3,0,0,0,0,0,-1,0.1918,-8,0,0,0,0,0,0,1,0,0,0,0,3,3,1,0,0,0,0,0,0
22.1726007355377,4.999161,1,0,0,0,0,20,0,0.12,-8,0,0.009999998,-5.5,0,0.009999998,-9.3,0,0,0,0,0,-1,0.1918,-8,0,0,0,0,0,0,1,0,0,0,0,3,3,1,0,0,0,0,0,0
22.2386007703282,5.059151,1,0,0,0,0,20,0,0.12,-8,0,0.009999998,-5.5,0,0.009999998,-9.3,0,0,0,0,0,-1,0.1918,-8,0,0,0,0,0,0,1,0,0,0,0,3,3,1,0,0,0,0,0,0
22.3046009065397,5.139137,1,0,0,0,0,20,0,0.12,-8,0,0.009999998,-5.5,0,0.009999998,-9.3,0,0,0,0,0,-1,0.1918,-8,0,0,0,0,0,0,1,0,0,0,0,3,3,1,0,0,0,0,0,0
22.3706010409072,5.199127,1,0,0,0,0,20,0,0.12,-8,0,0.009999998,-5.5,0,0.009999998,-9.3,0,0,0,0,0,-1,0.1918,-8,0,0,0,0,0,0,1,0,0,0,0,3,3,1,0,0,0,0,0,0
22.4206662278436,5.219124,1,0,0,0,0,20,0,0.12,-8,0,0.009999998,-5.5,0,0.009999998,-9.3,0,0,0,0,0,-1,0.1918,-8,0,0,0,0,0,0,1,0,0,0,0,3,3,1,0,0,0,0,0,0
22.4870739438199,5.29911,1,0,0,0,0,20,0,0.12,-8,0,0.009999998,-5.5,0,0.009999998,-9.3,0,0,0,0,0,-1,0.1918,-8,0,0,0,0,0,0,1,0,0,0,0,3,3,1,0,0,0,0,0,0
22.5530968462862,5.3591,1,0,0,0,0,20,0,0.12,-8,0,0.009999998,-5.5,0,0.009999998,-9.3,0,0,0,0,0,-1,0.1918,-8,0,0,0,0,0,0,1,0,0,0,0,3,3,1,0,0,0,0,0,0
22.619235671144,5.41909,1,0,0,0,0,20,0,0.12,-8,0,0.009999998,-5.5,0,0.009999998,-9.3,0,0,0,0,0,-1,0.1918,-8,0,0,0,0,0,0,1,0,0,0,0,3,3,1,0,0,0,0,0,0
22.6857506291382,5.499077,1,0,0,0,0,20,0,0.12,-8,0,0.009999998,-5.5,0,0.009999998,-9.3,0,0,0,0,0,-1,0.1918,-8,0,0,0,0,0,0,1,0,0,0,0,3,3,1,0,0,0,0,0,0
22.7359356389754,5.53907,1,0,0,0,0,20,0,0.12,-8,0,0.009999998,-5.5,0,0.009999998,-9.3,0,0,0,0,0,-1,0.1918,-8,0,0,0,0,0,0,1,0,0,0,0,3,3,1,0,0,0,0,0,0
22.787386984881,5.59906,1,0,0,0,0,20,0,0.12,-8,0,0.009999998,-5.5,0,0.009999998,-9.3,0,0,0,0,0,-1,0.1918,-8,0,0,0,0,0,0,1,0,0,0,0,3,3,1,0,0,0,0,0,0
22.8378533172607,5.639053,1,0,0,0,0,20,0,0.12,-8,0,0.009999998,-5.5,0,0.009999998,-9.3,0,0,0,0,0,-1,0.1918,-8,0,0,0,0,0,0,1,0,0,0,0,3,3,1,0,0,0,0,0,0
22.8880319570377,5.699043,1,0,0,0,0,20,0,0.12,-8,0,0.009999998,-5.5,0,0.009999998,-9.3,0,0,0,0,0,-1,0.1918,-8,0,0,0,0,0,0,1,0,0,0,0,3,3,1,0,0,0,0,0,0
22.938272095453,5.739037,1,0,0,0,0,20,0,0.12,-8,0,0.009999998,-5.5,0,0.009999998,-9.3,0,0,0,0,0,-1,0.1918,-8,0,0,0,0,0,0,1,0,0,0,0,3,3,1,0,0,0,0,0,0
23.0044242931344,5.819023,1,0,0,0,0,20,0,0.12,-8,0,0.009999998,-5.5,0,0.009999998,-9.3,0,0,0,0,0,-1,0.1918,-8,0,0,0,0,0,0,1,0,0,0,0,3,3,1,0,0,0,0,0,0
23.0707421150431,5.879013,1,0,0,0,0,20,0,0.12,-8,0,0.009999998,-5.5,0,0.009999998,-9.3,0,0,0,0,0,-1,0.1918,-8,0,0,0,0,0,0,1,0,0,0,0,3,3,1,0,0,0,0,0,0
23.1367426421866,5.939003,1,0,0,0,0,20,0,0.12,-8,0,0.009999998,-5.5,0,0.009999998,-9.3,0,0,0,0,0,-1,0.1918,-8,0,0,0,0,0,0,1,0,0,0,0,3,3,1,0,0,0,0,0,0
23.2030661123246,6.01899,1,0,0,0,0,20,0,0.12,-8,0,0.009999998,-5.5,0,0.009999998,-9.3,0,0,0,0,0,-1,0.1918,-8,0,0,0,0,0,0,1,0,0,0,0,3,3,1,0,0,0,0,0,0
23.2532135701552,6.058983,1,0,0,0,0,20,0,0.12,-8,0,0.009999998,-5.5,0,0.009999998,-9.3,0,0,0,0,0,-1,0.1918,-8,0,0,0,0,0,0,1,0,0,0,0,3,3,1,0,0,0,0,0,0
23.3037131747045,6.118973,1,0,0,0,0,20,0,0.12,-8,0,0.009999998,-5.5,0,0.009999998,-9.3,0,0,0,0,0,-1,0.1918,-8,0,0,0,0,0,0,1,0,0,0,0,3,3,1,0,0,0,0,0,0
23.3542022849433,6.158966,1,0,0,0,0,20,0,0.12,-8,0,0.009999998,-5.5,0,0.009999998,-9.3,0,0,0,0,0,-1,0.1918,-8,0,0,0,0,0,0,1,0,0,0,0,3,3,1,0,0,0,0,0,0
23.420542878639,6.238953,1,0,0,0,0,20,0,0.12,-8,0,0.009999998,-5.5,0,0.009999998,-9.3,0,0,0,0,0,-1,0.1918,-8,0,0,0,0,0,0,1,0,0,0,0,3,3,1,0,0,0,0,0,0
23.47103046095,6.278946,1,0,0,0,0,20,0,0.12,-8,0,0.009999998,-5.5,0,0.009999998,-9.3,0,0,0,0,0,-1,0.1918,-8,0,0,0,0,0,0,1,0,0,0,0,3,3,1,0,0,0,0,0,0
23.5212126936018,6.338936,1,0,0,0,0,20,0,0.12,-8,0,0.009999998,-5.5,0,0.009999998,-9.3,0,0,0,0,0,-1,0.1918,-8,0,0,0,0,0,0,1,0,0,0,0,3,3,1,0,0,0,0,0,0
23.5881790505536,6.398926,1,0,0,0,0,20,0,0.12,-8,0,0.009999998,-5.5,0,0.009999998,-9.3,0,0,0,0,0,-1,0.1918,-8,0,0,0,0,0,0,1,0,0,0,0,3,3,1,0,0,0,0,0,0
23.6385344249196,6.458916,1,0,0,0,0,20,0,0.12,-8,0,0.009999998,-5.5,0,0.009999998,-9.3,0,0,0,0,0,-1,0.1918,-8,0,0,0,0,0,0,1,0,0,0,0,3,3,1,0,0,0,0,0,0
23.6889116737805,6.518906,1,0,0,0,0,20,0,0.12,-8,0,0.009999998,-5.5,0,0.009999998,-9.3,0,0,0,0,0,-1,0.1918,-8,0,0,0,0,0,0,1,0,0,0,0,3,3,1,0,0,0,0,0,0
23.7556883690506,6.598892,1,0,0,0,0,20,0,0.12,-8,0,0.009999998,-5.5,0,0.009999998,-9.3,0,0,0,0,0,-1,0.1918,-8,0,0,0,0,0,0,1,0,0,0,0,3,3,1,0,0,0,0,0,0
23.8223549719341,6.658882,1,0,0,0,0,20,0,0.12,-8,0,0.009999998,-5.5,0,0.009999998,-9.3,0,0,0,0,0,-1,0.1918,-8,0,0,0,0,0,0,1,0,0,0,0,3,3,1,0,0,0,0,0,0
23.8724902578071,6.698875,1,0,0,0,0,20,0,0.12,-8,0,0.009999998,-5.5,0,0.009999998,-9.3,0,0,0,0,0,-1,0.1918,-8,0,0,0,0,0,0,1,0,0,0,0,3,3,1,0,0,0,0,0,0
23.9235322593153,6.758865,1,0,0,0,0,20,0,0.12,-8,0,0.009999998,-5.5,0,0.009999998,-9.3,0,0,0,0,0,-1,0.1918,-8,0,0,0,0,0,0,1,0,0,0,0,3,3,1,0,0,0,0,0,0
23.9738665970042,6.798859,1,0,0,0,0,20,0,0.12,-8,0,0.009999998,-5.5,0,0.009999998,-9.3,0,0,0,0,0,-1,0.1918,-8,0,0,0,0,0,0,1,0,0,0,0,3,3,1,0,0,0,0,0,0
24.0250544019416,6.858849,1,0,0,0,0,20,0,0.12,-8,0,0.009999998,-5.5,0,0.009999998,-9.3,0,0,0,0,0,-1,0.1918,-8,0,0,0,0,0,0,1,0,0,0,0,3,3,1,0,0,0,0,0,0
24.0755545024015,6.898842,1,0,0,0,0,20,0,0.12,-8,0,0.009999998,-5.5,0,0.009999998,-9.3,0,0,0,0,0,-1,0.1918,-8,0,0,0,0,0,0,1,0,0,0,0,3,3,1,0,0,0,0,0,0
24.1260551108047,6.958832,1,0,0,0,0,20,0,0.12,-8,0,0.009999998,-5.5,0,0.009999998,-9.3,0,0,0,0,0,-1,0.1918,-8,0,0,0,0,0,0,1,0,0,0,0,3,3,1,0,0,0,0,0,0
24.1771810068563,6.998825,1,0,0,0,0,20,0,0.12,-8,0,0.009999998,-5.5,0,0.009999998,-9.3,0,0,0,0,0,-1,0.1918,-8,0,0,0,0,0,0,1,0,0,0,0,3,3,1,0,0,0,0,0,0
24.2284124478884,7.038818,1,0,0,0,0,20,0,0.12,-8,0,0.009999998,-5.5,0,0.009999998,-9.3,0,0,0,0,0,-1,0.1918,-8,0,0,0,0,0,0,1,0,0,0,0,3,3,1,0,0,0,0,0,0
24.2791908072308,7.098808,1,0,0,0,0,20,0,0.12,-8,0,0.009999998,-5.5,0,0.009999998,-9.3,0,0,0,0,0,-1,0.1918,-8,0,0,0,0,0,0,1,0,0,0,0,3,3,1,0,0,0,0,0,0
24.330228629671,7.138802,1,0,0,0,0,20,0,0.12,-8,0,0.009999998,-5.5,0,0.009999998,-9.3,0,0,0,0,0,-1,0.1918,-8,0,0,0,0,0,0,1,0,0,0,0,3,3,1,0,0,0,0,0,0
24.3807290386595,7.198792,1,0,0,0,0,20,0,0.12,-8,0,0.009999998,-5.5,0,0.009999998,-9.3,0,0,0,0,0,-1,0.1918,-8,0,0,0,0,0,0,1,0,0,0,0,3,3,1,0,0,0,0,0,0
24.4314548710175,7.238785,1,0,0,0,0,20,0,0.12,-8,0,0.009999998,-5.5,0,0.009999998,-9.3,0,0,0,0,0,-1,0.1918,-8,0,0,0,0,0,0,1,0,0,0,0,3,3,1,0,0,0,0,0,0
24.4820413256064,7.298775,1,0,0,0,0,20,0,0.12,-8,0,0.009999998,-5.5,0,0.009999998,-9.3,0,0,0,0,0,-1,0.1918,-8,0,0,0,0,0,0,1,0,0,0,0,3,3,1,0,0,0,0,0,0
24.5325413244776,7.338768,1,0,0,0,0,20,0,0.12,-8,0,0.009999998,-5.5,0,0.009999998,-9.3,0,0,0,0,0,-1,0.1918,-8,0,0,0,0,0,0,1,0,0,0,0,3,3,1,0,0,0,0,0,0
24.5830417240597,7.398758,1,0,0,0,0,20,0,0.12,-8,0,0.009999998,-5.5,0,0.009999998,-9.3,0,0,0,0,0,-1,0.1918,-8,0,0,0,0,0,0,1,0,0,0,0,3,3,1,0,0,0,0,0,0
24.6335421330482,7.438751,1,0,0,0,0,20,0,0.12,-8,0,0.009999998,-5.5,0,0.009999998,-9.3,0,0,0,0,0,-1,0.1918,-8,0,0,0,0,0,0,1,0,0,0,0,3,3,1,0,0,0,0,0,0
24.6843542217091,7.498741,1,0,0,0,0,20,0,0.12,-8,0,0.009999998,-5.5,0,0.009999998,-9.3,0,0,0,0,0,-1,0.1918,-8,0,0,0,0,0,0,1,0,0,0,0,3,3,1,0,0,0,0,0,0
24.7351925710402,7.538734,1,0,0,0,0,20,0,0.12,-8,0,0.009999998,-5.5,0,0.009999998,-9.3,0,0,0,0,0,-1,0.1918,-8,0,0,0,0,0,0,1,0,0,0,0,3,3,1,0,0,0,0,0,0
24.7866402567178,7.598724,1,0,0,0,0,20,0,0.12,-8,0,0.009999998,-5.5,0,0.009999998,-9.3,0,0,0,0,0,-1,0.1918,-8,0,0,0,0,0,0,1,0,0,0,0,3,3,1,0,0,0,0,0,0
24.8371409667097,7.638718,1,0,0,0,0,20,0,0.12,-8,0,0.009999998,-5.5,0,0.009999998,-9.3,0,0,0,0,0,-1,0.1918,-8,0,0,0,0,0,0,1,0,0,0,0,3,3,1,0,0,0,0,0,0
24.8877090375125,7.698708,1,0,0,0,0,20,0,0.12,-8,0,0.009999998,-5.5,0,0.009999998,-9.3,0,0,0,0,0,-1,0.1918,-8,0,0,0,0,0,0,1,0,0,0,0,3,3,1,0,0,0,0,0,0
24.939232069999,7.738701,1,0,0,0,0,20,0,0.12,-8,0,0.009999998,-5.5,0,0.009999998,-9.3,0,0,0,0,0,-1,0.1918,-8,0,0,0,0,0,0,1,0,0,0,0,3,3,1,0,0,0,0,0,0
24.9899847202189,7.798691,1,0,0,0,0,20,0,0.12,-8,0,0.009999998,-5.5,0,0.009999998,-9.3,0,0,0,0,0,-1,0.1918,-8,0,0,0,0,0,0,1,0,0,0,0,3,3,1,0,0,0,0,0,0
25.0404528399929,7.838684,1,0,0,0,0,20,0,0.12,-8,0,0.009999998,-5.5,0,0.009999998,-9.3,0,0,0,0,0,-1,0.1918,-8,0,0,0,0,0,0,1,0,0,0,0,3,3,1,0,0,0,0,0,0
25.0909418506548,7.898674,1,0,0,0,0,20,0,0.12,-8,0,0.009999998,-5.5,0,0.009999998,-9.3,0,0,0,0,0,-1,0.1918,-8,0,0,0,0,0,0,1,0,0,0,0,3,3,1,0,0,0,0,0,0
25.1414370996319,7.938667,1,0,0,0,0,20,0,0.12,-8,0,0.009999998,-5.5,0,0.009999998,-9.3,0,0,0,0,0,-1,0.1918,-8,0,0,0,0,0,0,1,0,0,0,0,3,3,1,0,0,0,0,0,0
25.2079206508771,8.018654,1,0,0,0,0,20,0,0.12,-8,0,0.009999998,-5.5,0,0.009999998,-9.3,0,0,0,0,0,-1,0.1918,-8,0,0,0,0,0,0,1,0,0,0,0,3,3,1,0,0,0,0,0,0
25.274241644498,8.078644,1,0,0,0,0,20,0,0.12,-8,0,0.009999998,-5.5,0,0.009999998,-9.3,0,0,0,0,0,-1,0.1918,-8,0,0,0,0,0,0,1,0,0,0,0,3,3,1,0,0,0,0,0,0
25.3408385420404,8.15863,1,0,0,0,0,20,0,0.12,-8,0,0.009999998,-5.5,0,0.009999998,-9.3,0,0,0,0,0,-1,0.1918,-8,0,0,0,0,0,0,1,0,0,0,0,3,3,1,0,0,0,0,0,0
25.3913276504353,8.198624,1,0,0,0,0,20,0,0.12,-8,0,0.009999998,-5.5,0,0.009999998,-9.3,0,0,0,0,0,-1,0.1918,-8,0,0,0,0,0,0,1,0,0,0,0,3,3,1,0,0,0,0,0,0
25.4423623523302,8.258614,1,0,0,0,0,20,0,0.12,-8,0,0.009999998,-5.5,0,0.009999998,-9.3,0,0,0,0,0,-1,0.1918,-8,0,0,0,0,0,0,1,0,0,0,0,3,3,1,0,0,0,0,0,0
25.508862136472,8.318604,1,0,0,0,0,20,0,0.12,-8,0,0.009999998,-5.5,0,0.009999998,-9.3,0,0,0,0,0,-1,0.1918,-8,0,0,0,0,0,0,1,0,0,0,0,3,3,1,0,0,0,0,0,0
25.5588770314865,8.378593,1,0,0,0,0,20,0,0.12,-8,0,0.009999998,-5.5,0,0.009999998,-9.3,0,0,0,0,0,-1,0.1918,-8,0,0,0,0,0,0,1,0,0,0,0,3,3,1,0,0,0,0,0,0
25.6097037096322,8.418587,1,0,0,0,0,20,0,0.12,-8,0,0.009999998,-5.5,0,0.009999998,-9.3,0,0,0,0,0,-1,0.1918,-8,0,0,0,0,0,0,1,0,0,0,0,3,3,1,0,0,0,0,0,0
25.6602076233923,8.478577,1,0,0,0,0,20,0,0.12,-8,0,0.009999998,-5.5,0,0.009999998,-9.3,0,0,0,0,0,-1,0.1918,-8,0,0,0,0,0,0,1,0,0,0,0,3,3,1,0,0,0,0,0,0
25.7103747921064,8.51857,1,0,0,0,0,20,0,0.12,-8,0,0.009999998,-5.5,0,0.009999998,-9.3,0,0,0,0,0,-1,0.1918,-8,0,0,0,0,0,0,1,0,0,0,0,3,3,1,0,0,0,0,0,0
25.760440015737,8.57856,1,0,0,0,0,20,0,0.12,-8,0,0.009999998,-5.5,0,0.009999998,-9.3,0,0,0,0,0,-1,0.1918,-8,0,0,0,0,0,0,1,0,0,0,0,3,3,1,0,0,0,0,0,0
25.8112082497217,8.618553,1,0,0,0,0,20,0,0.12,-8,0,0.009999998,-5.5,0,0.009999998,-9.3,0,0,0,0,0,-1,0.1918,-8,0,0,0,0,0,0,1,0,0,0,0,3,3,1,0,0,0,0,0,0
25.8615149115399,8.678543,1,0,0,0,0,20,0,0.12,-8,0,0.009999998,-5.5,0,0.009999998,-9.3,0,0,0,0,0,-1,0.1918,-8,0,0,0,0,0,0,1,0,0,0,0,3,3,1,0,0,0,0,0,0
25.9116816839017,8.718536,1,0,0,0,0,20,0,0.12,-8,0,0.009999998,-5.5,0,0.009999998,-9.3,0,0,0,0,0,-1,0.1918,-8,0,0,0,0,0,0,1,0,0,0,0,3,3,1,0,0,0,0,0,0
25.9626723745838,8.778526,1,0,0,0,0,20,0,0.12,-8,0,0.009999998,-5.5,0,0.009999998,-9.3,0,0,0,0,0,-1,0.1918,-8,0,0,0,0,0,0,1,0,0,0,0,3,3,1,0,0,0,0,0,0
26.014177930057,8.81852,1,0,0,0,0,20,0,0.12,-8,0,0.009999998,-5.5,0,0.009999998,-9.3,0,0,0,0,0,-1,0.1918,-8,0,0,0,0,0,0,1,0,0,0,0,3,3,1,0,0,0,0,0,0
26.0647134793177,8.87851,1,0,0,0,0,20,0,0.12,-8,0,0.009999998,-5.5,0,0.009999998,-9.3,0,0,0,0,0,-1,0.1918,-8,0,0,0,0,0,0,1,0,0,0,0,3,3,1,0,0,0,0,0,0
26.1158566473238,8.938499,1,0,0,0,0,20,0,0.12,-8,0,0.009999998,-5.5,0,0.009999998,-9.3,0,0,0,0,0,-1,0.1918,-8,0,0,0,0,0,0,1,0,0,0,0,3,3,1,0,0,0,0,0,0
26.1667639847659,8.998489,1,0,0,0,0,20,0,0.12,-8,0,0.009999998,-5.5,0,0.009999998,-9.3,0,0,0,0,0,-1,0.1918,-8,0,0,0,0,0,0,1,0,0,0,0,3,3,1,0,0,0,0,0,0
26.2182873182558,9.038483,1,0,0,0,0,20,0,0.12,-8,0,0.009999998,-5.5,0,0.009999998,-9.3,0,0,0,0,0,-1,0.1918,-8,0,0,0,0,0,0,1,0,0,0,0,3,3,1,0,0,0,0,0,0
26.2698403457366,9.098473,1,0,0,0,0,20,0,0.12,-8,0,0.009999998,-5.5,0,0.009999998,-9.3,0,0,0,0,0,-1,0.1918,-8,0,0,0,0,0,0,1,0,0,0,0,3,3,1,0,0,0,0,0,0
26.3207534361072,9.138466,1,0,0,0,0,20,0,0.12,-8,0,0.009999998,-5.5,0,0.009999998,-9.3,0,0,0,0,0,-1,0.1918,-8,0,0,0,0,0,0,1,0,0,0,0,3,3,1,0,0,0,0,0,0
26.3713581710123,9.198456,1,0,0,0,0,20,0,0.12,-8,0,0.009999998,-5.5,0,0.009999998,-9.3,0,0,0,0,0,-1,0.1918,-8,0,0,0,0,0,0,1,0,0,0,0,3,3,1,0,0,0,0,0,0
26.4220786189102,9.238449,1,0,0,0,0,20,0,0.12,-8,0,0.009999998,-5.5,0,0.009999998,-9.3,0,0,0,0,0,-1,0.1918,-8,0,0,0,0,0,0,1,0,0,0,0,3,3,1,0,0,0,0,0,0
26.4727761369012,9.298439,1,0,0,0,0,20,0,0.12,-8,0,0.009999998,-5.5,0,0.009999998,-9.3,0,0,0,0,0,-1,0.1918,-8,0,0,0,0,0,0,1,0,0,0,0,3,3,1,0,0,0,0,0,0
26.5232639968023,9.358429,1,0,0,0,0,20,0,0.12,-8,0,0.009999998,-5.5,0,0.009999998,-9.3,0,0,0,0,0,-1,0.1918,-8,0,0,0,0,0,0,1,0,0,0,0,3,3,1,0,0,0,0,0,0
26.5743448266573,9.398422,1,0,0,0,0,20,0,0.12,-8,0,0.009999998,-5.5,0,0.009999998,-9.3,0,0,0,0,0,-1,0.1918,-8,0,0,0,0,0,0,1,0,0,0,0,3,3,1,0,0,0,0,0,0
26.6251399525255,9.458412,1,0,0,0,0,20,0,0.12,-8,0,0.009999998,-5.5,0,0.009999998,-9.3,0,0,0,0,0,-1,0.1918,-8,0,0,0,0,0,0,1,0,0,0,0,3,3,1,0,0,0,0,0,0
26.6758707056567,9.498405,1,0,0,0,0,20,0,0.12,-8,0,0.009999998,-5.5,0,0.009999998,-9.3,0,0,0,0,0,-1,0.1918,-8,0,0,0,0,0,0,1,0,0,0,0,3,3,1,0,0,0,0,0,0
26.7262095297873,9.558395,1,0,0,0,0,20,0,0.12,-8,0,0.009999998,-5.5,0,0.009999998,-9.3,0,0,0,0,0,-1,0.1918,-8,0,0,0,0,0,0,1,0,0,0,0,3,3,1,0,0,0,0,0,0
26.7768928166106,9.598389,1,0,0,0,0,20,0,0.12,-8,0,0.009999998,-5.5,0,0.009999998,-9.3,0,0,0,0,0,-1,0.1918,-8,0,0,0,0,0,0,1,0,0,0,0,3,3,1,0,0,0,0,0,0
26.8270663095824,9.658379,1,0,0,0,0,20,0,0.12,-8,0,0.009999998,-5.5,0,0.009999998,-9.3,0,0,0,0,0,-1,0.1918,-8,0,0,0,0,0,0,1,0,0,0,0,3,3,1,0,0,0,0,0,0
26.8782651063986,9.698372,1,0,0,0,0,20,0,0.12,-8,0,0.009999998,-5.5,0,0.009999998,-9.3,0,0,0,0,0,-1,0.1918,-8,0,0,0,0,0,0,1,0,0,0,0,3,3,1,0,0,0,0,0,0
26.9287522286363,9.758362,1,0,0,0,0,20,0,0.12,-8,0,0.009999998,-5.5,0,0.009999998,-9.3,0,0,0,0,0,-1,0.1918,-8,0,0,0,0,0,0,1,0,0,0,0,3,3,1,0,0,0,0,0,0
26.9796308785677,9.798355,1,0,0,0,0,20,0,0.12,-8,0,0.009999998,-5.5,0,0.009999998,-9.3,0,0,0,0,0,-1,0.1918,-8,0,0,0,0,0,0,1,0,0,0,0,3,3,1,0,0,0,0,0,0
27.0309837237,9.858345,1,0,0,0,0,20,0,0.12,-8,0,0.009999998,-5.5,0,0.009999998,-9.3,0,0,0,0,0,-1,0.1918,-8,0,0,0,0,0,0,1,0,0,0,0,3,3,1,0,0,0,0,0,0
27.0825372534804,9.898338,1,0,0,0,0,20,0,0.12,-8,0,0.009999998,-5.5,0,0.009999998,-9.3,0,0,0,0,0,-1,0.1918,-8,0,0,0,0,0,0,1,0,0,0,0,3,3,1,0,0,0,0,0,0
27.1333490411378,9.958328,1,0,0,0,0,20,0,0.12,-8,0,0.009999998,-5.5,0,0.009999998,-9.3,0,0,0,0,0,-1,0.1918,-8,0,0,0,0,0,0,1,0,0,0,0,3,3,1,0,0,0,0,0,0
27.1838490400091,9.998322,1,0,0,0,0,20,0,0.12,-8,0,0.009999998,-5.5,0,0.009999998,-9.3,0,0,0,0,0,-1,0.1918,-8,0,0,0,0,0,0,1,0,0,0,0,3,3,1,0,0,0,0,0,0
27.2343495411798,10.05831,1,0,0,0,0,20,0,0.12,-8,0,0.009999998,-5.5,0,0.009999998,-9.3,0,0,0,0,0,-1,0.1918,-8,0,0,0,0,0,0,1,0,0,0,0,3,3,1,0,0,0,0,0,0
27.2849567029253,10.0983,1,0,0,0,0,20,0,0.12,-8,0,0.009999998,-5.5,0,0.009999998,-9.3,0,0,0,0,0,-1,0.1918,-8,0,0,0,0,0,0,1,0,0,0,0,3,3,1,0,0,0,0,0,0
27.3354569030926,10.15829,1,0,0,0,0,20,0,0.12,-8,0,0.009999998,-5.5,0,0.009999998,-9.3,0,0,0,0,0,-1,0.1918,-8,0,0,0,0,0,0,1,0,0,0,0,3,3,1,0,0,0,0,0,0
27.3859631665982,10.19829,1,0,0,0,0,20,0,0.12,-8,0,0.009999998,-5.5,0,0.009999998,-9.3,0,0,0,0,0,-1,0.1918,-8,0,0,0,0,0,0,1,0,0,0,0,3,3,1,0,0,0,0,0,0
27.4363360435516,10.25828,1,0,0,0,0,20,0,0.12,-8,0,0.009999998,-5.5,0,0.009999998,-9.3,0,0,0,0,0,-1,0.1918,-8,0,0,0,0,0,0,1,0,0,0,0,3,3,1,0,0,0,0,0,0
27.4864510356076,10.29827,1,0,0,0,0,20,0,0.12,-8,0,0.009999998,-5.5,0,0.009999998,-9.3,0,0,0,0,0,-1,0.1918,-8,0,0,0,0,0,0,1,0,0,0,0,3,3,1,0,0,0,0,0,0
27.5366180013306,10.35826,1,0,0,0,0,20,0,0.12,-8,0,0.009999998,-5.5,0,0.009999998,-9.3,0,0,0,0,0,-1,0.1918,-8,0,0,0,0,0,0,1,0,0,0,0,3,3,1,0,0,0,0,0,0
27.6032850030996,10.41825,1,0,0,0,0,20,0,0.12,-8,0,0.009999998,-5.5,0,0.009999998,-9.3,0,0,0,0,0,-1,0.1918,-8,0,0,0,0,0,0,1,0,0,0,0,3,3,1,0,0,0,0,0,0
27.6699518075585,10.47824,1,0,0,0,0,20,0,0.12,-8,0,0.009999998,-5.5,0,0.009999998,-9.3,0,0,0,0,0,-1,0.1918,-8,0,0,0,0,0,0,1,0,0,0,0,3,3,1,0,0,0,0,0,0
27.7200405627675,10.51823,1,0,0,0,0,20,0,0.12,-8,0,0.009999998,-5.5,0,0.009999998,-9.3,0,0,0,0,0,-1,0.1918,-8,0,0,0,0,0,0,1,0,0,0,0,3,3,1,0,0,0,0,0,0
27.7703011785261,10.57822,1,0,0,0,0,20,0,0.12,-8,0,0.009999998,-5.5,0,0.009999998,-9.3,0,0,0,0,0,-1,0.1918,-8,0,0,0,0,0,0,1,0,0,0,0,3,3,1,0,0,0,0,0,0
27.8370902954601,10.63821,1,0,0,0,0,20,0,0.12,-8,0,0.009999998,-5.5,0,0.009999998,-9.3,0,0,0,0,0,-1,0.1918,-8,0,0,0,0,0,0,1,0,0,0,0,3,3,1,0,0,0,0,0,0
27.8876913379319,10.6982,1,0,0,0,0,20,0,0.12,-8,0,0.009999998,-5.5,0,0.009999998,-9.3,0,0,0,0,0,-1,0.1918,-8,0,0,0,0,0,0,1,0,0,0,0,3,3,1,0,0,0,0,0,0
27.9381926165894,10.7382,1,0,0,0,0,20,0,0.12,-8,0,0.009999998,-5.5,0,0.009999998,-9.3,0,0,0,0,0,-1,0.1918,-8,0,0,0,0,0,0,1,0,0,0,0,3,3,1,0,0,0,0,0,0
28.004949497506,10.79819,1,0,0,0,0,20,0,0.12,-8,0,0.009999998,-5.5,0,0.009999998,-9.3,0,0,0,0,0,-1,0.1918,-8,0,0,0,0,0,0,1,0,0,0,0,3,3,1,0,0,0,0,0,0
28.071480766423,10.87817,1,0,0,0,0,20,0,0.12,-8,0,0.009999998,-5.5,0,0.009999998,-9.3,0,0,0,0,0,-1,0.1918,-8,0,0,0,0,0,0,1,0,0,0,0,3,3,1,0,0,0,0,0,0
28.137492776271,10.93816,1,0,0,0,0,20,0,0.12,-8,0,0.009999998,-5.5,0,0.009999998,-9.3,0,0,0,0,0,-1,0.1918,-8,0,0,0,0,0,0,1,0,0,0,0,3,3,1,0,0,0,0,0,0
28.2039489032701,10.99815,1,0,0,0,0,20,0,0.12,-8,0,0.009999998,-5.5,0,0.009999998,-9.3,0,0,0,0,0,-1,0.1918,-8,0,0,0,0,0,0,1,0,0,0,0,3,3,1,0,0,0,0,0,0
28.2702577171475,11.07814,1,0,0,0,0,20,0,0.12,-8,0,0.009999998,-5.5,0,0.009999998,-9.3,0,0,0,0,0,-1,0.1918,-8,0,0,0,0,0,0,1,0,0,0,0,3,3,1,0,0,0,0,0,0
28.3362582424469,11.15813,1,0,0,0,0,20,0,0.12,-8,0,0.009999998,-5.5,0,0.009999998,-9.3,0,0,0,0,0,-1,0.1918,-8,0,0,0,0,0,0,1,0,0,0,0,3,3,1,0,0,0,0,0,0
28.4022584763914,11.21812,1,0,0,0,0,20,0,0.12,-8,0,0.009999998,-5.5,0,0.009999998,-9.3,0,0,0,0,0,-1,0.1918,-8,0,0,0,0,0,0,1,0,0,0,0,3,3,1,0,0,0,0,0,0
28.4687440531515,11.2981,1,0,0,0,0,20,0,0.12,-8,0,0.009999998,-5.5,0,0.009999998,-9.3,0,0,0,0,0,-1,0.1918,-8,0,0,0,0,0,0,1,0,0,0,0,3,3,1,0,0,0,0,0,0
28.5354108594358,11.35809,1,0,0,0,0,20,0,0.12,-8,0,0.009999998,-5.5,0,0.009999998,-9.3,0,0,0,0,0,-1,0.1918,-8,0,0,0,0,0,0,1,0,0,0,0,3,3,1,0,0,0,0,0,0
28.5855839092098,11.41808,1,0,0,0,0,20,0,0.12,-8,0,0.009999998,-5.5,0,0.009999998,-9.3,0,0,0,0,0,-1,0.1918,-8,0,0,0,0,0,0,1,0,0,0,0,3,3,1,0,0,0,0,0,0
28.6360643548332,11.45808,1,0,0,0,0,20,0,0.12,-8,0,0.009999998,-5.5,0,0.009999998,-9.3,0,0,0,0,0,-1,0.1918,-8,0,0,0,0,0,0,1,0,0,0,0,3,3,1,0,0,0,0,0,0
28.6863894856907,11.51807,1,0,0,0,0,20,0,0.12,-8,0,0.009999998,-5.5,0,0.009999998,-9.3,0,0,0,0,0,-1,0.1918,-8,0,0,0,0,0,0,1,0,0,0,0,3,3,1,0,0,0,0,0,0
28.7370740981773,11.55806,1,0,0,0,0,20,0,0.12,-8,0,0.009999998,-5.5,0,0.009999998,-9.3,0,0,0,0,0,-1,0.1918,-8,0,0,0,0,0,0,1,0,0,0,0,3,3,1,0,0,0,0,0,0
28.7879318809323,11.61805,1,0,0,0,0,20,0,0.12,-8,0,0.009999998,-5.5,0,0.009999998,-9.3,0,0,0,0,0,-1,0.1918,-8,0,0,0,0,0,0,1,0,0,0,0,3,3,1,0,0,0,0,0,0
28.8380988582596,11.65804,1,0,0,0,0,20,0,0.12,-8,0,0.009999998,-5.5,0,0.009999998,-9.3,0,0,0,0,0,-1,0.1918,-8,0,0,0,0,0,0,1,0,0,0,0,3,3,1,0,0,0,0,0,0
28.8885312391073,11.71803,1,0,0,0,0,20,0,0.12,-8,0,0.009999998,-5.5,0,0.009999998,-9.3,0,0,0,0,0,-1,0.1918,-8,0,0,0,0,0,0,1,0,0,0,0,3,3,1,0,0,0,0,0,0
28.9388862042315,11.75803,1,0,0,0,0,20,0,0.12,-8,0,0.009999998,-5.5,0,0.009999998,-9.3,0,0,0,0,0,-1,0.1918,-8,0,0,0,0,0,0,1,0,0,0,0,3,3,1,0,0,0,0,0,0
28.989648756627,11.81802,1,0,0,0,0,20,0,0.12,-8,0,0.009999998,-5.5,0,0.009999998,-9.3,0,0,0,0,0,-1,0.1918,-8,0,0,0,0,0,0,1,0,0,0,0,3,3,1,0,0,0,0,0,0
29.0400973740593,11.85801,1,0,0,0,0,20,0,0.12,-8,0,0.009999998,-5.5,0,0.009999998,-9.3,0,0,0,0,0,-1,0.1918,-8,0,0,0,0,0,0,1,0,0,0,0,3,3,1,0,0,0,0,0,0
29.1062281903438,11.938,1,0,0,0,0,20,0,0.12,-8,0,0.009999998,-5.5,0,0.009999998,-9.3,0,0,0,0,0,-1,0.1918,-8,0,0,0,0,0,0,1,0,0,0,0,3,3,1,0,0,0,0,0,0
29.172584321741,11.99799,1,0,0,0,0,20,0,0.12,-8,0,0.009999998,-5.5,0,0.009999998,-9.3,0,0,0,0,0,-1,0.1918,-8,0,0,0,0,0,0,1,0,0,0,0,3,3,1,0,0,0,0,0,0
29.2386429631338,12.05798,1,0,0,0,0,20,0,0.12,-8,0,0.009999998,-5.5,0,0.009999998,-9.3,0,0,0,0,0,-1,0.1918,-8,0,0,0,0,0,0,1,0,0,0,0,3,3,1,0,0,0,0,0,0
29.3049398019537,12.13796,1,0,0,0,0,20,0,0.12,-8,0,0.009999998,-5.5,0,0.009999998,-9.3,0,0,0,0,0,-1,0.1918,-8,0,0,0,0,0,0,1,0,0,0,0,3,3,1,0,0,0,0,0,0
29.3549585638754,12.17796,1,0,0,0,0,20,0,0.12,-8,0,0.009999998,-5.5,0,0.009999998,-9.3,0,0,0,0,0,-1,0.1918,-8,0,0,0,0,0,0,1,0,0,0,0,3,3,1,0,0,0,0,0,0
29.40502613144,12.23795,1,0,0,0,0,20,0,0.12,-8,0,0.009999998,-5.5,0,0.009999998,-9.3,0,0,0,0,0,-1,0.1918,-8,0,0,0,0,0,0,1,0,0,0,0,3,3,1,0,0,0,0,0,0
29.4713706805557,12.27794,1,0,0,0,0,20,0,0.12,-8,0,0.009999998,-5.5,0,0.009999998,-9.3,0,0,0,0,0,-1,0.1918,-8,0,0,0,0,0,0,1,0,0,0,0,3,3,1,0,0,0,0,0,0
29.5377041489817,12.35793,1,0,0,0,0,20,0,0.12,-8,0,0.009999998,-5.5,0,0.009999998,-9.3,0,0,0,0,0,-1,0.1918,-8,0,0,0,0,0,0,1,0,0,0,0,3,3,1,0,0,0,0,0,0
29.6043710470386,12.41792,1,0,0,0,0,20,0,0.12,-8,0,0.009999998,-5.5,0,0.009999998,-9.3,0,0,0,0,0,-1,0.1918,-8,0,0,0,0,0,0,1,0,0,0,0,3,3,1,0,0,0,0,0,0
29.671087645404,12.47791,1,0,0,0,0,20,0,0.12,-8,0,0.009999998,-5.5,0,0.009999998,-9.3,0,0,0,0,0,-1,0.1918,-8,0,0,0,0,0,0,1,0,0,0,0,3,3,1,0,0,0,0,0,0
29.7211142313667,12.5379,1,0,0,0,0,20,0,0.12,-8,0,0.009999998,-5.5,0,0.009999998,-9.3,0,0,0,0,0,-1,0.1918,-8,0,0,0,0,0,0,1,0,0,0,0,3,3,1,0,0,0,0,0,0
29.7712810019031,12.57789,1,0,0,0,0,20,0,0.12,-8,0,0.009999998,-5.5,0,0.009999998,-9.3,0,0,0,0,0,-1,0.1918,-8,0,0,0,0,0,0,1,0,0,0,0,3,3,1,0,0,0,0,0,0
29.8219110604562,12.63788,1,0,0,0,0,20,0,0.12,-8,0,0.009999998,-5.5,0,0.009999998,-9.3,0,0,0,0,0,-1,0.1918,-8,0,0,0,0,0,0,1,0,0,0,0,3,3,1,0,0,0,0,0,0
29.8722310835309,12.67787,1,0,0,0,0,20,0,0.12,-8,0,0.009999998,-5.5,0,0.009999998,-9.3,0,0,0,0,0,-1,0.1918,-8,0,0,0,0,0,0,1,0,0,0,0,3,3,1,0,0,0,0,0,0
29.9740382400528,12.77785,1,0,0,0,0,0,0,0.12,-8,0,0.009999998,-5.5,0,0.009999998,-9.3,0,0,0,0,0,-1,0.1918,-8,0,0,0,0,0,0,1,0,0,0.4,0,3,3,1,0,0,0,0,0,0
30.0253228081949,12.83784,1,0,0,0,0,0,0,0.12,-8,0,0.009999998,-5.5,0,0.009999998,-9.3,0,0,0,0,0,-1,0.1918,-8,0,0,0,0,0,0,1,0,0,0.2985109,0,3,3,1,0,0,0,0,0,0
30.0762273180857,12.87784,1,0,0,0,0,0,0,0.12,-8,0,0.009999998,-5.5,0,0.009999998,-9.3,0,0,0,0,0,-1,0.1918,-8,0,0,0,0,0,0,1,0,0,0.2476937,0,3,3,1,0,0,0,0,0,0
30.1270918264985,12.93783,1,0,0,0,0,0,0,0.12,-8,0,0.009999998,-5.5,0,0.009999998,-9.3,0,0,0,0,0,-1,0.1918,-8,0,0,0,0,0,0,1,0,0,0.1976834,0,3,3,1,0,0,0,0,0,0
30.1779710840806,12.97782,1,0,0,0,0,0,0,0.12,-8,0,0.009999998,-5.5,0,0.009999998,-9.3,0,0,0,0,0,-1,0.1918,-8,0,0,0,0,0,0,1,0,0,0.1469766,0,3,3,1,0,0,0,0,0,0
30.2285664239153,13.03781,1,0,0,0,0,0,0,0.12,-8,0,0.006086734,-5.5,0,0.009999998,-9.3,0,0,0,0,0,-1,0.1918,-8,0,0,0,0,0,0,1,0,0,0.09686295,0,3,3,1,0,0,0,0,0,0
30.2791776303947,13.0778,1,0,0,0,0,0,0,0.12,-8,0,0.008341187,-5.5,0,0.009999998,-9.3,0,0,0,0,0,-1,0.1918,-8,0,0,0,0,0,0,1,0,0,0.04686256,0,3,3,1,0,0,0,0,0,0
30.3539388351701,13.17779,1,0,0,0,0,0,0,0.12,-8,0,0.009828804,-5.5,0,0.009999998,-9.3,0,0,0,0,0,-1,0.1918,-8,0,0,0,0,0,0,1,0,0,0,1,3,3,1,1,7,0,0.14,-1,0.55
30.4044673202559,13.23778,1,0,0,0,0,0,0,0.12,-8,0,0.009973897,-5.5,0,0.009999998,-9.3,0,0,0,0,0,-1,0.1918,-8,0,0,0,0,0,0,1,0,0,0,1,3,3,1,1,6.925952,0,0.14,-1,0.55
30.4553520260006,13.27777,1,0,0,0,0,0,0,0.12,-8,0,0.009992853,-5.5,0,0.009999998,-9.3,0,1.943525,0,0,0,-1,0.1918,-8,0,0,0,0,0,0,1,0,0,0,1,3,3,1,1,6.875571,0,0.14,-1,0.55
30.5058770777658,13.33776,1,0,0,0,0,0,0,0.12,-8,0,0.4289888,-6.031233,0,0.009999998,-9.3,0,1.893174,0,0,0,-1,0.1918,-8,0,0,0,0,0,0,1,0,0,0,1,3,3,1,1,6.825546,0,0.14,-1,0.55
30.5567458303273,13.35776,1,0,0,0,0,0,0,0.12,-8,0,0.6555248,-6.465844,0,0.009999998,-9.3,0,1.842905,0,0,0,-1,0.1918,-8,0,0,0,0,0,0,1,0,0,0,1,3,3,1,1,6.775181,0,0.14,-1,0.55
30.608083224576,13.41775,1,0,0,0,0,0,0,0.12,-8,0,0.8163531,-6.958001,0,0.009999998,-9.3,0,1.792696,0,0,0,-1,0.1918,-8,0,0,0,0,0,0,1,0,0,0,1,3,3,1,1,6.724681,0,0.14,-1,0.55
30.6588046114892,13.45774,1,0,0,0,0,0,0,0.12,-8,2.390128E-10,0.8415169,-7.138535,0,0.009999998,-9.3,0,1.742696,0,0,0,-1,0.1918,-8,0,0,0,0,0,0,1,0,0,0,1,3,3,1,1,6.674212,0,0.14,-1,0.55
30.7096659913473,13.51773,1,0,0,0,0,0,0,0.12,-8,3.520433E-09,0.9319665,-7.27928,0,0.009999998,-9.3,0,1.692696,0,0,0,-1,0.1918,-8,0,0,0,0,0,0,1,0,0,0,1,3,3,1,1,6.623775,0,0.14,-1,0.55
30.7604749533348,13.55772,1,0,0,0,0,0,0,0.12,-8,5.734581E-09,1.141661,-7.375246,0,0.009999998,-9.3,0,1.642394,0,0,0,-1,0.1918,-8,0,0,0,0,0,0,1,0,0,0,1,3,3,1,1,6.573719,0,0.14,-1,0.55
30.8116489252821,13.61771,1,0,0,0,0,0,0,0.12,-8,7.046242E-09,1.318328,-7.467896,0,0.009999998,-9.3,0,1.591829,0,0,0,-1,0.1918,-8,0,0,0,0,0,0,1,0,0,0,1,3,3,1,1,6.522801,0,0.14,-1,0.55
30.86242101999,13.65771,1,0,0,0,0,0,0,0.12,-8,8.025247E-09,1.298077,-7.445488,0,0.009999998,-9.3,0,1.541733,0,0,0,-1,0.1918,-8,0,0,0,0,0,0,1,0,0,0,1,3,3,1,1,6.472727,0,0.14,-1,0.55
30.9129212220386,13.7177,1,0,0,0,0,0,0,0.12,-8,8.955304E-09,1.245876,-7.405676,0,0.009999998,-9.3,0,1.490608,0,0,0,-1,0.1918,-8,0,0,0,0,0,0,1,0,0,0,1,3,3,1,1,6.422531,0,0.14,-1,0.55
30.9636369576119,13.77769,1,0,0,0,0,0,0,0.12,-8,9.13386E-09,1.234625,-7.397295,0,0.009999998,-9.3,0,1.440239,0,0,0,-1,0.1918,-8,0,0,0,0,0,0,1,0,0,0,1,3,3,1,1,6.37253,0,0.14,-1,0.55
31.0145635818504,13.83768,1,0,0,0,0,0,0,0.12,-8,9.201101E-09,1.230253,-7.394058,0,0.009999998,-9.3,0,1.390239,0,0,0,-1,0.1918,-8,0,0,0,0,0,0,1,0,0,0,1,3,3,1,1,6.322317,0,0.14,-1,0.55
31.0650638911314,13.87767,1,0,0,0,0,0,0,0.12,-8,9.209948E-09,1.229666,-7.393625,0,0.009999998,-9.3,0,1.339568,0,0,0,-1,0.1918,-8,0,0,0,0,0,0,1,0,0,0,1,3,3,1,1,6.271894,0,0.14,-1,0.55
31.1165950958617,13.93766,1,0,0,0,0,0,0,0.12,-8,9.212835E-09,1.229473,-7.393483,0,0.009999998,-9.3,0,1.289273,0,0,0,-1,0.1918,-8,0,0,0,0,0,0,1,0,0,0,1,3,3,1,1,6.221188,0,0.14,-1,0.55
31.1670973165147,13.97765,1,0,0,0,0,0,0,0.12,-8,9.213177E-09,1.22945,-7.393466,0,0.009999998,-9.3,0,1.238564,0,0,0,-1,0.1918,-8,0,0,0,0,0,0,1,0,0,0,1,3,3,1,1,6.170872,0,0.14,-1,0.55
31.2175974244997,14.03764,1,0,0,0,0,0,0,0.12,-8,9.213282E-09,1.229443,-7.393461,0,0.009999998,-9.3,0,1.188531,0,0,0,-1,0.1918,-8,0,0,0,0,0,0,1,0,0,0,1,3,3,1,1,6.12087,0,0.14,-1,0.55
31.2680974252522,14.07764,1,0,0,0,0,0,0,0.12,-8,9.213293E-09,1.229442,-7.393461,0,0.009999998,-9.3,0,1.138531,0,0,0,-1,0.1918,-8,0,0,0,0,0,0,1,0,0,0,1,3,3,1,1,6.07087,0,0.14,-1,0.55
31.3186006291769,14.13763,1,0,0,0,0,0,0,0.12,-8,9.213297E-09,1.229442,-7.393461,0,0.009999998,-9.3,0,1.088448,0,0,0,-1,0.1918,-8,0,0,0,0,0,0,1,0,0,0,1,3,3,1,1,6.020536,0,0.14,-1,0.55
31.3687675968744,14.17762,1,0,0,0,0,0,0,0.12,-8,9.213297E-09,1.229442,-7.393461,0,0.009999998,-9.3,0,1.038448,0,0,0,-1,0.1918,-8,0,0,0,0,0,0,1,0,0,0,1,3,3,1,1,5.970536,0,0.14,-1,0.55
31.4354343017563,14.25761,1,0,0,0,0,0,0,0.12,-8,9.213297E-09,1.229442,-7.393461,0,0.009999998,-9.3,0,0.9717194,0,0,0,-1,0.1918,-8,0,0,0,0,0,0,1,0,0,0,1,3,3,1,1,5.903869,0,0.14,-1,0.55
31.4855874098092,14.2976,1,0,0,0,0,0,0,0.12,-8,9.213297E-09,1.229442,-7.393461,0,0.009999998,-9.3,0,0.9217113,0,0,0,-1,0.1918,-8,0,0,0,0,0,0,1,0,0,0,1,3,3,1,1,5.853546,0,0.14,-1,0.55
31.5358512330242,14.35759,1,0,0,0,0,0,0,0.12,-8,9.213297E-09,1.229442,-7.393461,0,0.009999998,-9.3,0,0.8716832,0,0,0,-1,0.1918,-8,0,0,0,0,0,0,1,0,0,0,1,3,3,1,1,5.803545,0,0.14,-1,0.55
31.5860956333391,14.39758,1,0,0,0,0,0,0,0.12,-8,9.213297E-09,1.229442,-7.393461,0,0.009999998,-9.3,0,0.8216828,0,0,0,-1,0.1918,-8,0,0,0,0,0,0,1,0,0,0,1,3,3,1,1,5.753142,0,0.14,-1,0.55
31.6364070408791,14.45757,1,0,0,0,0,0,0,0.12,-8,9.213297E-09,1.229442,-7.393461,0,0.009999998,-9.3,0,0.7716827,0,0,0,-1,0.1918,-8,0,0,0,0,0,0,1,0,0,0,1,3,3,1,1,5.702894,0,0.14,-1,0.55
31.6865406909026,14.49757,1,0,0,0,0,0,0,0.12,-8,9.213297E-09,1.229442,-7.393461,0,0.009999998,-9.3,0,0.7216827,0,0,0,-1,0.1918,-8,0,0,0,0,0,0,1,0,0,0,1,3,3,1,1,5.652833,0,0.14,-1,0.55
31.7371140827797,14.55756,1,0,0,0,0,0,0,0.12,-8,9.213297E-09,1.229442,-7.393461,0,0.009999998,-9.3,0,0.6711922,0,0,0,-1,0.1918,-8,0,0,0,0,0,0,1,0,0,0,1,3,3,1,1,5.602506,0,0.14,-1,0.55
31.7871815470979,14.59755,1,0,0,0,0,0,0,0.12,-8,9.213297E-09,1.229442,-7.393461,0,0.009999998,-9.3,0,0.6207789,0,0,0,-1,0.1918,-8,0,0,0,0,0,0,1,0,0,0,1,3,3,1,1,5.552189,0,0.14,-1,0.55
31.837665966209,14.65754,1,0,0,0,0,0,0,0.12,-8,9.213297E-09,1.229442,-7.393461,0,0.009999998,-9.3,0,0.5703167,0,0,0,-1,0.1918,-8,0,0,0,0,0,0,1,0,0,0,1,3,3,1,1,5.501638,0,0.14,-1,0.55
31.8878049117513,14.69753,1,0,0,0,0,0,0,0.12,-8,9.213297E-09,1.229442,-7.393461,0,0.009999998,-9.3,0,0.5198049,0,0,0,-1,0.1918,-8,0,0,0,0,0,0,1,0,0,0,1,3,3,1,1,5.451638,0,0.14,-1,0.55
31.9382968896255,14.75752,1,0,0,0,0,0,0,0.12,-8,9.213297E-09,1.229442,-7.393461,0,0.009999998,-9.3,0,0.4693395,0,0,0,-1,0.1918,-8,0,0,0,0,0,0,1,0,0,0,1,3,3,1,1,5.401329,0,0.14,-1,0.55
31.988363962993,14.79752,1,0,0,0,0,0,0,0.12,-8,9.213297E-09,1.229442,-7.393461,0,0.009999998,-9.3,0,0.4188225,0,0,0,-1,0.1918,-8,0,0,0,0,0,0,1,0,0,0,1,3,3,1,1,5.350817,0,0.14,-1,0.55
32.0388415868394,14.85751,1,0,0,0,0,0,0,0.12,-8,9.213297E-09,1.229442,-7.393461,0,0.009999998,-9.3,0,0.3678273,0,0,0,-1,0.1918,-8,0,0,0,0,0,0,1,0,0,0,1,3,3,1,1,5.299812,0,0.14,-1,0.55
32.1049061715044,14.9175,1,0,0,0,0,0,0,0.12,-8,9.213297E-09,1.229442,-7.393461,0,0.009999998,-9.3,0,0.3003814,0,0,0,-1,0.1918,-8,0,0,0,0,0,0,1,0,0,0,1,3,3,1,1,5.232716,0,0.14,-1,0.55
32.171143605262,14.99748,1,0,0,0,0,0,0,0.12,-8,9.213297E-09,1.229442,-7.393461,0,0.009999998,-9.3,0,0.2335409,0,0,0,-1,0.1918,-8,0,0,0,0,0,0,1,0,0,0,1,3,3,1,1,5.165864,0,0.14,-1,0.55
32.2374772672914,15.05747,1,0,0,0,0,0,0,0.12,-8,9.213297E-09,1.229442,-7.393461,0,0.009999998,-9.3,0,0.1668186,0,0,0,-1,0.1918,-8,0,0,0,0,0,0,1,0,0,0,1,3,3,1,1,5.098805,0,0.14,-1,0.55
32.3034774035029,15.09747,1,0,0,0,0,0,0,0.12,-8,9.213297E-09,1.229442,-7.393461,0,0.009999998,-9.3,0,0.09980756,0,0,0,-1,0.1918,-8,0,0,0,0,0,0,1,0,0,0,1,3,3,1,1,5.032137,0,0.14,-1,0.55
32.3699496693537,15.17745,1,0,0,0,0,0,0,0.12,-8,9.213297E-09,1.229442,-7.393461,0,0.009999998,-9.3,0,0.03244246,0,0,0,-1,0.1918,-8,0,0,0,0,0,0,1,0,0,0,1,3,3,1,1,4.96519,0,0.14,-1,0.55
32.4360701867938,15.23744,1,0,0,0,0,0,0,0.12,-8,9.213297E-09,1.229442,-7.393461,0,0.009999998,-9.3,0,0,0,0,0,-1,0.1918,-8,0,0,0,0,0,0,1,0,0,0,1,3,3,1,1,4.898326,0,0.14,-1,0.55
32.4863933997415,15.29743,1,0,0,0,0,0,0,0.12,-8,9.213297E-09,1.229442,-7.393461,0,0.009999998,-9.3,0,0,0,0,0,-1,0.1918,-8,0,0,0,0,0,0,1,0,0,0,1,3,3,1,1,4.848049,0,0.14,-1,0.55
32.5367113847472,15.33743,1,0,0,0,0,0,0,0.12,-8,9.213297E-09,1.229442,-7.393461,0,0.009999998,-9.3,0,0,0,0,0,-1,0.1918,-8,0,0,0,0,0,0,1,0,0,0,1,3,3,1,1,4.797566,0,0.14,-1,0.55
32.5875709827803,15.39742,1,0,0,0,0,0,0,0.12,-8,9.213297E-09,1.229442,-7.393461,0,0.009999998,-9.3,0,0,0,0,0,-1,0.1918,-8,0,0,0,0,0,0,1,0,0,0,1,3,3,1,1,4.746874,0,0.14,-1,0.55
32.6380957828276,15.43741,1,0,0,0,0,0,0,0.12,-8,9.213297E-09,1.229442,-7.393461,0,0.009999998,-9.3,0,0,0,0,0,-1,0.1918,-8,0,0,0,0,0,0,1,0,0,0,1,3,3,1,1,4.69651,0,0.14,-1,0.55
32.6882628503814,15.4974,1,0,0,0,0,0,0,0.12,-8,9.213297E-09,1.229442,-7.393461,0,0.009999998,-9.3,0,0,0,0,0,-1,0.1918,-8,0,0,0,0,0,0,1,0,0,0,1,3,3,1,1,4.646182,0,0.14,-1,0.55
32.755292653665,15.57738,1,0,0,0,0,0,0,0.12,-8,9.213297E-09,1.229442,-7.393461,0,0.009999998,-9.3,0,0,0,0,0,-1,0.1918,-8,0,0,0,0,0,0,1,0,0,0,1,3,3,1,1,4.579515,0,0.14,-1,0.55
32.8219595555775,15.63737,1,0,0,0,0,0,0,0.12,-8,9.213297E-09,1.229442,-7.393461,0,0.009999998,-9.3,0,0,0,0,0,-1,0.1918,-8,0,0,0,0,0,0,1,0,0,0,1,3,3,1,1,4.512488,0,0.14,-1,0.55
32.8723383277468,15.69736,1,0,0,0,0,0,0,0.12,-8,9.213297E-09,1.229442,-7.393461,0,0.009999998,-9.3,0,0,0,0,0,-1,0.1918,-8,0,0,0,0,0,0,1,0,0,0,1,3,3,1,1,4.461941,0,0.14,-1,0.55
32.9228799587302,15.73736,1,0,0,0,0,0,0,0.12,-8,9.213297E-09,1.229442,-7.393461,0,0.009999998,-9.3,0,0,0,0,0,-1,0.1918,-8,0,0,0,0,0,0,1,0,0,0,1,3,3,1,1,4.411563,0,0.14,-1,0.55
32.989528408926,15.81734,1,0,0,0,0,0,0,0.12,-8,9.213297E-09,1.229442,-7.393461,0,0.009999998,-9.3,0,0,0,0,0,-1,0.1918,-8,0,0,0,0,0,0,1,0,0,0,1,3,3,1,1,4.34486,0,0.14,-1,0.55
33.0560226444155,15.87733,1,0,0,0,0,0,0,0.12,-8,9.213297E-09,1.229442,-7.393461,0,0.009999998,-9.3,0,0,0,0,0,-1,0.1918,-8,0,0,0,0,0,0,1,0,0,0,1,3,3,1,1,4.277413,0,0.14,-1,0.55
33.122230284363,15.93732,1,0,0,0,0,0,0,0.12,-8,9.213297E-09,1.229442,-7.393461,0,0.009999998,-9.3,0,0,0,0,0,-1,0.1918,-8,0,0,0,0,0,0,1,0,0,0,1,3,3,1,1,4.210537,0,0.14,-1,0.55
33.1887705613114,16.01731,1,0,0,0,0,0,0,0.12,-8,9.213297E-09,1.229442,-7.393461,0,0.009999998,-9.3,0,0,0,0,0,-1,0.1918,-8,0,0,0,0,0,0,1,0,0,0,1,3,3,1,1,4.143575,0,0.14,-1,0.55
33.2547709888779,16.0773,1,0,0,0,0,0,0,0.12,-8,9.213297E-09,1.229442,-7.393461,0,0.009999998,-9.3,0,0,0,0,0,-1,0.1918,-8,0,0,0,0,0,0,1,0,0,0,1,3,3,1,1,4.076657,0,0.14,-1,0.55
33.3207713205554,16.13729,1,0,0,0,0,0,0,0.12,-8,9.213297E-09,1.229442,-7.393461,0,0.009999998,-9.3,0,0,0,0,0,-1,0.1918,-8,0,0,0,0,0,0,1,0,0,0,1,3,3,1,1,4.00999,0,0.14,-1,0.55
33.3869569834881,16.21728,1,0,0,0,0,0,0,0.12,-8,9.213297E-09,1.229442,-7.393461,0,0.009999998,-9.3,0,0,0,0,0,-1,0.1918,-8,0,0,0,0,0,0,1,0,0,0,1,3,3,1,1,3.943324,0,0.14,-1,0.55
33.4529647354968,16.27727,1,0,0,0,0,0,0,0.12,-8,9.213297E-09,1.229442,-7.393461,0,0.009999998,-9.3,0,0,0,0,0,-1,0.1918,-8,0,0,0,0,0,0,1,0,0,0,1,3,3,1,1,3.876461,0,0.14,-1,0.55
33.5192094014958,16.33726,1,0,0,0,0,0,0,0.12,-8,9.213297E-09,1.229442,-7.393461,0,0.009999998,-9.3,0,0,0,0,0,-1,0.1918,-8,0,0,0,0,0,0,1,0,0,0,1,3,3,1,1,3.809794,0,0.14,-1,0.55
33.5693972525559,16.39725,1,0,0,0,0,0,0,0.12,-8,9.213297E-09,1.229442,-7.393461,0,0.009999998,-9.3,0,0,0,0,0,-1,0.1918,-8,0,0,0,0,0,0,1,0,0,0,1,3,3,1,1,3.759253,0,0.14,-1,0.55
33.6360651411675,16.45724,1,0,0,0,0,0,0,0.12,-8,9.213297E-09,1.229442,-7.393461,0,0.009999998,-9.3,0,0,0,0,0,-1,0.1918,-8,0,0,0,0,0,0,1,0,0,0,1,3,3,1,1,3.692185,0,0.14,-1,0.55
33.7027319414914,16.53722,1,0,0,0,0,0,0,0.12,-8,9.213297E-09,1.229442,-7.393461,0,0.009999998,-9.3,0,0,0,0,0,-1,0.1918,-8,0,0,0,0,0,0,1,0,0,0,1,3,3,1,1,3.625518,0,0.14,-1,0.55
33.7529347418621,16.57722,1,0,0,0,0,0,0,0.12,-8,9.213297E-09,1.229442,-7.393461,0,0.009999998,-9.3,0,0,0,0,0,-1,0.1918,-8,0,0,0,0,0,0,1,0,0,0,1,3,3,1,1,3.575145,0,0.14,-1,0.55
33.8031019108556,16.63721,1,0,0,0,0,0,0,0.12,-8,9.213297E-09,1.229442,-7.393461,0,0.009999998,-9.3,0,0,0,0,0,-1,0.1918,-8,0,0,0,0,0,0,1,0,0,0,1,3,3,1,1,3.525145,0,0.14,-1,0.55
33.8531220611744,16.6572,1,0,0,0,0,0,0,0.12,-8,9.213297E-09,1.229442,-7.393461,0,0.009999998,-9.3,0,0,0,0,0,-1,0.1918,-8,0,0,0,0,0,0,1,0,0,0,1,3,3,1,1,3.475145,0,0.14,-1,0.55
33.903288829457,16.71719,1,0,0,0,0,0,0,0.12,-8,9.213297E-09,1.229442,-7.393461,0,0.009999998,-9.3,0,0,0,0,0,-1,0.1918,-8,0,0,0,0,0,0,1,0,0,0,1,3,3,1,1,3.424956,0,0.14,-1,0.55
33.953773039896,16.75719,1,0,0,0,0,0,0,0.12,-8,9.213297E-09,1.229442,-7.393461,0,0.009999998,-9.3,0,0,0,0,0,-1,0.1918,-8,0,0,0,0,0,0,1,0,0,0,1,3,3,1,1,3.374956,0,0.14,-1,0.55
34.0043723247573,16.81718,1,0,0,0,0,0,0,0.12,-8,9.213297E-09,1.229442,-7.393461,0,0.009999998,-9.3,0,0,0,0,0,-1,0.1918,-8,0,0,0,0,0,0,1,0,0,0,1,3,3,1,1,3.324543,0,0.14,-1,0.55
34.0548724252172,16.85717,1,0,0,0,0,0,0,0.12,-8,9.213297E-09,1.229442,-7.393461,0,0.009999998,-9.3,0,0,0,0,0,-1,0.1918,-8,0,0,0,0,0,0,1,0,0,0,1,3,3,1,1,3.274543,0,0.14,-1,0.55
34.1057490565442,16.91716,1,0,0,0,0,0,0,0.12,-8,9.213297E-09,1.229442,-7.393461,0,0.009999998,-9.3,0,0,0,0,0,-1,0.1918,-8,0,0,0,0,0,0,1,0,0,0,1,3,3,1,1,3.224543,0,0.14,-1,0.55
34.1562490572967,16.95715,1,0,0,0,0,0,0,0.12,-8,9.213297E-09,1.229442,-7.393461,0,0.009999998,-9.3,0,0,0,0,0,-1,0.1918,-8,0,0,0,0,0,0,1,0,0,0,1,3,3,1,1,3.17417,0,0.14,-1,0.55
34.2072728454508,17.01714,1,0,0,0,0,0,0,0.12,-8,9.213297E-09,1.229442,-7.393461,0,0.009999998,-9.3,0,0,0,0,0,-1,0.1918,-8,0,0,0,0,0,0,1,0,0,0,1,3,3,1,1,3.12417,0,0.14,-1,0.55
34.2581920894608,17.07713,1,0,0,0,0,0,0,0.12,-8,9.213297E-09,1.229442,-7.393461,0,0.009999998,-9.3,0,0,0,0,0,-1,0.1918,-8,0,0,0,0,0,0,1,0,0,0,1,3,3,1,1,3.073237,0,0.14,-1,0.55
34.3086922971532,17.13712,1,0,0,0,0,0,0,0.12,-8,9.213297E-09,1.229442,-7.393461,0,0.009999998,-9.3,0,0,0,0,0,-1,0.1918,-8,0,0,0,0,0,0,1,0,0,0,1,3,3,1,1,3.023237,0,0.14,-1,0.55
34.3594519679435,17.17712,1,0,0,0,0,0,0,0.12,-8,9.213297E-09,1.229442,-7.393461,0,0.009999998,-9.3,0,0,0,0,0,-1,0.1918,-8,0,0,0,0,0,0,1,0,0,0,1,3,3,1,1,2.973237,0,0.14,-1,0.55
34.4102979909815,17.23711,1,0,0,0,0,0,0,0.12,-8,9.213297E-09,1.229442,-7.393461,0,0.009999998,-9.3,0,0,0,0,0,-1,0.1918,-8,0,0,0,0,0,0,1,0,0,0,1,3,3,1,1,2.922637,0,0.14,-1,0.55
34.4612803685851,17.2771,1,0,0,0,0,0,0,0.12,-8,9.213297E-09,1.229442,-7.393461,0,0.009999998,-9.3,0,0,0,0,0,-1,0.1918,-8,0,0,0,0,0,0,1,0,0,0,1,3,3,1,1,2.872241,0,0.14,-1,0.55
34.5125355512649,17.33709,1,0,0,0,0,0,0,0.12,-8,9.213297E-09,1.229442,-7.393461,0,0.009999998,-9.3,0,0,0,0,0,-1,0.1918,-8,0,0,0,0,0,0,1,0,0,0,1,3,3,1,1,2.821818,0,0.14,-1,0.55
34.5632967327163,17.37708,1,0,0,0,0,0,0,0.12,-8,9.213297E-09,1.229442,-7.393461,0,0.009999998,-9.3,0,0,0,0,0,-1,0.1918,-8,0,0,0,0,0,0,1,0,0,0,1,3,3,1,1,2.771154,0,0.14,-1,0.55
34.6139778284356,17.43707,1,0,0,0,0,0,0,0.12,-8,9.213297E-09,1.229442,-7.393461,0,0.009999998,-9.3,0,0,0,0,0,-1,0.1918,-8,0,0,0,0,0,0,1,0,0,0,1,3,3,1,1,2.721153,0,0.14,-1,0.55
34.6651501900144,17.47707,1,0,0,0,0,0,0,0.12,-8,9.213297E-09,1.229442,-7.393461,0,0.009999998,-9.3,0,0,0,0,0,-1,0.1918,-8,0,0,0,0,0,0,1,0,0,0,1,3,3,1,1,2.670309,0,0.14,-1,0.55
34.7159931842051,17.53706,1,0,0,0,0,0,0,0.12,-8,9.213297E-09,1.229442,-7.393461,0,0.009999998,-9.3,0,0,0,0,0,-1,0.1918,-8,0,0,0,0,0,0,1,0,0,0,1,3,3,1,1,2.620306,0,0.14,-1,0.55
34.7664932846651,17.57705,1,0,0,0,0,0,0,0.12,-8,9.213297E-09,1.229442,-7.393461,0,0.009999998,-9.3,0,0,0,0,0,-1,0.1918,-8,0,0,0,0,0,0,1,0,0,0,1,3,3,1,1,2.569969,0,0.14,-1,0.55
34.8169934867136,17.63704,1,0,0,0,0,0,0,0.12,-8,9.213297E-09,1.229442,-7.393461,0,0.009999998,-9.3,0,0,0,0,0,-1,0.1918,-8,0,0,0,0,0,0,1,0,0,0,1,3,3,1,1,2.519969,0,0.14,-1,0.55
34.8674935890548,17.67703,1,0,0,0,0,0,0,0.12,-8,9.213297E-09,1.229442,-7.393461,0,0.009999998,-9.3,0,0,0,0,0,-1,0.1918,-8,0,0,0,0,0,0,1,0,0,0,1,3,3,1,1,2.469969,0,0.14,-1,0.55
34.9179936970398,17.73702,1,0,0,0,0,0,0,0.12,-8,9.213297E-09,1.229442,-7.393461,0,0.009999998,-9.3,0,0,0,0,0,-1,0.1918,-8,0,0,0,0,0,0,1,0,0,0,1,3,3,1,1,2.419969,0,0.14,-1,0.55
34.9681606627628,17.77702,1,0,0,0,0,0,0,0.12,-8,9.213297E-09,1.229442,-7.393461,0,0.009999998,-9.3,0,0,0,0,0,-1,0.1918,-8,0,0,0,0,0,0,1,0,0,0,1,3,3,1,1,2.369968,0,0.14,-1,0.55
35.0343793871067,17.857,1,0,0,0,0,0,0,0.12,-8,9.213297E-09,1.229442,-7.393461,0,0.009999998,-9.3,0,0,0,0,0,-1,0.1918,-8,0,0,0,0,0,0,1,0,0,0,1,3,3,1,1,2.303081,0,0.14,-1,0.55
35.0846957441419,17.897,1,0,0,0,0,0,0,0.12,-8,9.213297E-09,1.229442,-7.393461,0,0.009999998,-9.3,0,0,0,0,0,-1,0.1918,-8,0,0,0,0,0,0,1,0,0,0,1,3,3,1,1,2.252675,0,0.14,-1,0.55
35.134967474062,17.95699,1,0,0,0,0,0,0,0.12,-8,9.213297E-09,1.229442,-7.393461,0,0.009999998,-9.3,0,0,0,0,0,-1,0.1918,-8,0,0,0,0,0,0,1,0,0,0,1,3,3,1,1,2.202219,0,0.14,-1,0.55
35.2017551631667,18.01698,1,0,0,0,0,0,0,0.12,-8,9.213297E-09,1.229442,-7.393461,0,0.009999998,-9.3,0,0,0,0,0,-1,0.1918,-8,0,0,0,0,0,0,1,0,0,0,1,3,3,1,1,2.135154,0,0.14,-1,0.55
35.251803628318,18.07697,1,0,0,0,0,0,0,0.12,-8,9.213297E-09,1.229442,-7.393461,0,0.009999998,-9.3,0,0,0,0,0,-1,0.1918,-8,0,0,0,0,0,0,1,0,0,0,1,3,3,1,1,2.084827,0,0.14,-1,0.55
35.3026062063687,18.11696,1,0,0,0,0,0,0,0.12,-8,9.213297E-09,1.229442,-7.393461,0,0.009999998,-9.3,0,0,0,0,0,-1,0.1918,-8,0,0,0,0,0,0,1,0,0,0,1,3,3,1,1,2.034185,0,0.14,-1,0.55
35.3529877703264,18.17695,1,0,0,0,0,0,0,0.12,-8,9.213297E-09,1.229442,-7.393461,0,0.009999998,-9.3,0,0,0,0,0,-1,0.1918,-8,0,0,0,0,0,0,1,0,0,0,1,3,3,1,1,1.983639,0,0.14,-1,0.55
35.4032263485342,18.21694,1,0,0,0,0,0,0,0.12,-8,9.213297E-09,1.229442,-7.393461,0,0.009999998,-9.3,0,0,0,0,0,-1,0.1918,-8,0,0,0,0,0,0,1,0,0,0,1,3,3,1,1,1.933639,0,0.14,-1,0.55
35.4533858758211,18.27693,1,0,0,0,0,0,0,0.12,-8,9.213297E-09,1.229442,-7.393461,0,0.009999998,-9.3,0,0,0,0,0,-1,0.1918,-8,0,0,0,0,0,0,1,0,0,0,1,3,3,1,1,1.883281,0,0.14,-1,0.55
35.503675357718,18.31693,1,0,0,0,0,0,0,0.12,-8,9.213297E-09,1.229442,-7.393461,0,0.009999998,-9.3,0,0,0,0,0,-1,0.1918,-8,0,0,0,0,0,0,1,0,0,0,1,3,3,1,1,1.833243,0,0.14,-1,0.55
35.5537454296276,18.37691,1,0,0,0,0,0,0,0.12,-8,9.213297E-09,1.229442,-7.393461,0,0.009999998,-9.3,0,0,0,0,0,-1,0.1918,-8,0,0,0,0,0,0,1,0,0,0,1,3,3,1,1,1.782888,0,0.14,-1,0.55
35.6039323989116,18.39691,1,0,0,0,0,0,0,0.12,-8,9.213297E-09,1.229442,-7.393461,0,0.009999998,-9.3,0,0,0,0,0,-1,0.1918,-8,0,0,0,0,0,0,1,0,0,0,1,3,3,1,1,1.732888,0,0.14,-1,0.55
35.6705990976468,18.4769,1,0,0,0,0,0,0,0.12,-8,9.213297E-09,1.229442,-7.393461,0,0.009999998,-9.3,0,0,0,0,0,-1,0.1918,-8,0,0,0,0,0,0,1,0,0,0,1,3,3,1,1,1.666201,0,0.14,-1,0.55
35.7372663945891,18.53689,1,0,0,0,0,0,0,0.12,-8,9.213297E-09,1.229442,-7.393461,0,0.009999998,-9.3,0,0,0,0,0,-1,0.1918,-8,0,0,0,0,0,0,1,0,0,0,1,3,3,1,1,1.599534,0,0.14,-1,0.55
35.7872758669779,18.57688,1,0,0,0,0,0,0,0.12,-8,9.213297E-09,1.229442,-7.393461,0,0.009999998,-9.3,0,0,0,0,0,-1,0.1918,-8,0,0,0,0,0,0,1,0,0,0,1,3,3,1,1,1.54936,0,0.14,-1,0.55
35.8378325033747,18.65687,1,0,0,0,0,0,0,0.12,-8,9.213297E-09,1.229442,-7.393461,0,0.009999998,-9.3,0,0,0,0,0,-1,0.1918,-8,0,0,0,0,0,0,1,0,0,0,1,3,3,1,1,1.498966,0,0.14,-1,0.55
35.9046409000084,18.71686,1,0,0,0,0,0,0,0.12,-8,9.213297E-09,1.229442,-7.393461,0,0.009999998,-9.3,0,0,0,0,0,-1,0.1918,-8,0,0,0,0,0,0,1,0,0,0,1,3,3,1,1,1.432159,0,0.14,-1,0.55
35.9546719003096,18.77685,1,0,0,0,0,0,0,0.12,-8,9.213297E-09,1.229442,-7.393461,0,0.009999998,-9.3,0,0,0,0,0,-1,0.1918,-8,0,0,0,0,0,0,1,0,0,0,1,3,3,1,1,1.382146,0,0.14,-1,0.55
36.0206721342541,18.83684,1,0,0,0,0,0,0,0.12,-8,9.213297E-09,1.229442,-7.393461,0,0.009999998,-9.3,0,0,0,0,0,-1,0.1918,-8,0,0,0,0,0,0,1,0,0,0,1,3,3,1,1,1.315292,0,0.14,-1,0.55
36.0869895560108,18.91682,1,0,0,0,0,0,0,0.12,-8,9.213297E-09,1.229442,-7.393461,0,0.009999998,-9.3,0,0,0,0,0,-1,0.1918,-8,0,0,0,0,0,0,1,0,0,0,1,3,3,1,1,1.248305,0,0.14,-1,0.55
36.1530438399874,18.97681,1,0,0,0,0,0,0,0.12,-8,9.213297E-09,1.229442,-7.393461,0,0.009999998,-9.3,0,0,0,0,0,-1,0.1918,-8,0,0,0,0,0,0,1,0,0,0,1,3,3,1,1,1.181584,0,0.14,-1,0.55
36.2031417047791,19.01681,1,0,0,0,0,0,0,0.12,-8,9.213297E-09,1.229442,-7.393461,0,0.009999998,-9.3,0,0,0,0,0,-1,0.1918,-8,0,0,0,0,0,0,1,0,0,0,1,3,3,1,1,1.131304,0,0.14,-1,0.55
36.2531769946404,19.0768,1,0,0,0,0,0,0,0.12,-8,9.213297E-09,1.229442,-7.393461,0,0.009999998,-9.3,0,0,0,0,0,-1,0.1918,-8,0,0,0,0,0,0,1,0,0,0,1,3,3,1,1,1.080612,0,0.14,-1,0.55
36.3196999507211,19.13679,1,0,0,0,0,0,0,0.12,-8,9.213297E-09,1.229442,-7.393461,0,0.009999998,-9.3,0,0,0,0,0,-1,0.1918,-8,0,0,0,0,0,0,1,0,0,0,1,3,3,1,1,1.01332,0,0.14,-1,0.55
36.3857001809776,19.21677,1,0,0,0,0,0,0,0.12,-8,9.213297E-09,1.229442,-7.393461,0,0.009999998,-9.3,0,0,0,0,0,-1,0.1918,-8,0,0,0,0,0,0,1,0,0,0,1,3,3,1,1,0.9465773,0,0.14,-1,0.55
36.4358601157181,19.25677,1,0,0,0,0,0,0,0.12,-8,9.213297E-09,1.229442,-7.393461,0,0.009999998,-9.3,0,0,0,0,0,-1,0.1918,-8,0,0,0,0,0,0,1,0,0,0,1,3,3,1,1,0.8962475,0,0.14,-1,0.55
36.502526816465,19.31676,1,0,0,0,0,0,0,0.12,-8,9.213297E-09,1.229442,-7.393461,0,0.009999998,-9.3,0,0,0,0,0,-1,0.1918,-8,0,0,0,0,0,0,1,0,0,0,1,3,3,1,1,0.8295806,0,0.14,-1,0.55
36.5691937204823,19.39674,1,0,0,0,0,0,0,0.12,-8,9.213297E-09,1.229442,-7.393461,0,0.009999998,-9.3,0,0,0,0,0,-1,0.1918,-8,0,0,0,0,0,0,1,0,0,0,1,3,3,1,1,0.7629138,0,0.14,-1,0.55
36.6192169375718,19.43674,1,0,0,0,0,0,0,0.12,-8,9.213297E-09,1.229442,-7.393461,0,0.009999998,-9.3,0,0,0,0,0,-1,0.1918,-8,0,0,0,0,0,0,1,0,0,0,1,3,3,1,1,0.7127218,0,0.14,-1,0.55
36.6697119874135,19.49673,1,0,0,0,0,0,0,0.12,-8,9.213297E-09,1.229442,-7.393461,0,0.009999998,-9.3,0,0,0,0,0,-1,0.1918,-8,0,0,0,0,0,0,1,0,0,0,1,3,3,1,1,0.6623902,0,0.14,-1,0.55
36.7363788914308,19.53672,1,0,0,0,0,0,0,0.12,-8,9.213297E-09,1.229442,-7.393461,0,0.009999998,-9.3,0,0,0,0,0,-1,0.1918,-8,0,0,0,0,0,0,1,0,0,0,1,3,3,1,1,0.5957235,0,0.14,-1,0.55
36.8031082157791,19.61671,1,0,0,0,0,0,0,0.12,-8,9.213297E-09,1.229442,-7.393461,0,0.009999998,-9.3,0,0,0,0,0,-1,0.1918,-8,0,0,0,0,0,0,1,0,0,0,1,3,3,1,1,0.5289941,0,0.14,-1,0.55
36.8699876022525,19.6767,1,0,0,0,0,0,0,0.12,-8,9.213297E-09,1.229442,-7.393461,0,0.009999998,-9.3,0,0,0,0,0,-1,0.1918,-8,0,0,0,0,0,0,1,0,0,0,1,3,3,1,1,0.4622101,0,0.14,-1,0.55
36.9202146572992,19.71669,1,0,0,0,0,0,0,0.12,-8,9.213297E-09,1.229442,-7.393461,0,0.009999998,-9.3,0,0,0,0,0,-1,0.1918,-8,0,0,0,0,0,0,1,0,0,0,1,3,3,1,1,0.4117408,0,0.14,-1,0.55
36.9703208347782,19.77668,1,0,0,0,0,0,0,0.12,-8,9.213297E-09,1.229442,-7.393461,0,0.009999998,-9.3,0,0,0,0,0,-1,0.1918,-8,0,0,0,0,0,0,1,0,0,0,1,3,3,1,1,0.3615392,0,0.14,-1,0.55
37.0363211664557,19.83667,1,0,0,0,0,0,0,0.12,-8,9.213297E-09,1.229442,-7.393461,0,0.009999998,-9.3,0,0,0,0,0,-1,0.1918,-8,0,0,0,0,0,0,1,0,0,0,1,3,3,1,1,0.2947742,0,0.14,-1,0.55
37.1026091927104,19.91666,1,0,0,0,0,0,0,0.12,-8,9.213297E-09,1.229442,-7.393461,0,0.009999998,-9.3,0,0,0,0,0,-1,0.1918,-8,0,0,0,0,0,0,1,0,0,0,1,3,3,1,1,0.2279546,0,0.14,-1,0.55
37.1686095225439,19.97665,1,0,0,0,0,0,0,0.12,-8,9.213297E-09,1.229442,-7.393461,0,0.009999998,-9.3,0,0,0,0,0,-1,0.1918,-8,0,0,0,0,0,0,1,0,0,0,1,3,3,1,1,0.1611495,0,0.14,-1,0.55
37.2188516227901,19.99664,1,0,0,0,0,0,0,0.12,-8,9.213297E-09,1.229442,-7.393461,0,0.009999998,-9.3,0,0,0,0,0,-1,0.1918,-8,0,0,0,0,0,0,1,0,0,0,1,3,3,1,1,0.110708,0,0.14,-1,0.55
37.2848523527756,20.07663,1,0,0,0,0,0,0,0.12,-8,9.213297E-09,1.229442,-7.393461,0,0.009999998,-9.3,0,0,0,0,0,-1,0.1918,-8,0,0,0,0,0,0,1,0,0,0,1,3,3,1,1,0.04373273,0,0.14,-1,0.55
37.3514107473567,20.17661,1,0,0,0,0,0,0,0.12,-8,9.213297E-09,1.229442,-7.393461,0,0.009999998,-9.3,0,0,0,0,0,-1,0.1918,-8,0,0,0,0,0,0,1,0,0,0,1,3,3,1,0,0,0,0.14,-1,0.55
37.4180780340917,20.2366,1,0,0,0,0,0,0,0.12,-8,9.213297E-09,1.229442,-7.393461,0,0.009999998,-9.3,0,0,0,0,0,-1,0.1918,-8,0,0,0,0,0,0,1,0,0,0,1,3,3,1,0,0,0,0.14,-1,0.55
37.4847454340197,20.31659,1,0,0,0,0,0,0,0.12,-8,9.213297E-09,1.229442,-7.393461,0,0.009999998,-9.3,0,0,0,0,0,-1,0.1918,-8,0,0,0,0,0,0,1,0,0,0,1,3,3,1,0,0,0,0.14,-1,0.55
37.5349223528802,20.35658,1,0,0,0,0,0,0,0.12,-8,9.213297E-09,1.229442,-7.393461,0,0.009999998,-9.3,0,0,0,0,0,-1,0.1918,-8,0,0,0,0,0,0,1,0,0,0,1,3,3,1,0,0,0,0.14,-1,0.55
37.5856347842701,20.41657,1,0,0,0,0,0,0,0.12,-8,9.213297E-09,1.229442,-7.393461,0,0.009999998,-9.3,0,0,0,0,0,-1,0.1918,-8,0,0,0,0,0,0,1,0,0,0,1,3,3,1,0,0,0,0.14,-1,0.55
37.6358604580164,20.45657,1,0,0,0,0,0,0,0.12,-8,9.213297E-09,1.229442,-7.393461,0,0.009999998,-9.3,0,0,0,0,0,-1,0.1918,-8,0,0,0,0,0,0,1,0,0,0,1,3,3,1,0,0,0,0.14,-1,0.55
37.6862193247303,20.51656,1,0,0,0,0,0,0,0.12,-8,9.213297E-09,1.229442,-7.393461,0,0.009999998,-9.3,0,0,0,0,0,-1,0.1918,-8,0,0,0,0,0,0,1,0,0,0,1,3,3,1,0,0,0,0.14,-1,0.55
37.7364157909155,20.55655,1,0,0,0,0,0,0,0.12,-8,9.213297E-09,1.229442,-7.393461,0,0.009999998,-9.3,0,0,0,0,0,-1,0.1918,-8,0,0,0,0,0,0,1,0,0,0,1,3,3,1,0,0,0,0.14,-1,0.55
37.7872615117393,20.61654,1,0,0,0,0,0,0,0.12,-8,9.213297E-09,1.229442,-7.393461,0,0.009999998,-9.3,0,0,0,0,0,-1,0.1918,-8,0,0,0,0,0,0,1,0,0,0,1,3,3,1,0,0,0,0.14,-1,0.55
37.8377437609434,20.65653,1,0,0,0,0,0,0,0.12,-8,9.213297E-09,1.229442,-7.393461,0,0.009999998,-9.3,0,0,0,0,0,-1,0.1918,-8,0,0,0,0,0,0,1,0,0,0,1,3,3,1,0,0,0,0.14,-1,0.55
37.8879106250778,20.71652,1,0,0,0,0,0,0,0.12,-8,9.213297E-09,1.229442,-7.393461,0,0.009999998,-9.3,0,0,0,0,0,-1,0.1918,-8,0,0,0,0,0,0,1,0,0,0,1,3,3,1,0,0,0,0.14,-1,0.55
37.9545875162631,20.77651,1,0,0,0,0,0,0,0.12,-8,9.213297E-09,1.229442,-7.393461,0,0.009999998,-9.3,0,0,0,0,0,-1,0.1918,-8,0,0,0,0,0,0,1,0,0,0,1,3,3,1,0,0,0,0.14,-1,0.55
38.0210870053619,20.8565,1,0,0,0,0,0,0,0.12,-8,9.213297E-09,1.229442,-7.393461,0,0.009999998,-9.3,0,0,0,0,0,-1,0.1918,-8,0,0,0,0,0,0,1,0,0,0,1,3,3,1,0,0,0,0.14,-1,0.55
38.0873792857677,20.91649,1,0,0,0,0,0,0,0.12,-8,9.213297E-09,1.229442,-7.393461,0,0.009999998,-9.3,0,0,0,0,0,-1,0.1918,-8,0,0,0,0,0,0,1,0,0,0,1,3,3,1,0,0,0,0.14,-1,0.55
38.1376196102239,20.97648,1,0,0,0,0,0,0,0.12,-8,9.213297E-09,1.229442,-7.393461,0,0.009999998,-9.3,0,0,0,0,0,-1,0.1918,-8,0,0,0,0,0,0,1,0,0,0,1,3,3,1,0,0,0,0.14,-1,0.55
38.2038290241174,21.03647,1,0,0,0,0,0,0,0.12,-8,9.213297E-09,1.229442,-7.393461,0,0.009999998,-9.3,0,0,0,0,0,-1,0.1918,-8,0,0,0,0,0,0,1,0,0,0,1,3,3,1,0,0,0,0.14,-1,0.55
38.2699809267558,21.07646,1,0,0,0,0,0,0,0.12,-8,9.213297E-09,1.229442,-7.393461,0,0.009999998,-9.3,0,0,0,0,0,-1,0.1918,-8,0,0,0,0,0,0,1,0,0,0,1,3,3,1,0,0,0,0.14,-1,0.55
38.3359810611233,21.15645,1,0,0,0,0,0,0,0.12,-8,9.213297E-09,1.229442,-7.393461,0,0.009999998,-9.3,0,0,0,0,0,-1,0.1918,-8,0,0,0,0,0,0,1,0,0,0,1,3,3,1,0,0,0,0.14,-1,0.55
38.4021331536956,21.21644,1,0,0,0,0,0,0,0.12,-8,9.213297E-09,1.229442,-7.393461,0,0.009999998,-9.3,0,0,0,0,0,-1,0.1918,-8,0,0,0,0,0,0,1,0,0,0,1,3,3,1,0,0,0,0.14,-1,0.55
38.4691155273281,21.27643,1,0,0,0,0,0,0,0.12,-8,9.213297E-09,1.229442,-7.393461,0,0.009999998,-9.3,0,0,0,0,0,-1,0.1918,-8,0,0,0,0,0,0,1,0,0,0,1,3,3,1,0,0,0,0.14,-1,0.55
38.5194542105496,21.33642,1,0,0,0,0,0,0,0.12,-8,9.213297E-09,1.229442,-7.393461,0,0.009999998,-9.3,0,0,0,0,0,-1,0.1918,-8,0,0,0,0,0,0,1,0,0,0,1,3,3,1,0,0,0,0.14,-1,0.55
38.5696213776618,21.37641,1,0,0,0,0,0,0,0.12,-8,9.213297E-09,1.229442,-7.393461,0,0.009999998,-9.3,0,0,0,0,0,-1,0.1918,-8,0,0,0,0,0,0,1,0,0,0,1,3,3,1,0,0,0,0.14,-1,0.55
38.6200382278487,21.4364,1,0,0,0,0,0,0,0.12,-8,9.213297E-09,1.229442,-7.393461,0,0.009999998,-9.3,0,0,0,0,0,-1,0.1918,-8,0,0,0,0,0,0,1,0,0,0,1,3,3,1,0,0,0,0.14,-1,0.55
38.6705013041012,21.47639,1,0,0,0,0,0,0,0.12,-8,9.213297E-09,1.229442,-7.393461,0,0.009999998,-9.3,0,0,0,0,0,-1,0.1918,-8,0,0,0,0,0,0,1,0,0,0,1,3,3,1,0,0,0,0.14,-1,0.55
38.7371682081372,21.55638,1,0,0,0,0,0,0,0.12,-8,9.213297E-09,1.229442,-7.393461,0,0.009999998,-9.3,0,0,0,0,0,-1,0.1918,-8,0,0,0,0,0,0,1,0,0,0,1,3,3,1,0,0,0,0.14,-1,0.55
38.8038643079437,21.61637,1,0,0,0,0,0,0,0.12,-8,9.213297E-09,1.229442,-7.393461,0,0.009999998,-9.3,0,0,0,0,0,-1,0.1918,-8,0,0,0,0,0,0,1,0,0,0,1,3,3,1,0,0,0,0.14,-1,0.55
38.8541327326745,21.65636,1,0,0,0,0,0,0,0.12,-8,9.213297E-09,1.229442,-7.393461,0,0.009999998,-9.3,0,0,0,0,0,-1,0.1918,-8,0,0,0,0,0,0,1,0,0,0,1,3,3,1,0,0,0,0.14,-1,0.55
38.9042995030619,21.73635,1,0,0,0,0,0,0,0.12,-8,9.213297E-09,1.229442,-7.393461,0,0.009999998,-9.3,0,0,0,0,0,-1,0.1918,-8,0,0,0,0,0,0,1,0,0,0,1,3,3,1,0,0,0,0.14,-1,0.55
38.9546286760271,21.77634,1,0,0,0,0,0,0,0.12,-8,9.213297E-09,1.229442,-7.393461,0,0.009999998,-9.3,0,0,0,0,0,-1,0.1918,-8,0,0,0,0,0,0,1,0,0,0,1,3,3,1,0,0,0,0.14,-1,0.55
39.0053992544301,21.83633,1,0,0,0,0,0,0,0.12,-8,9.213297E-09,1.229442,-7.393461,0,0.009999998,-9.3,0,0,0,0,0,-1,0.1918,-8,0,0,0,0,0,0,1,0,0,0,1,3,3,1,0,0,0,0.14,-1,0.55
39.0563021464273,21.89632,1,0,0,0,0,0,0,0.12,-8,9.213297E-09,1.229442,-7.393461,0,0.009999998,-9.3,0,0,0,0,0,-1,0.1918,-8,0,0,0,0,0,0,1,0,0,0,1,3,3,1,0,0,0,0.14,-1,0.55
39.1070676736161,21.93632,1,0,0,0,0,0,0,0.12,-8,9.213297E-09,1.229442,-7.393461,0,0.009999998,-9.3,0,0,0,0,0,-1,0.1918,-8,0,0,0,0,0,0,1,0,0,0,1,3,3,1,0,0,0,0.14,-1,0.55
39.1581242824346,21.99631,1,0,0,0,0,0,0,0.12,-8,9.213297E-09,1.229442,-7.393461,0,0.009999998,-9.3,0,0,0,0,0,-1,0.1918,-8,0,0,0,0,0,0,1,0,0,0,1,3,3,1,0,0,0,0.14,-1,0.55
39.2089752645046,22.0363,1,0,0,0,0,0,0,0.12,-8,9.213297E-09,1.229442,-7.393461,0,0.009999998,-9.3,0,0,0,0,0,-1,0.1918,-8,0,0,0,0,0,0,1,0,0,0,1,3,3,1,0,0,0,0.14,-1,0.55
39.2594753668457,22.09629,1,0,0,0,0,0,0,0.12,-8,9.213297E-09,1.229442,-7.393461,0,0.009999998,-9.3,0,0,0,0,0,-1,0.1918,-8,0,0,0,0,0,0,1,0,0,0,1,3,3,1,0,0,0,0.14,-1,0.55
39.3099810208194,22.13628,1,0,0,0,0,0,0,0.12,-8,9.213297E-09,1.229442,-7.393461,0,0.009999998,-9.3,0,0,0,0,0,-1,0.1918,-8,0,0,0,0,0,0,1,0,0,0,1,3,3,1,0,0,0,0.14,-1,0.55
39.3604808221571,22.19627,1,0,0,0,0,0,0,0.12,-8,9.213297E-09,1.229442,-7.393461,0,0.009999998,-9.3,0,0,0,0,0,-1,0.1918,-8,0,0,0,0,0,0,1,0,0,0,1,3,3,1,0,0,0,0.14,-1,0.55
39.410980922617,22.23627,1,0,0,0,0,0,0,0.12,-8,9.213297E-09,1.229442,-7.393461,0,0.009999998,-9.3,0,0,0,0,0,-1,0.1918,-8,0,0,0,0,0,0,1,0,0,0,1,3,3,1,0,0,0,0.14,-1,0.55
39.4614810230769,22.29626,1,0,0,0,0,0,0,0.12,-8,9.213297E-09,1.229442,-7.393461,0,0.009999998,-9.3,0,0,0,0,0,-1,0.1918,-8,0,0,0,0,0,0,1,0,0,0,1,3,3,1,0,0,0,0.14,-1,0.55
39.512754785195,22.33625,1,0,0,0,0,0,0,0.12,-8,9.213297E-09,1.229442,-7.393461,0,0.009999998,-9.3,0,0,0,0,0,-1,0.1918,-8,0,0,0,0,0,0,1,0,0,0,1,3,3,1,0,0,0,0.14,-1,0.55
39.5639313833974,22.39624,1,0,0,0,0,0,0,0.12,-8,9.213297E-09,1.229442,-7.393461,0,0.009999998,-9.3,0,0,0,0,0,-1,0.1918,-8,0,0,0,0,0,0,1,0,0,0,1,3,3,1,0,0,0,0.14,-1,0.55
39.614431585446,22.43623,1,0,0,0,0,0,0,0.12,-8,9.213297E-09,1.229442,-7.393461,0,0.009999998,-9.3,0,0,0,0,0,-1,0.1918,-8,0,0,0,0,0,0,1,0,0,0,1,3,3,1,0,0,0,0.14,-1,0.55
39.6655507202074,22.49622,1,0,0,0,0,0,0,0.12,-8,9.213297E-09,1.229442,-7.393461,0,0.009999998,-9.3,0,0,0,0,0,-1,0.1918,-8,0,0,0,0,0,0,1,0,0,0,1,3,3,1,0,0,0,0.14,-1,0.55
39.716299684681,22.53622,1,0,0,0,0,0,0,0.12,-8,9.213297E-09,1.229442,-7.393461,0,0.009999998,-9.3,0,0,0,0,0,-1,0.1918,-8,0,0,0,0,0,0,1,0,0,0,1,3,3,1,0,0,0,0.14,-1,0.55
39.7667998848483,22.59621,1,0,0,0,0,0,0,0.12,-8,9.213297E-09,1.229442,-7.393461,0,0.009999998,-9.3,0,0,0,0,0,-1,0.1918,-8,0,0,0,0,0,0,1,0,0,0,1,3,3,1,0,0,0,0.14,-1,0.55
39.8173000925407,22.6362,1,0,0,0,0,0,0,0.12,-8,9.213297E-09,1.229442,-7.393461,0,0.009999998,-9.3,0,0,0,0,0,-1,0.1918,-8,0,0,0,0,0,0,1,0,0,0,1,3,3,1,0,0,0,0.14,-1,0.55
39.8679791621305,22.69619,1,0,0,0,0,0,0,0.12,-8,9.213297E-09,1.229442,-7.393461,0,0.009999998,-9.3,0,0,0,0,0,-1,0.1918,-8,0,0,0,0,0,0,1,0,0,0,1,3,3,1,0,0,0,0.14,-1,0.55
39.9189006335661,22.73618,1,0,0,0,0,0,0,0.12,-8,9.213297E-09,1.229442,-7.393461,0,0.009999998,-9.3,0,0,0,0,0,-1,0.1918,-8,0,0,0,0,0,0,1,0,0,0,1,3,3,1,0,0,0,0.14,-1,0.55
39.9694608146697,22.79617,1,0,0,0,0,0,0,0.12,-8,9.213297E-09,1.229442,-7.393461,0,0.009999998,-9.3,0,0,0,0,0,-1,0.1918,-8,0,0,0,0,0,0,1,0,0,0,1,3,3,1,0,0,0,0.14,-1,0.55
40.0357796249725,22.83617,1,0,0,0,0,0,0,0.12,-8,9.213297E-09,1.229442,-7.393461,0,0.009999998,-9.3,0,0,0,0,0,-1,0.1918,-8,0,0,0,0,0,0,1,0,0,0,1,3,3,1,0,0,0,0.14,-1,0.55
40.1020478501543,22.89616,1,0,0,0,0,0,0,0.12,-8,9.213297E-09,1.229442,-7.393461,0,0.009999998,-9.3,0,0,0,0,0,-1,0.1918,-8,0,0,0,0,0,0,1,0,0,0,1,3,3,1,0,0,0,0.14,-1,0.55
40.1680488751829,22.97614,1,0,0,0,0,0,0,0.12,-8,9.213297E-09,1.229442,-7.393461,0,0.009999998,-9.3,0,0,0,0,0,-1,0.1918,-8,0,0,0,0,0,0,1,0,0,0,1,3,3,1,0,0,0,0.14,-1,0.55
40.2341158294119,23.03613,1,0,0,0,0,0,0,0.12,-8,9.213297E-09,1.229442,-7.393461,0,0.009999998,-9.3,0,0,0,0,0,-1,0.1918,-8,0,0,0,0,0,0,1,0,0,0,1,3,3,1,0,0,0,0.14,-1,0.55
40.284282704927,23.09612,1,0,0,0,0,0,0,0.12,-8,9.213297E-09,1.229442,-7.393461,0,0.009999998,-9.3,0,0,0,0,0,-1,0.1918,-8,0,0,0,0,0,0,1,0,0,0,1,3,3,1,0,0,0,0.14,-1,0.55
40.3510536092334,23.15611,1,0,0,0,0,0,0,0.12,-8,9.213297E-09,1.229442,-7.393461,0,0.009999998,-9.3,0,0,0,0,0,-1,0.1918,-8,0,0,0,0,0,0,1,0,0,0,1,3,3,1,0,0,0,0.14,-1,0.55
40.4177207128145,23.2361,1,0,0,0,0,0,0,0.12,-8,9.213297E-09,1.229442,-7.393461,0,0.009999998,-9.3,0,0,0,0,0,-1,0.1918,-8,0,0,0,0,0,0,1,0,0,0,1,3,3,1,0,0,0,0.14,-1,0.55
40.4679008990899,23.29609,1,0,0,0,0,0,0,0.12,-8,9.213297E-09,1.229442,-7.393461,0,0.009999998,-9.3,0,0,0,0,0,-1,0.1918,-8,0,0,0,0,0,0,1,0,0,0,1,3,3,1,0,0,0,0.14,-1,0.55
40.5191580068693,23.33608,1,0,0,0,0,0,0,0.12,-8,9.213297E-09,1.229442,-7.393461,0,0.009999998,-9.3,0,0,0,0,0,-1,0.1918,-8,0,0,0,0,0,0,1,0,0,0,1,3,3,1,0,0,0,0.14,-1,0.55
40.5859260922112,23.41607,1,0,0,0,0,0,0,0.12,-8,9.213297E-09,1.229442,-7.393461,0,0.009999998,-9.3,0,0,0,0,0,-1,0.1918,-8,0,0,0,0,0,0,1,0,0,0,1,3,3,1,0,0,0,0.14,-1,0.55
40.6526400166005,23.47606,1,0,0,0,0,0,0,0.12,-8,9.213297E-09,1.229442,-7.393461,0,0.009999998,-9.3,0,0,0,0,0,-1,0.1918,-8,0,0,0,0,0,0,1,0,0,0,1,3,3,1,0,0,0,0.14,-1,0.55
40.7194253820553,23.53605,1,0,0,0,0,0,0,0.12,-8,9.213297E-09,1.229442,-7.393461,0,0.009999998,-9.3,0,0,0,0,0,-1,0.1918,-8,0,0,0,0,0,0,1,0,0,0,1,3,3,1,0,0,0,0.14,-1,0.55
40.7697329320759,23.59604,1,0,0,0,0,0,0,0.12,-8,9.213297E-09,1.229442,-7.393461,0,0.009999998,-9.3,0,0,0,0,0,-1,0.1918,-8,0,0,0,0,0,0,1,0,0,0,1,3,3,1,0,0,0,0.14,-1,0.55
40.8209191963449,23.63603,1,0,0,0,0,0,0,0.12,-8,9.213297E-09,1.229442,-7.393461,0,0.009999998,-9.3,0,0,0,0,0,-1,0.1918,-8,0,0,0,0,0,0,1,0,0,0,1,3,3,1,0,0,0,0.14,-1,0.55
40.8711278370209,23.69602,1,0,0,0,0,0,0,0.12,-8,9.213297E-09,1.229442,-7.393461,0,0.009999998,-9.3,0,0,0,0,0,-1,0.1918,-8,0,0,0,0,0,0,1,0,0,0,1,3,3,1,0,0,0,0.14,-1,0.55
40.9212946970761,23.73602,1,0,0,0,0,0,0,0.12,-8,9.213297E-09,1.229442,-7.393461,0,0.009999998,-9.3,0,0,0,0,0,-1,0.1918,-8,0,0,0,0,0,0,1,0,0,0,1,3,3,1,0,0,0,0.14,-1,0.55
40.9877506342903,23.816,1,0,0,0,0,0,0,0.12,-8,9.213297E-09,1.229442,-7.393461,0,0.009999998,-9.3,0,0,0,0,0,-1,0.1918,-8,0,0,0,0,0,0,1,0,0,0,1,3,3,1,0,0,0,0.14,-1,0.55
41.0537507686578,23.87599,1,0,0,0,0,0,0,0.12,-8,9.213297E-09,1.229442,-7.393461,0,0.009999998,-9.3,0,0,0,0,0,-1,0.1918,-8,0,0,0,0,0,0,1,0,0,0,1,3,3,1,0,0,0,0.14,-1,0.55
41.1200516643189,23.93598,1,0,0,0,0,0,0,0.12,-8,9.213297E-09,1.229442,-7.393461,0,0.009999998,-9.3,0,0,0,0,0,-1,0.1918,-8,0,0,0,0,0,0,1,0,0,0,1,3,3,1,0,0,0,0.14,-1,0.55
41.1864148269594,24.01597,1,0,0,0,0,0,0,0.12,-8,9.213297E-09,1.229442,-7.393461,0,0.009999998,-9.3,0,0,0,0,0,-1,0.1918,-8,0,0,0,0,0,0,1,0,0,0,1,3,3,1,0,0,0,0.14,-1,0.55
