frame,real_seconds,game_seconds,speed,held,leg_angle,action
0,0.1189,0.0092,0.0000,True,0.000,holding-right
1,0.1595,0.1283,0.0000,True,0.000,holding-right
2,0.2066,0.1780,0.0000,True,0.000,holding-right
3,0.2597,0.2288,0.0000,True,0.000,holding-right
4,0.3090,0.2804,0.0000,True,0.000,holding-right
5,0.3618,0.3311,0.0000,True,0.000,holding-right
6,0.4127,0.3799,0.0000,True,0.000,holding-right
7,0.4589,0.4308,0.0000,True,0.000,holding-right
8,0.5137,0.4809,0.0000,True,0.000,holding-right
9,0.5581,0.5320,0.0000,True,0.000,holding-right
10,0.6102,0.5828,0.0000,True,0.000,holding-right
11,0.6591,0.6330,0.0000,True,0.000,holding-right
12,0.7123,0.6835,0.0000,True,0.000,holding-right
13,0.7640,0.7336,2.4035,True,336.750,holding-right
14,0.8111,0.7842,2.4035,True,344.395,holding-right
15,0.8629,0.8356,2.4035,True,355.897,holding-right
16,0.9121,0.8855,2.4035,True,359.942,holding-right
17,0.9622,0.9361,2.4035,True,15.254,holding-right
18,1.0122,0.9869,2.4035,True,42.104,holding-right
19,1.0543,1.0366,2.4035,True,58.848,holding-right
20,1.1048,1.0871,2.4035,True,53.734,holding-right
21,1.1562,1.1383,2.4035,True,37.557,holding-right
22,1.2047,1.1879,2.4035,True,17.512,holding-right
23,1.2554,1.2383,2.4035,True,359.032,holding-right
24,1.3076,1.2889,2.4035,True,340.424,holding-right
25,1.3559,1.3390,2.4035,True,320.483,holding-right
26,1.4068,1.3889,2.4035,True,304.908,holding-right
27,1.4570,1.4400,2.4035,True,301.564,holding-right
28,1.5067,1.4901,2.4035,True,314.393,holding-right
29,1.5577,1.5400,2.4035,True,335.989,holding-right
30,1.6083,1.5908,2.4035,True,354.199,holding-right
31,1.6590,1.6411,2.4035,True,358.217,holding-right
32,1.7071,1.6914,2.4035,True,6.910,holding-right
33,1.7623,1.7432,2.4035,True,30.805,holding-right
34,1.8108,1.7932,2.4035,True,53.974,holding-right
35,1.8612,1.8435,2.4035,True,57.199,holding-right
36,1.9100,1.8938,2.4035,True,45.269,holding-right
37,1.9603,1.9439,2.4035,True,26.135,holding-right
38,2.0105,1.9943,2.4035,True,6.457,holding-right
39,2.0603,2.0449,3.6053,True,349.721,holding-right
40,2.1101,2.0954,3.6053,True,323.071,holding-right
41,2.1607,2.1453,3.6053,True,292.208,holding-right
42,2.2092,2.1951,3.6053,True,274.038,holding-right
43,2.2599,2.2463,3.6053,True,279.733,holding-right
44,2.3113,2.2967,3.6053,True,305.576,holding-right
45,2.3613,2.3464,3.6053,True,330.841,holding-right
46,2.4104,2.3967,3.6053,True,353.602,holding-right
47,2.4610,2.4476,3.6053,True,10.171,holding-right
48,2.5099,2.4976,3.6053,True,36.852,holding-right
49,2.5599,2.5478,3.6053,True,67.906,holding-right
50,2.6118,2.5987,3.6053,True,86.494,holding-right
51,2.6620,2.6493,3.6053,True,80.314,holding-right
52,2.7127,2.6999,3.6053,True,54.474,holding-right
53,2.7641,2.7502,3.6053,True,21.469,holding-right
54,2.8130,2.8005,3.6053,True,351.251,holding-right
55,2.8689,2.8507,3.6053,True,318.338,holding-right
56,2.9204,2.9017,3.6053,True,287.680,holding-right
57,2.9694,2.9519,3.6053,True,272.039,holding-right
58,3.0218,3.0032,3.6053,True,281.885,holding-right
59,3.0709,3.0532,3.6053,True,310.550,holding-right
60,3.1222,3.1037,3.6053,True,334.641,holding-right
61,3.1730,3.1543,3.6053,True,357.516,holding-right
62,3.2233,3.2052,3.6053,True,12.729,holding-right
63,3.2746,3.2559,3.6053,True,42.578,holding-right
64,3.3251,3.3064,3.6053,True,73.625,holding-right
65,3.3756,3.3568,3.6053,True,89.086,holding-right
66,3.4260,3.4066,3.6053,True,78.114,holding-right
67,3.4750,3.4567,3.6053,True,49.603,holding-right
68,3.5262,3.5079,3.6053,True,15.841,holding-right
69,3.5778,3.5578,2.4035,True,348.479,holding-right
70,3.6260,3.6081,2.4035,True,323.901,holding-right
71,3.6787,3.6588,2.4035,True,307.420,holding-right
72,3.7277,3.7092,2.4035,True,300.161,holding-right
73,3.7788,3.7600,2.4035,True,311.183,holding-right
74,3.8299,3.8113,2.4035,True,332.423,holding-right
75,3.8802,3.8617,2.4035,True,353.053,holding-right
76,3.9312,3.9128,2.4035,True,357.685,holding-right
77,3.9818,3.9638,2.4035,True,5.245,holding-right
78,4.0315,4.0138,2.4035,True,27.353,holding-right
79,4.0843,4.0652,2.4035,True,52.296,holding-right
80,4.1337,4.1154,2.4035,True,57.935,holding-right
81,4.1895,4.1656,2.4035,True,47.095,holding-right
82,4.2475,4.2211,2.4035,True,28.018,holding-right
83,4.2886,4.2690,2.4035,True,8.273,holding-right
84,4.3391,4.3199,2.4035,True,349.801,holding-right
85,4.3891,4.3702,2.4035,True,329.817,holding-right
86,4.4408,4.4204,2.4035,True,311.738,holding-right
87,4.4943,4.4718,2.4035,True,301.555,holding-right
88,4.5428,4.5215,2.4035,True,305.822,holding-right
89,4.5935,4.5733,2.4035,True,325.705,holding-right
90,4.6473,4.6250,2.4035,True,347.451,holding-right
91,4.6974,4.6773,2.4035,True,356.665,holding-right
92,4.7477,4.7286,2.4035,True,2.437,holding-right
93,4.7993,4.7790,2.4035,True,20.919,holding-right
94,4.8490,4.8295,2.4035,True,47.631,holding-right
95,4.9010,4.8809,2.4035,True,59.237,holding-right
96,4.9497,4.9308,2.4035,True,50.539,holding-right
97,4.9999,4.9815,2.4035,True,32.921,holding-right
98,5.0509,5.0329,2.4035,False,0.000,holding-right-shoot
99,5.1030,5.0837,2.4035,False,0.000,holding-right-shoot
100,5.1507,5.1334,2.4035,False,0.000,holding-right-shoot
101,5.2009,5.1837,2.4035,False,0.000,holding-right-shoot
102,5.2538,5.2350,0.0000,False,0.000,idle
103,5.3044,5.2856,0.0000,False,0.000,idle
104,5.3667,5.3196,0.0000,False,0.000,idle
105,5.4202,5.3712,0.0000,False,0.000,idle
106,5.4710,5.4214,0.0000,False,0.000,idle
107,5.5212,5.4723,0.0000,False,0.000,idle
108,5.5747,5.5250,0.0000,False,0.000,idle
109,5.6242,5.5754,0.0000,False,0.000,idle
110,5.6740,5.6250,0.0000,False,0.000,idle
111,5.7260,5.6765,0.0000,False,0.000,idle
112,5.7748,5.7264,0.0000,False,0.000,idle
113,5.8267,5.7775,0.0000,False,0.000,idle
114,5.8771,5.8278,0.0000,False,0.000,idle
115,5.9281,5.8783,0.0000,False,0.000,idle
116,5.9789,5.9291,0.0000,False,0.000,idle
117,6.0329,5.9814,2.4035,False,0.000,attack-melee-left
118,6.0882,6.0338,2.4035,False,1.768,attack-melee-left
119,6.1329,6.0836,2.4035,False,8.884,attack-melee-left
120,6.1816,6.1336,2.4035,False,14.958,attack-melee-left
121,6.2347,6.1855,2.4035,False,352.829,attack-melee-left
122,6.2861,6.2360,2.4035,False,330.098,attack-melee-left
123,6.3369,6.2868,2.4035,False,338.881,attack-melee-left
124,6.3866,6.3377,2.4035,False,351.315,attack-melee-left
125,6.4376,6.3882,2.4035,False,359.133,attack-melee-left
126,6.4863,6.4387,2.4035,False,0.983,walk
127,6.5426,6.4893,2.4035,False,16.803,walk
128,6.5878,6.5404,2.4035,False,52.502,walk
129,6.6417,6.5920,2.4035,False,57.731,walk
130,6.6903,6.6419,2.4035,False,46.640,walk
131,6.7410,6.6920,2.4035,False,28.065,walk
132,6.7917,6.7437,2.4035,False,8.011,walk
133,6.8432,6.7945,2.4035,False,349.584,walk
134,6.8941,6.8454,2.4035,False,329.539,walk
135,6.9442,6.8958,2.4035,False,311.445,walk
136,7.0006,6.9466,2.4035,False,301.474,walk
137,7.0458,6.9978,2.4035,False,306.100,walk
138,7.1006,7.0480,2.4035,False,326.030,walk
139,7.1487,7.1001,2.4035,False,347.771,walk
140,7.1983,7.1499,2.4035,False,356.550,walk
141,7.2508,7.2009,2.4035,False,1.969,walk
142,7.3014,7.2522,2.4035,False,20.162,walk
143,7.3563,7.3036,2.4035,False,47.330,walk
144,7.4035,7.3541,2.4035,False,59.362,walk
145,7.4551,7.4047,2.4035,False,50.627,walk
146,7.5044,7.4546,2.4035,False,33.494,walk
147,7.5560,7.5055,2.4035,False,13.401,walk
148,7.6059,7.5555,2.4035,False,355.387,walk
149,7.6621,7.6061,2.4035,False,335.866,walk
150,7.7072,7.6579,2.4035,False,315.782,walk
151,7.7584,7.7087,2.4035,False,303.091,walk
152,7.8108,7.7605,2.4035,False,303.828,walk
153,7.8611,7.8110,2.4035,False,319.894,walk
154,7.9126,7.8620,2.4035,False,342.333,walk
155,7.9628,7.9130,2.4035,False,355.467,walk
156,8.0135,7.9632,2.4035,False,359.478,walk
157,8.0630,8.0134,2.4035,False,12.066,walk
158,8.1150,8.0642,2.4035,False,39.141,walk
159,8.1661,8.1152,2.4035,False,57.745,walk
160,8.2211,8.1662,2.4035,False,55.011,walk
161,8.2663,8.2167,2.4035,False,39.198,walk
162,8.3160,8.2668,2.4035,False,19.209,walk
163,8.3687,8.3186,2.4035,False,0.191,walk
164,8.4180,8.3682,2.4035,False,341.659,walk
165,8.4692,8.4190,2.4035,False,321.662,walk
166,8.5201,8.4700,2.4035,False,305.538,walk
167,8.5697,8.5204,2.4035,False,301.225,walk
168,8.6218,8.5713,2.4035,False,313.575,walk
169,8.6717,8.6218,2.4035,False,335.458,walk
170,8.7230,8.6718,2.4035,False,354.066,walk
171,8.7740,8.7242,2.4035,False,358.169,walk
172,8.8238,8.7739,2.4035,False,6.816,walk
173,8.8750,8.8245,2.4035,False,30.514,walk
174,8.9259,8.8754,2.4035,False,53.734,walk
175,8.9773,8.9260,2.4035,False,57.235,walk
