time,elapsed,host,local,possessed,devouring,x,y,z,bodyX,bodyZ,fieldX,fieldZ,fieldCount,s2active,ultactive,s2charges,ultcharge,modelX,modelZ,sourceCharges,sourceX,sourceZ,stunLeft,mashPresses,tripPresses,petYaw
27.1559,0.0000,0,1,0,0,1.1902,1.2000,-7.6406,0.0000,-8.0000,NaN,NaN,0,0,0,0,0.0000,0.0000,-8.0000,0,1.1621,-1.5433,0.0000,0,0,168.6901
27.2061,0.0502,0,1,0,0,1.2021,1.2218,-7.6584,0.0000,-8.0000,NaN,NaN,0,0,0,0,0.0000,0.0000,-8.0000,0,1.2109,-1.5091,0.0000,0,0,168.6772
27.2578,0.1019,0,1,0,0,1.2126,1.2368,-7.6821,0.0000,-8.0000,NaN,NaN,0,0,0,0,0.0000,0.0000,-8.0000,0,1.2187,-1.5036,0.0000,0,0,168.6823
27.3092,0.1533,0,1,0,0,1.2199,1.2490,-7.6974,0.0000,-8.0000,NaN,NaN,0,0,0,0,0.0000,0.0000,-8.0000,0,1.1307,-1.5653,0.0000,0,0,168.6861
27.3607,0.2047,0,1,0,0,1.2237,1.2587,-7.7025,0.0000,-8.0000,NaN,NaN,0,0,0,0,0.0000,0.0000,-8.0000,0,1.1645,-1.5416,0.0000,0,0,168.6882
27.4115,0.2556,0,1,0,0,1.2251,1.2668,-7.7004,0.0000,-8.0000,NaN,NaN,0,0,0,0,0.0000,0.0000,-8.0000,0,1.2027,-1.5148,0.0000,0,0,168.6893
27.4615,0.3056,0,1,0,1,1.1682,0.1000,-1.5390,0.0000,-8.0000,1.1682,-1.5390,1,0,1,0,0.0000,0.0000,-8.0000,0,1.1593,-1.5453,0.0000,0,0,190.2486
27.5137,0.3578,0,1,0,1,1.1682,0.1000,-1.5390,0.0000,-8.0000,1.1682,-1.5390,1,0,1,0,0.0000,0.0000,-8.0000,0,1.1925,-1.5220,0.0000,0,0,190.2486
27.5643,0.4084,0,1,0,1,1.1682,0.1000,-1.5390,0.0000,-8.0000,1.1682,-1.5390,1,0,1,0,0.0000,0.0000,-8.0000,0,1.1768,-1.5330,0.0000,0,0,190.2486
27.6151,0.4592,0,1,0,1,1.1682,0.1000,-1.5390,0.0000,-8.0000,1.1682,-1.5390,1,0,1,0,0.0000,0.0000,-8.0000,0,1.1016,-1.5857,0.0000,0,0,190.2486
27.6661,0.5101,0,1,0,1,1.1682,0.1000,-1.5390,0.0000,-8.0000,1.1682,-1.5390,1,0,1,0,0.0000,0.0000,-8.0000,0,1.1494,-1.5522,0.0000,0,0,190.2486
27.7168,0.5609,0,1,0,1,1.1682,0.1000,-1.5390,0.0000,-8.0000,1.1682,-1.5390,1,0,1,0,0.0000,0.0000,-8.0000,0,1.2534,-1.4793,0.0000,0,0,190.2486
27.7678,0.6119,0,1,0,1,1.1682,0.1000,-1.5390,0.0000,-8.0000,1.1682,-1.5390,1,0,1,0,0.0000,0.0000,-8.0000,0,1.2772,-1.4626,0.0000,0,0,190.2486
27.8188,0.6628,0,1,0,1,1.1682,0.1000,-1.5390,0.0000,-8.0000,1.1682,-1.5390,1,0,1,0,0.0000,0.0000,-8.0000,0,1.1345,-1.5626,0.0000,0,0,190.2486
27.8690,0.7131,0,1,0,1,1.1682,0.1000,-1.5390,0.0000,-8.0000,1.1682,-1.5390,1,0,1,0,0.0000,0.0000,-8.0000,0,1.0194,-1.6434,0.0000,0,0,190.2486
27.9207,0.7648,0,1,0,1,1.1682,0.1000,-1.5390,0.0000,-8.0000,1.1682,-1.5390,1,0,1,0,0.0000,0.0000,-8.0000,0,1.1176,-1.5745,0.0000,0,0,190.2486
27.9716,0.8157,0,1,0,1,1.1682,0.1000,-1.5390,0.0000,-8.0000,1.1682,-1.5390,1,0,1,0,0.0000,0.0000,-8.0000,0,1.2035,-1.5142,0.0000,0,0,190.2486
28.0227,0.8668,0,1,0,1,1.1682,0.1000,-1.5390,0.0000,-8.0000,1.1682,-1.5390,1,0,1,0,0.0000,0.0000,-8.0000,0,1.1307,-1.5653,0.0000,0,0,190.2486
28.0731,0.9172,0,1,0,1,1.1682,0.1000,-1.5390,0.0000,-8.0000,1.1682,-1.5390,1,0,1,0,0.0000,0.0000,-8.0000,0,1.0907,-1.5934,0.0000,0,0,190.2486
28.1249,0.9690,0,1,0,1,1.1682,0.1000,-1.5390,0.0000,-8.0000,1.1682,-1.5390,1,0,1,0,0.0000,0.0000,-8.0000,0,1.1799,-1.5308,0.0000,0,0,190.2486
28.1751,1.0192,0,1,0,1,1.1682,0.1000,-1.5390,0.0000,-8.0000,1.1682,-1.5390,1,0,1,0,0.0000,0.0000,-8.0000,0,1.2613,-1.4737,0.0000,0,0,190.2486
28.2263,1.0704,0,1,0,1,1.1682,0.1000,-1.5390,0.0000,-8.0000,1.1682,-1.5390,1,0,1,0,0.0000,0.0000,-8.0000,0,1.1824,-1.5291,0.0000,0,0,190.2486
28.2771,1.1212,0,1,0,1,1.1682,0.1000,-1.5390,0.0000,-8.0000,1.1682,-1.5390,1,0,1,0,0.0000,0.0000,-8.0000,0,1.1298,-1.5659,0.0000,0,0,190.2486
28.3285,1.1726,0,1,0,1,1.1682,0.1000,-1.5390,0.0000,-8.0000,1.1682,-1.5390,1,0,1,0,0.0000,0.0000,-8.0000,0,1.1615,-1.5437,0.0000,0,0,190.2486
28.3792,1.2233,0,1,0,1,1.1682,0.1000,-1.5390,0.0000,-8.0000,1.1682,-1.5390,1,0,1,0,0.0000,0.0000,-8.0000,0,1.1642,-1.5418,0.0000,0,0,190.2486
28.4293,1.2734,0,1,0,1,1.1682,0.1000,-1.5390,0.0000,-8.0000,1.1682,-1.5390,1,0,1,0,0.0000,0.0000,-8.0000,0,1.1570,-1.5469,0.0000,0,0,190.2486
28.4797,1.3238,0,1,0,1,1.1682,0.1000,-1.5390,0.0000,-8.0000,1.1682,-1.5390,1,0,1,0,0.0000,0.0000,-8.0000,0,1.1709,-1.5371,0.0000,0,0,190.2486
28.5300,1.3740,0,1,0,1,1.1682,0.1000,-1.5390,0.0000,-8.0000,1.1682,-1.5390,1,0,1,0,0.0000,0.0000,-8.0000,0,1.1694,-1.5382,0.0000,0,0,190.2486
28.5803,1.4244,0,1,0,1,1.1682,0.1000,-1.5390,0.0000,-8.0000,1.1682,-1.5390,1,0,1,0,0.0000,0.0000,-8.0000,0,1.1645,-1.5416,0.0000,0,0,190.2486
28.6322,1.4763,0,1,0,1,1.1682,0.1000,-1.5390,0.0000,-8.0000,1.1682,-1.5390,1,0,1,0,0.0000,0.0000,-8.0000,0,1.1718,-1.5365,0.0000,0,0,190.2486
28.6837,1.5278,0,1,0,1,1.1682,0.1000,-1.5390,0.0000,-8.0000,1.1682,-1.5390,1,0,1,0,0.0000,0.0000,-8.0000,0,1.1785,-1.5318,0.0000,0,0,190.2486
28.7356,1.5797,0,1,0,1,1.1682,0.1000,-1.5390,0.0000,-8.0000,1.1682,-1.5390,1,0,1,0,0.0000,0.0000,-8.0000,0,1.1760,-1.5336,0.0000,0,0,190.2486
28.7865,1.6306,0,1,0,1,1.1682,0.1000,-1.5390,0.0000,-8.0000,1.1682,-1.5390,1,0,1,0,0.0000,0.0000,-8.0000,0,1.1741,-1.5349,0.0000,0,0,190.2486
28.8388,1.6828,0,1,0,1,1.1682,0.1000,-1.5390,0.0000,-8.0000,1.1682,-1.5390,1,0,1,0,0.0000,0.0000,-8.0000,0,1.1706,-1.5373,0.0000,0,0,190.2486
28.8888,1.7328,0,1,0,1,1.1682,0.1000,-1.5390,0.0000,-8.0000,1.1682,-1.5390,1,0,1,0,0.0000,0.0000,-8.0000,0,1.1679,-1.5392,0.0000,0,0,190.2486
28.9405,1.7846,0,1,0,1,1.1682,0.1000,-1.5390,0.0000,-8.0000,1.1682,-1.5390,1,0,1,0,0.0000,0.0000,-8.0000,0,1.1691,-1.5384,0.0000,0,0,190.2486
28.9915,1.8356,0,1,0,1,1.1682,0.1000,-1.5390,0.0000,-8.0000,1.1682,-1.5390,1,0,1,0,0.0000,0.0000,-8.0000,0,1.1688,-1.5386,0.0000,0,0,190.2486
29.0431,1.8872,0,1,0,1,1.1682,0.1000,-1.5390,0.0000,-8.0000,1.1682,-1.5390,1,0,1,0,0.0000,0.0000,-8.0000,0,1.1870,-1.5258,0.0000,0,0,190.2486
29.0951,1.9392,0,1,0,1,1.1682,0.1000,-1.5390,0.0000,-8.0000,1.1682,-1.5390,1,0,1,0,0.0000,0.0000,-8.0000,0,1.1751,-1.5342,0.0000,0,0,190.2486
29.1460,1.9901,0,1,0,1,1.1682,0.1000,-1.5390,0.0000,-8.0000,1.1682,-1.5390,1,0,1,0,0.0000,0.0000,-8.0000,0,1.1658,-1.5407,0.0000,0,0,190.2486
29.1969,2.0410,0,1,0,1,1.1682,0.1000,-1.5390,0.0000,-8.0000,1.1682,-1.5390,1,0,1,0,0.0000,0.0000,-8.0000,0,1.1730,-1.5357,0.0000,0,0,190.2486
29.2481,2.0922,0,1,0,1,1.1682,0.1000,-1.5390,0.0000,-8.0000,1.1682,-1.5390,1,0,1,0,0.0000,0.0000,-8.0000,0,1.1628,-1.5428,0.0000,0,0,190.2486
29.2982,2.1423,0,1,0,1,1.1682,0.1000,-1.5390,0.0000,-8.0000,1.1682,-1.5390,1,0,1,0,0.0000,0.0000,-8.0000,0,1.1850,-1.5272,0.0000,0,0,190.2486
29.3493,2.1934,0,1,0,1,1.1682,0.1000,-1.5390,0.0000,-8.0000,1.1682,-1.5390,1,0,1,0,0.0000,0.0000,-8.0000,0,1.1459,-1.5547,0.0000,0,0,190.2486
29.4002,2.2443,0,1,0,1,1.1682,0.1000,-1.5390,0.0000,-8.0000,1.1682,-1.5390,1,0,1,0,0.0000,0.0000,-8.0000,0,1.1534,-1.5494,0.0000,0,0,190.2486
29.4509,2.2950,0,1,0,1,1.1682,0.1000,-1.5390,0.0000,-8.0000,1.1682,-1.5390,1,0,1,0,0.0000,0.0000,-8.0000,0,1.2065,-1.5122,0.0000,0,0,190.2486
29.5023,2.3464,0,1,0,1,1.1682,0.1000,-1.5390,0.0000,-8.0000,1.1682,-1.5390,1,0,1,0,0.0000,0.0000,-8.0000,0,1.1846,-1.5275,0.0000,0,0,190.2486
29.5534,2.3974,0,1,0,1,1.1682,0.1000,-1.5390,0.0000,-8.0000,1.1682,-1.5390,1,0,1,0,0.0000,0.0000,-8.0000,0,1.1597,-1.5450,0.0000,0,0,190.2486
29.6046,2.4486,0,1,0,1,1.1682,0.1000,-1.5390,0.0000,-8.0000,1.1682,-1.5390,1,0,1,0,0.0000,0.0000,-8.0000,0,1.1528,-1.5498,0.0000,0,0,190.2486
29.6549,2.4990,0,1,0,1,1.1682,0.1000,-1.5390,0.0000,-8.0000,1.1682,-1.5390,1,0,1,0,0.0000,0.0000,-8.0000,0,1.1626,-1.5429,0.0000,0,0,190.2486
29.7054,2.5495,0,1,0,1,1.1682,0.1000,-1.5390,0.0000,-8.0000,1.1682,-1.5390,1,0,1,0,0.0000,0.0000,-8.0000,0,1.1607,-1.5442,0.0000,0,0,190.2486
29.7563,2.6004,0,1,0,1,1.1682,0.1000,-1.5390,0.0000,-8.0000,1.1682,-1.5390,1,0,1,0,0.0000,0.0000,-8.0000,0,1.1591,-1.5454,0.0000,0,0,190.2486
29.8074,2.6515,0,1,0,1,1.1682,0.1000,-1.5390,0.0000,-8.0000,1.1682,-1.5390,1,0,1,0,0.0000,0.0000,-8.0000,0,1.1722,-1.5362,0.0000,0,0,190.2486
29.8590,2.7031,0,1,0,1,1.1682,0.1000,-1.5390,0.0000,-8.0000,1.1682,-1.5390,1,0,1,0,0.0000,0.0000,-8.0000,0,1.1746,-1.5345,0.0000,0,0,190.2486
29.9090,2.7531,0,1,0,1,1.1682,0.1000,-1.5390,0.0000,-8.0000,1.1682,-1.5390,1,0,1,0,0.0000,0.0000,-8.0000,0,1.1829,-1.5287,0.0000,0,0,190.2486
29.9603,2.8043,0,1,0,1,1.1682,0.1000,-1.5390,0.0000,-8.0000,1.1682,-1.5390,1,0,1,0,0.0000,0.0000,-8.0000,0,1.1613,-1.5438,0.0000,0,0,190.2486
30.0124,2.8565,0,1,0,1,1.1682,0.1000,-1.5390,0.0000,-8.0000,1.1682,-1.5390,1,0,1,0,0.0000,0.0000,-8.0000,0,1.1606,-1.5444,0.0000,0,0,190.2486
30.0638,2.9079,0,1,0,1,1.1682,0.1000,-1.5390,0.0000,-8.0000,1.1682,-1.5390,1,0,1,0,0.0000,0.0000,-8.0000,0,1.1608,-1.5442,0.0000,0,0,190.2486
30.1143,2.9583,0,1,0,1,1.1682,0.1000,-1.5390,0.0000,-8.0000,1.1682,-1.5390,1,0,1,0,0.0000,0.0000,-8.0000,0,1.1655,-1.5409,0.0000,0,0,190.2486
30.1648,3.0089,0,1,0,1,1.1682,0.1000,-1.5390,0.0000,-8.0000,1.1682,-1.5390,1,0,1,0,0.0000,0.0000,-8.0000,0,1.1617,-1.5436,0.0000,0,0,190.2486
30.2162,3.0603,0,1,0,1,1.1682,0.1000,-1.5390,0.0000,-8.0000,1.1682,-1.5390,1,0,1,0,0.0000,0.0000,-8.0000,0,1.1529,-1.5497,0.0000,0,0,190.2486
30.2674,3.1114,0,1,0,1,1.1682,0.1000,-1.5390,0.0000,-8.0000,1.1682,-1.5390,1,0,1,0,0.0000,0.0000,-8.0000,0,1.1636,-1.5422,0.0000,0,0,190.2486
30.3189,3.1630,0,1,0,0,1.1704,0.3903,-2.1523,0.0000,-8.0000,NaN,NaN,0,0,0,0,0.0000,0.0000,-8.0000,0,1.1662,-1.5404,0.0000,0,0,190.2486
30.3700,3.2141,0,1,0,0,1.1741,0.8866,-3.1830,0.0000,-8.0000,NaN,NaN,0,0,0,0,0.0000,0.0000,-8.0000,0,1.1672,-1.5397,0.0000,0,0,190.2486
30.4204,3.2644,0,1,0,0,1.1775,1.3433,-4.1218,0.0000,-8.0000,NaN,NaN,0,0,0,0,0.0000,0.0000,-8.0000,0,1.1674,-1.5396,0.0000,0,0,190.2486
30.4710,3.3151,0,1,0,0,1.1806,1.7654,-4.9905,0.0000,-8.0000,NaN,NaN,0,0,0,0,0.0000,0.0000,-8.0000,0,1.1674,-1.5396,0.0000,0,0,190.2486
30.5221,3.3662,0,1,0,0,1.1834,2.1314,-5.7548,0.0000,-8.0000,NaN,NaN,0,0,0,0,0.0000,0.0000,-8.0000,0,1.1674,-1.5396,0.0000,0,0,190.2486
30.5729,3.4170,0,1,0,0,1.1858,2.4348,-6.4101,0.0000,-8.0000,NaN,NaN,0,0,0,0,0.0000,0.0000,-8.0000,0,1.1674,-1.5396,0.0000,0,0,190.2486
30.6244,3.4684,0,1,0,0,1.1877,2.6632,-6.9379,0.0000,-8.0000,NaN,NaN,0,0,0,0,0.0000,0.0000,-8.0000,0,1.1674,-1.5396,0.0000,0,0,190.2486
30.6760,3.5200,0,1,0,0,1.1892,2.8159,-7.3465,0.0000,-8.0000,NaN,NaN,0,0,0,0,0.0000,0.0000,-8.0000,0,1.1674,-1.5396,0.0000,0,0,190.2486
30.7267,3.5707,0,1,0,0,1.1902,2.8847,-7.6214,0.0000,-8.0000,NaN,NaN,0,0,0,0,0.0000,0.0000,-8.0000,0,1.1674,-1.5396,0.0000,0,0,190.2486
30.7777,3.6218,0,1,0,0,1.1907,2.8743,-7.7798,0.0000,-8.0000,NaN,NaN,0,0,0,0,0.0000,0.0000,-8.0000,0,1.1674,-1.5396,0.0000,0,0,190.2486
30.8290,3.6731,0,1,0,0,1.1909,2.7871,-7.8343,0.0000,-8.0000,NaN,NaN,0,0,0,0,0.0000,0.0000,-8.0000,0,1.1674,-1.5396,0.0000,0,0,190.2486
30.8792,3.7233,0,1,0,0,1.1908,2.6364,-7.8025,0.0000,-8.0000,NaN,NaN,0,0,0,0,0.0000,0.0000,-8.0000,0,1.1674,-1.5396,0.0000,0,0,190.2486
30.9304,3.7744,0,1,0,0,1.1905,2.4221,-7.7027,0.0000,-8.0000,NaN,NaN,0,0,0,0,0.0000,0.0000,-8.0000,0,1.1674,-1.5396,0.0000,0,0,190.2486
30.9820,3.8261,0,1,0,0,1.1901,2.1624,-7.6017,0.0000,-8.0000,NaN,NaN,0,0,0,0,0.0000,0.0000,-8.0000,0,1.1674,-1.5396,0.0000,0,0,190.2486
31.0326,3.8767,0,1,0,0,1.1902,1.9020,-7.6286,0.0000,-8.0000,NaN,NaN,0,0,0,0,0.0000,0.0000,-8.0000,0,1.1674,-1.5396,0.0000,0,0,190.2486
31.0829,3.9270,0,1,0,0,1.1902,1.6183,-7.6389,0.0000,-8.0000,NaN,NaN,0,0,0,0,0.0000,0.0000,-8.0000,0,1.1674,-1.5396,0.0000,0,0,190.2486
31.1342,3.9782,0,1,0,0,1.1902,1.3125,-7.6406,0.0000,-8.0000,NaN,NaN,0,0,0,0,0.0000,0.0000,-8.0000,0,1.1674,-1.5396,0.0000,0,0,190.2486
31.1849,4.0290,0,1,0,0,1.1918,1.2883,-7.6383,0.0000,-8.0000,NaN,NaN,0,0,0,0,0.0000,0.0000,-8.0000,0,1.1674,-1.5396,0.0000,0,0,180.0490
31.2357,4.0798,0,1,0,0,1.1952,1.2784,-7.6393,0.0000,-8.0000,NaN,NaN,0,0,0,0,0.0000,0.0000,-8.0000,0,1.1674,-1.5396,0.0000,0,0,174.2946
31.2864,4.1305,0,1,0,0,1.1985,1.2681,-7.6399,0.0000,-8.0000,NaN,NaN,0,0,0,0,0.0000,0.0000,-8.0000,0,1.1674,-1.5396,0.0000,0,0,171.4353
31.3385,4.1826,0,1,0,0,1.2011,1.2599,-7.6397,0.0000,-8.0000,NaN,NaN,0,0,0,0,0.0000,0.0000,-8.0000,0,1.1674,-1.5396,0.0000,0,0,170.0231
31.3895,4.2336,0,1,0,0,1.2031,1.2541,-7.6388,0.0000,-8.0000,NaN,NaN,0,0,0,0,0.0000,0.0000,-8.0000,0,1.1674,-1.5396,0.0000,0,0,169.3410
31.4408,4.2849,0,1,0,0,1.2048,1.2503,-7.6379,0.0000,-8.0000,NaN,NaN,0,0,0,0,0.0000,0.0000,-8.0000,0,1.1674,-1.5396,0.0000,0,0,169.0062
31.4913,4.3354,0,1,0,0,1.2062,1.2482,-7.6371,0.0000,-8.0000,NaN,NaN,0,0,0,0,0.0000,0.0000,-8.0000,0,1.1674,-1.5396,0.0000,0,0,168.8445
31.5416,4.3856,0,1,0,0,1.2075,1.2475,-7.6365,0.0000,-8.0000,NaN,NaN,0,0,0,0,0.0000,0.0000,-8.0000,0,1.1674,-1.5396,0.0000,0,0,168.7661
31.5931,4.4372,0,1,0,0,1.2087,1.2479,-7.6362,0.0000,-8.0000,NaN,NaN,0,0,0,0,0.0000,0.0000,-8.0000,0,1.1674,-1.5396,0.0000,0,0,168.7263
31.6432,4.4873,0,1,0,0,1.2098,1.2492,-7.6362,0.0000,-8.0000,NaN,NaN,0,0,0,0,0.0000,0.0000,-8.0000,0,1.1674,-1.5396,0.0000,0,0,168.7074
31.6935,4.5376,0,1,0,0,1.2109,1.2516,-7.6364,0.0000,-8.0000,NaN,NaN,0,0,0,0,0.0000,0.0000,-8.0000,0,1.1674,-1.5396,0.0000,0,0,168.6978
31.7440,4.5881,0,1,0,0,1.2119,1.2546,-7.6368,0.0000,-8.0000,NaN,NaN,0,0,0,0,0.0000,0.0000,-8.0000,0,1.1674,-1.5396,0.0000,0,0,168.6932
31.7945,4.6386,0,1,0,0,1.2127,1.2585,-7.6373,0.0000,-8.0000,NaN,NaN,0,0,0,0,0.0000,0.0000,-8.0000,0,1.1674,-1.5396,0.0000,0,0,168.6910
31.8446,4.6887,0,1,0,0,1.2135,1.2630,-7.6380,0.0000,-8.0000,NaN,NaN,0,0,0,0,0.0000,0.0000,-8.0000,0,1.1674,-1.5396,0.0000,0,0,168.6900
31.8963,4.7404,0,1,0,0,1.2142,1.2681,-7.6387,0.0000,-8.0000,NaN,NaN,0,0,0,0,0.0000,0.0000,-8.0000,0,1.1674,-1.5396,0.0000,0,0,168.6896
31.9465,4.7906,0,1,0,0,1.2148,1.2735,-7.6395,0.0000,-8.0000,NaN,NaN,0,0,0,0,0.0000,0.0000,-8.0000,0,1.1674,-1.5396,0.0000,0,0,168.6895
31.9977,4.8418,0,1,0,0,1.2152,1.2795,-7.6403,0.0000,-8.0000,NaN,NaN,0,0,0,0,0.0000,0.0000,-8.0000,0,1.1674,-1.5396,0.0000,0,0,168.6895
32.0487,4.8928,0,1,0,0,1.2156,1.2857,-7.6412,0.0000,-8.0000,NaN,NaN,0,0,0,0,0.0000,0.0000,-8.0000,0,1.1674,-1.5396,0.0000,0,0,168.6896
32.1002,4.9443,0,1,0,0,1.2158,1.2919,-7.6421,0.0000,-8.0000,NaN,NaN,0,0,0,0,0.0000,0.0000,-8.0000,0,1.1674,-1.5396,0.0000,0,0,168.6897
32.1517,4.9958,0,1,0,0,1.2159,1.2982,-7.6430,0.0000,-8.0000,NaN,NaN,0,0,0,0,0.0000,0.0000,-8.0000,0,1.1674,-1.5396,0.0000,0,0,168.6898
32.2033,5.0474,0,1,0,0,1.2158,1.3042,-7.6440,0.0000,-8.0000,NaN,NaN,0,0,0,0,0.0000,0.0000,-8.0000,0,1.1674,-1.5396,0.0000,0,0,168.6899
32.2545,5.0986,0,1,0,0,1.2156,1.3100,-7.6449,0.0000,-8.0000,NaN,NaN,0,0,0,0,0.0000,0.0000,-8.0000,0,1.1674,-1.5396,0.0000,0,0,168.6900
32.3065,5.1506,0,1,0,0,1.2153,1.3153,-7.6459,0.0000,-8.0000,NaN,NaN,0,0,0,0,0.0000,0.0000,-8.0000,0,1.1674,-1.5396,0.0000,0,0,168.6900
32.3567,5.2008,0,1,0,0,1.2149,1.3200,-7.6468,0.0000,-8.0000,NaN,NaN,0,0,0,0,0.0000,0.0000,-8.0000,0,1.1674,-1.5396,0.0000,0,0,168.6901
32.4073,5.2514,0,1,0,0,1.2144,1.3241,-7.6477,0.0000,-8.0000,NaN,NaN,0,0,0,0,0.0000,0.0000,-8.0000,0,1.1674,-1.5396,0.0000,0,0,168.6900
32.4588,5.3029,0,1,0,0,1.2137,1.3276,-7.6487,0.0000,-8.0000,NaN,NaN,0,0,0,0,0.0000,0.0000,-8.0000,0,1.1674,-1.5396,0.0000,0,0,168.6900
32.5096,5.3537,0,1,0,0,1.2130,1.3302,-7.6496,0.0000,-8.0000,NaN,NaN,0,0,0,0,0.0000,0.0000,-8.0000,0,1.1674,-1.5396,0.0000,0,0,168.6900
32.5609,5.4049,0,1,0,0,1.2121,1.3321,-7.6505,0.0000,-8.0000,NaN,NaN,0,0,0,0,0.0000,0.0000,-8.0000,0,1.1674,-1.5396,0.0000,0,0,168.6899
32.6115,5.4556,0,1,0,0,1.2111,1.3331,-7.6514,0.0000,-8.0000,NaN,NaN,0,0,0,0,0.0000,0.0000,-8.0000,0,1.1674,-1.5396,0.0000,0,0,168.6898
32.6617,5.5058,0,1,0,0,1.2100,1.3333,-7.6523,0.0000,-8.0000,NaN,NaN,0,0,0,0,0.0000,0.0000,-8.0000,0,1.1674,-1.5396,0.0000,0,0,168.6896
32.7134,5.5575,0,1,0,0,1.2088,1.3325,-7.6531,0.0000,-8.0000,NaN,NaN,0,0,0,0,0.0000,0.0000,-8.0000,0,1.1674,-1.5396,0.0000,0,0,168.6895
32.7640,5.6080,0,1,0,0,1.2076,1.3309,-7.6540,0.0000,-8.0000,NaN,NaN,0,0,0,0,0.0000,0.0000,-8.0000,0,1.1674,-1.5396,0.0000,0,0,168.6893
32.8153,5.6594,0,1,0,0,1.2062,1.3285,-7.6548,0.0000,-8.0000,NaN,NaN,0,0,0,0,0.0000,0.0000,-8.0000,0,1.1674,-1.5396,0.0000,0,0,168.6892
32.8663,5.7104,0,1,0,0,1.2048,1.3252,-7.6556,0.0000,-8.0000,NaN,NaN,0,0,0,0,0.0000,0.0000,-8.0000,0,1.1674,-1.5396,0.0000,0,0,168.6890
32.9177,5.7617,0,1,0,0,1.2033,1.3213,-7.6563,0.0000,-8.0000,NaN,NaN,0,0,0,0,0.0000,0.0000,-8.0000,0,1.1674,-1.5396,0.0000,0,0,168.6889
32.9685,5.8126,0,1,0,0,1.2018,1.3168,-7.6570,0.0000,-8.0000,NaN,NaN,0,0,0,0,0.0000,0.0000,-8.0000,0,1.1674,-1.5396,0.0000,0,0,168.6888
33.0186,5.8627,0,1,0,0,1.2003,1.3118,-7.6577,0.0000,-8.0000,NaN,NaN,0,0,0,0,0.0000,0.0000,-8.0000,0,1.1674,-1.5396,0.0000,0,0,168.6887
33.0700,5.9141,0,1,0,0,1.1986,1.3062,-7.6584,0.0000,-8.0000,NaN,NaN,0,0,0,0,0.0000,0.0000,-8.0000,0,1.1674,-1.5396,0.0000,0,0,168.6886
33.1221,5.9662,0,1,0,0,1.1970,1.3003,-7.6590,0.0000,-8.0000,NaN,NaN,0,0,0,0,0.0000,0.0000,-8.0000,0,1.1674,-1.5396,0.0000,0,0,168.6885
33.1734,6.0175,0,1,0,0,1.1953,1.2942,-7.6595,0.0000,-8.0000,NaN,NaN,0,0,0,0,0.0000,0.0000,-8.0000,0,1.1674,-1.5396,0.0000,0,0,168.6884
33.2244,6.0685,0,1,0,0,1.1936,1.2881,-7.6600,0.0000,-8.0000,NaN,NaN,0,0,0,0,0.0000,0.0000,-8.0000,0,1.1674,-1.5396,0.0000,0,0,168.6884
33.2752,6.1193,0,1,0,0,1.1919,1.2819,-7.6605,0.0000,-8.0000,NaN,NaN,0,0,0,0,0.0000,0.0000,-8.0000,0,1.1674,-1.5396,0.0000,0,0,168.6885
33.3255,6.1696,0,1,0,0,1.1902,1.2761,-7.6609,0.0000,-8.0000,NaN,NaN,0,0,0,0,0.0000,0.0000,-8.0000,0,1.1674,-1.5396,0.0000,0,0,168.6885
33.3768,6.2209,0,1,0,0,1.1885,1.2704,-7.6612,0.0000,-8.0000,NaN,NaN,0,0,0,0,0.0000,0.0000,-8.0000,0,1.1674,-1.5396,0.0000,0,0,168.6886
33.4274,6.2714,0,1,0,0,1.1868,1.2651,-7.6615,0.0000,-8.0000,NaN,NaN,0,0,0,0,0.0000,0.0000,-8.0000,0,1.1674,-1.5396,0.0000,0,0,168.6887
33.4788,6.3229,0,1,0,0,1.1852,1.2603,-7.6618,0.0000,-8.0000,NaN,NaN,0,0,0,0,0.0000,0.0000,-8.0000,0,1.1674,-1.5396,0.0000,0,0,168.6888
33.5305,6.3746,0,1,0,0,1.1836,1.2560,-7.6620,0.0000,-8.0000,NaN,NaN,0,0,0,0,0.0000,0.0000,-8.0000,0,1.1674,-1.5396,0.0000,0,0,168.6890
33.5820,6.4261,0,1,0,0,1.1820,1.2525,-7.6621,0.0000,-8.0000,NaN,NaN,0,0,0,0,0.0000,0.0000,-8.0000,0,1.1674,-1.5396,0.0000,0,0,168.6891
33.6322,6.4763,0,1,0,0,1.1805,1.2498,-7.6622,0.0000,-8.0000,NaN,NaN,0,0,0,0,0.0000,0.0000,-8.0000,0,1.1674,-1.5396,0.0000,0,0,168.6893
33.6840,6.5280,0,1,0,0,1.1790,1.2479,-7.6622,0.0000,-8.0000,NaN,NaN,0,0,0,0,0.0000,0.0000,-8.0000,0,1.1674,-1.5396,0.0000,0,0,168.6894
33.7345,6.5785,0,1,0,0,1.1776,1.2469,-7.6621,0.0000,-8.0000,NaN,NaN,0,0,0,0,0.0000,0.0000,-8.0000,0,1.1674,-1.5396,0.0000,0,0,168.6896
33.7858,6.6298,0,1,0,0,1.1763,1.2467,-7.6620,0.0000,-8.0000,NaN,NaN,0,0,0,0,0.0000,0.0000,-8.0000,0,1.1674,-1.5396,0.0000,0,0,168.6897
33.8362,6.6803,0,1,0,0,1.1751,1.2474,-7.6619,0.0000,-8.0000,NaN,NaN,0,0,0,0,0.0000,0.0000,-8.0000,0,1.1674,-1.5396,0.0000,0,0,168.6898
33.8877,6.7318,0,1,0,0,1.1739,1.2490,-7.6616,0.0000,-8.0000,NaN,NaN,0,0,0,0,0.0000,0.0000,-8.0000,0,1.1674,-1.5396,0.0000,0,0,168.6899
33.9385,6.7826,0,1,0,0,1.1729,1.2514,-7.6613,0.0000,-8.0000,NaN,NaN,0,0,0,0,0.0000,0.0000,-8.0000,0,1.1674,-1.5396,0.0000,0,0,168.6900
33.9902,6.8343,0,1,0,0,1.1719,1.2547,-7.6609,0.0000,-8.0000,NaN,NaN,0,0,0,0,0.0000,0.0000,-8.0000,0,1.1674,-1.5396,0.0000,0,0,168.6900
34.0422,6.8863,0,1,0,0,1.1710,1.2587,-7.6605,0.0000,-8.0000,NaN,NaN,0,0,0,0,0.0000,0.0000,-8.0000,0,1.1674,-1.5396,0.0000,0,0,168.6900
34.0924,6.9364,0,1,0,0,1.1702,1.2633,-7.6600,0.0000,-8.0000,NaN,NaN,0,0,0,0,0.0000,0.0000,-8.0000,0,1.1674,-1.5396,0.0000,0,0,168.6900
34.1435,6.9876,0,1,0,0,1.1696,1.2684,-7.6595,0.0000,-8.0000,NaN,NaN,0,0,0,0,0.0000,0.0000,-8.0000,0,1.1674,-1.5396,0.0000,0,0,168.6900
34.1937,7.0377,0,1,0,0,1.1691,1.2739,-7.6589,0.0000,-8.0000,NaN,NaN,0,0,0,0,0.0000,0.0000,-8.0000,0,1.1674,-1.5396,0.0000,0,0,168.6899
34.2444,7.0885,0,1,0,0,1.1687,1.2798,-7.6582,0.0000,-8.0000,NaN,NaN,0,0,0,0,0.0000,0.0000,-8.0000,0,1.1674,-1.5396,0.0000,0,0,168.6898
34.2955,7.1396,0,1,0,0,1.1684,1.2859,-7.6575,0.0000,-8.0000,NaN,NaN,0,0,0,0,0.0000,0.0000,-8.0000,0,1.1674,-1.5396,0.0000,0,0,168.6897
34.3461,7.1902,0,1,0,0,1.1682,1.2920,-7.6567,0.0000,-8.0000,NaN,NaN,0,0,0,0,0.0000,0.0000,-8.0000,0,1.1674,-1.5396,0.0000,0,0,168.6896
34.3973,7.2414,0,1,0,0,1.1681,1.2982,-7.6559,0.0000,-8.0000,NaN,NaN,0,0,0,0,0.0000,0.0000,-8.0000,0,1.1674,-1.5396,0.0000,0,0,168.6894
34.4486,7.2927,0,1,0,0,1.1682,1.3042,-7.6550,0.0000,-8.0000,NaN,NaN,0,0,0,0,0.0000,0.0000,-8.0000,0,1.1674,-1.5396,0.0000,0,0,168.6893
34.4993,7.3434,0,1,0,0,1.1684,1.3099,-7.6540,0.0000,-8.0000,NaN,NaN,0,0,0,0,0.0000,0.0000,-8.0000,0,1.1674,-1.5396,0.0000,0,0,168.6891
34.5497,7.3938,0,1,0,0,1.1686,1.3150,-7.6531,0.0000,-8.0000,NaN,NaN,0,0,0,0,0.0000,0.0000,-8.0000,0,1.1674,-1.5396,0.0000,0,0,168.6890
34.6008,7.4449,0,1,0,0,1.1691,1.3198,-7.6521,0.0000,-8.0000,NaN,NaN,0,0,0,0,0.0000,0.0000,-8.0000,0,1.1674,-1.5396,0.0000,0,0,168.6888
34.6523,7.4964,0,1,0,0,1.1696,1.3241,-7.6510,0.0000,-8.0000,NaN,NaN,0,0,0,0,0.0000,0.0000,-8.0000,0,1.1674,-1.5396,0.0000,0,0,168.6887
34.7024,7.5465,0,1,0,0,1.1702,1.3274,-7.6499,0.0000,-8.0000,NaN,NaN,0,0,0,0,0.0000,0.0000,-8.0000,0,1.1674,-1.5396,0.0000,0,0,168.6886
34.7530,7.5970,0,1,0,0,1.1709,1.3302,-7.6488,0.0000,-8.0000,NaN,NaN,0,0,0,0,0.0000,0.0000,-8.0000,0,1.1674,-1.5396,0.0000,0,0,168.6886
34.8036,7.6477,0,1,0,0,1.1717,1.3321,-7.6476,0.0000,-8.0000,NaN,NaN,0,0,0,0,0.0000,0.0000,-8.0000,0,1.1674,-1.5396,0.0000,0,0,168.6885
34.8545,7.6986,0,1,0,0,1.1726,1.3331,-7.6464,0.0000,-8.0000,NaN,NaN,0,0,0,0,0.0000,0.0000,-8.0000,0,1.1674,-1.5396,0.0000,0,0,168.6885
34.9051,7.7492,0,1,0,0,1.1736,1.3333,-7.6452,0.0000,-8.0000,NaN,NaN,0,0,0,0,0.0000,0.0000,-8.0000,0,1.1674,-1.5396,0.0000,0,0,168.6885
34.9555,7.7996,0,1,0,0,1.1747,1.3326,-7.6440,0.0000,-8.0000,NaN,NaN,0,0,0,0,0.0000,0.0000,-8.0000,0,1.1674,-1.5396,0.0000,0,0,168.6885
35.0066,7.8507,0,1,0,0,1.1759,1.3311,-7.6428,0.0000,-8.0000,NaN,NaN,0,0,0,0,0.0000,0.0000,-8.0000,0,1.1674,-1.5396,0.0000,0,0,168.6886
35.0572,7.9013,0,1,0,0,1.1771,1.3287,-7.6415,0.0000,-8.0000,NaN,NaN,0,0,0,0,0.0000,0.0000,-8.0000,0,1.1674,-1.5396,0.0000,0,0,168.6887
35.1076,7.9517,0,1,0,0,1.1784,1.3256,-7.6403,0.0000,-8.0000,NaN,NaN,0,0,0,0,0.0000,0.0000,-8.0000,0,1.1674,-1.5396,0.0000,0,0,168.6888
35.1586,8.0027,0,1,0,0,1.1798,1.3218,-7.6390,0.0000,-8.0000,NaN,NaN,0,0,0,0,0.0000,0.0000,-8.0000,0,1.1674,-1.5396,0.0000,0,0,168.6889
35.2089,8.0529,0,1,0,0,1.1812,1.3174,-7.6378,0.0000,-8.0000,NaN,NaN,0,0,0,0,0.0000,0.0000,-8.0000,0,1.1674,-1.5396,0.0000,0,0,168.6891
35.2592,8.1033,0,1,0,0,1.1826,1.3124,-7.6365,0.0000,-8.0000,NaN,NaN,0,0,0,0,0.0000,0.0000,-8.0000,0,1.1674,-1.5396,0.0000,0,0,168.6893
35.3102,8.1543,0,1,0,0,1.1841,1.3069,-7.6353,0.0000,-8.0000,NaN,NaN,0,0,0,0,0.0000,0.0000,-8.0000,0,1.1674,-1.5396,0.0000,0,0,168.6894
35.3615,8.2055,0,1,0,0,1.1856,1.3010,-7.6340,0.0000,-8.0000,NaN,NaN,0,0,0,0,0.0000,0.0000,-8.0000,0,1.1674,-1.5396,0.0000,0,0,168.6896
35.4132,8.2573,0,1,0,0,1.1872,1.2949,-7.6327,0.0000,-8.0000,NaN,NaN,0,0,0,0,0.0000,0.0000,-8.0000,0,1.1674,-1.5396,0.0000,0,0,168.6897
35.4637,8.3078,0,1,0,0,1.1887,1.2889,-7.6316,0.0000,-8.0000,NaN,NaN,0,0,0,0,0.0000,0.0000,-8.0000,0,1.1674,-1.5396,0.0000,0,0,168.6898
35.5157,8.3598,0,1,0,0,1.1903,1.2825,-7.6303,0.0000,-8.0000,NaN,NaN,0,0,0,0,0.0000,0.0000,-8.0000,0,1.1674,-1.5396,0.0000,0,0,168.6900
35.5665,8.4106,0,1,0,0,1.1919,1.2765,-7.6291,0.0000,-8.0000,NaN,NaN,0,0,0,0,0.0000,0.0000,-8.0000,0,1.1674,-1.5396,0.0000,0,0,168.6900
35.6182,8.4623,0,1,0,0,1.1934,1.2707,-7.6280,0.0000,-8.0000,NaN,NaN,0,0,0,0,0.0000,0.0000,-8.0000,0,1.1674,-1.5396,0.0000,0,0,168.6901
35.6688,8.5128,0,1,0,0,1.1950,1.2654,-7.6269,0.0000,-8.0000,NaN,NaN,0,0,0,0,0.0000,0.0000,-8.0000,0,1.1674,-1.5396,0.0000,0,0,168.6901
35.7201,8.5642,0,1,0,0,1.1965,1.2605,-7.6258,0.0000,-8.0000,NaN,NaN,0,0,0,0,0.0000,0.0000,-8.0000,0,1.1674,-1.5396,0.0000,0,0,168.6901
35.7718,8.6159,0,1,0,0,1.1979,1.2563,-7.6248,0.0000,-8.0000,NaN,NaN,0,0,0,0,0.0000,0.0000,-8.0000,0,1.1674,-1.5396,0.0000,0,0,168.6901
35.8243,8.6684,0,1,0,0,1.1993,1.2527,-7.6238,0.0000,-8.0000,NaN,NaN,0,0,0,0,0.0000,0.0000,-8.0000,0,1.1674,-1.5396,0.0000,0,0,168.6900
35.8752,8.7192,0,1,0,0,1.2007,1.2499,-7.6228,0.0000,-8.0000,NaN,NaN,0,0,0,0,0.0000,0.0000,-8.0000,0,1.1674,-1.5396,0.0000,0,0,168.6900
35.9255,8.7696,0,1,0,0,1.2020,1.2480,-7.6219,0.0000,-8.0000,NaN,NaN,0,0,0,0,0.0000,0.0000,-8.0000,0,1.1674,-1.5396,0.0000,0,0,168.6898
35.9755,8.8196,0,1,0,0,1.2032,1.2469,-7.6211,0.0000,-8.0000,NaN,NaN,0,0,0,0,0.0000,0.0000,-8.0000,0,1.1674,-1.5396,0.0000,0,0,168.6897
36.0258,8.8699,0,1,0,0,1.2043,1.2467,-7.6204,0.0000,-8.0000,NaN,NaN,0,0,0,0,0.0000,0.0000,-8.0000,0,1.1674,-1.5396,0.0000,0,0,168.6896
36.0760,8.9201,0,1,0,0,1.2054,1.2473,-7.6197,0.0000,-8.0000,NaN,NaN,0,0,0,0,0.0000,0.0000,-8.0000,0,1.1674,-1.5396,0.0000,0,0,168.6895
36.1277,8.9718,0,1,0,0,1.2064,1.2489,-7.6190,0.0000,-8.0000,NaN,NaN,0,0,0,0,0.0000,0.0000,-8.0000,0,1.1674,-1.5396,0.0000,0,0,168.6893
36.1793,9.0234,0,1,0,0,1.2073,1.2513,-7.6184,0.0000,-8.0000,NaN,NaN,0,0,0,0,0.0000,0.0000,-8.0000,0,1.1674,-1.5396,0.0000,0,0,168.6892
36.2304,9.0745,0,1,0,0,1.2081,1.2546,-7.6179,0.0000,-8.0000,NaN,NaN,0,0,0,0,0.0000,0.0000,-8.0000,0,1.1674,-1.5396,0.0000,0,0,168.6890
36.2817,9.1258,0,1,0,0,1.2088,1.2585,-7.6174,0.0000,-8.0000,NaN,NaN,0,0,0,0,0.0000,0.0000,-8.0000,0,1.1674,-1.5396,0.0000,0,0,168.6889
36.3322,9.1763,0,1,0,0,1.2093,1.2630,-7.6170,0.0000,-8.0000,NaN,NaN,0,0,0,0,0.0000,0.0000,-8.0000,0,1.1674,-1.5396,0.0000,0,0,168.6888
36.3827,9.2268,0,1,0,0,1.2098,1.2681,-7.6167,0.0000,-8.0000,NaN,NaN,0,0,0,0,0.0000,0.0000,-8.0000,0,1.1674,-1.5396,0.0000,0,0,168.6887
36.4342,9.2783,0,1,0,0,1.2102,1.2736,-7.6165,0.0000,-8.0000,NaN,NaN,0,0,0,0,0.0000,0.0000,-8.0000,0,1.1674,-1.5396,0.0000,0,0,168.6887
36.4854,9.3295,0,1,0,0,1.2104,1.2796,-7.6163,0.0000,-8.0000,NaN,NaN,0,0,0,0,0.0000,0.0000,-8.0000,0,1.1674,-1.5396,0.0000,0,0,168.6886
36.5368,9.3809,0,1,0,0,1.2106,1.2857,-7.6162,0.0000,-8.0000,NaN,NaN,0,0,0,0,0.0000,0.0000,-8.0000,0,1.1674,-1.5396,0.0000,0,0,168.6886
36.5878,9.4319,0,1,0,0,1.2106,1.2919,-7.6162,0.0000,-8.0000,NaN,NaN,0,0,0,0,0.0000,0.0000,-8.0000,0,1.1674,-1.5396,0.0000,0,0,168.6887
36.6381,9.4822,0,1,0,0,1.2105,1.2980,-7.6163,0.0000,-8.0000,NaN,NaN,0,0,0,0,0.0000,0.0000,-8.0000,0,1.1674,-1.5396,0.0000,0,0,168.6887
36.6894,9.5334,0,1,0,0,1.2103,1.3039,-7.6164,0.0000,-8.0000,NaN,NaN,0,0,0,0,0.0000,0.0000,-8.0000,0,1.1674,-1.5396,0.0000,0,0,168.6888
36.7401,9.5842,0,1,0,0,1.2100,1.3096,-7.6166,0.0000,-8.0000,NaN,NaN,0,0,0,0,0.0000,0.0000,-8.0000,0,1.1674,-1.5396,0.0000,0,0,168.6889
36.7902,9.6343,0,1,0,0,1.2096,1.3148,-7.6169,0.0000,-8.0000,NaN,NaN,0,0,0,0,0.0000,0.0000,-8.0000,0,1.1674,-1.5396,0.0000,0,0,168.6891
36.8406,9.6847,0,1,0,0,1.2091,1.3195,-7.6172,0.0000,-8.0000,NaN,NaN,0,0,0,0,0.0000,0.0000,-8.0000,0,1.1674,-1.5396,0.0000,0,0,168.6892
36.8908,9.7348,0,1,0,0,1.2084,1.3237,-7.6176,0.0000,-8.0000,NaN,NaN,0,0,0,0,0.0000,0.0000,-8.0000,0,1.1674,-1.5396,0.0000,0,0,168.6893
36.9415,9.7856,0,1,0,0,1.2077,1.3272,-7.6181,0.0000,-8.0000,NaN,NaN,0,0,0,0,0.0000,0.0000,-8.0000,0,1.1674,-1.5396,0.0000,0,0,168.6895
36.9924,9.8365,0,1,0,0,1.2069,1.3300,-7.6187,0.0000,-8.0000,NaN,NaN,0,0,0,0,0.0000,0.0000,-8.0000,0,1.1674,-1.5396,0.0000,0,0,168.6897
37.0432,9.8873,0,1,0,0,1.2059,1.3320,-7.6193,0.0000,-8.0000,NaN,NaN,0,0,0,0,0.0000,0.0000,-8.0000,0,1.1674,-1.5396,0.0000,0,0,168.6898
37.0936,9.9377,0,1,0,0,1.2049,1.3331,-7.6199,0.0000,-8.0000,NaN,NaN,0,0,0,0,0.0000,0.0000,-8.0000,0,1.1674,-1.5396,0.0000,0,0,168.6900
37.1440,9.9881,0,1,0,0,1.2038,1.3333,-7.6207,0.0000,-8.0000,NaN,NaN,0,0,0,0,0.0000,0.0000,-8.0000,0,1.1674,-1.5396,0.0000,0,0,168.6901
37.1941,10.0382,0,1,0,0,1.2027,1.3327,-7.6215,0.0000,-8.0000,NaN,NaN,0,0,0,0,0.0000,0.0000,-8.0000,0,1.1674,-1.5396,0.0000,0,0,168.6902
37.2456,10.0897,0,1,0,0,1.2014,1.3312,-7.6223,0.0000,-8.0000,NaN,NaN,0,0,0,0,0.0000,0.0000,-8.0000,0,1.1674,-1.5396,0.0000,0,0,168.6902
37.2967,10.1407,0,1,0,0,1.2001,1.3288,-7.6232,0.0000,-8.0000,NaN,NaN,0,0,0,0,0.0000,0.0000,-8.0000,0,1.1674,-1.5396,0.0000,0,0,168.6903
37.3483,10.1924,0,1,0,0,1.1987,1.3257,-7.6242,0.0000,-8.0000,NaN,NaN,0,0,0,0,0.0000,0.0000,-8.0000,0,1.1674,-1.5396,0.0000,0,0,168.6903
37.3996,10.2436,0,1,0,0,1.1973,1.3218,-7.6252,0.0000,-8.0000,NaN,NaN,0,0,0,0,0.0000,0.0000,-8.0000,0,1.1674,-1.5396,0.0000,0,0,168.6903
37.4512,10.2953,0,1,0,0,1.1958,1.3172,-7.6262,0.0000,-8.0000,NaN,NaN,0,0,0,0,0.0000,0.0000,-8.0000,0,1.1674,-1.5396,0.0000,0,0,168.6902
37.5019,10.3460,0,1,0,0,1.1943,1.3121,-7.6273,0.0000,-8.0000,NaN,NaN,0,0,0,0,0.0000,0.0000,-8.0000,0,1.1674,-1.5396,0.0000,0,0,168.6902
37.5527,10.3968,0,1,0,0,1.1928,1.3066,-7.6284,0.0000,-8.0000,NaN,NaN,0,0,0,0,0.0000,0.0000,-8.0000,0,1.1674,-1.5396,0.0000,0,0,168.6901
37.6041,10.4481,0,1,0,0,1.1912,1.3008,-7.6296,0.0000,-8.0000,NaN,NaN,0,0,0,0,0.0000,0.0000,-8.0000,0,1.1674,-1.5396,0.0000,0,0,168.6900
37.6546,10.4987,0,1,0,0,1.1897,1.2947,-7.6308,0.0000,-8.0000,NaN,NaN,0,0,0,0,0.0000,0.0000,-8.0000,0,1.1674,-1.5396,0.0000,0,0,168.6898
37.7053,10.5494,0,1,0,0,1.1881,1.2893,-7.6320,0.0000,-8.0000,NaN,NaN,0,0,0,0,0.0000,0.0000,-8.0000,0,1.1674,-1.5396,0.0000,0,0,168.6908
37.7562,10.6003,0,1,0,0,1.1866,1.2945,-7.6332,0.0000,-8.0000,NaN,NaN,0,0,0,0,0.0000,0.0000,-8.0000,0,1.1674,-1.5396,0.0000,0,0,168.6956
37.8077,10.6518,0,1,0,0,1.1850,1.3159,-7.6345,0.0000,-8.0000,NaN,NaN,0,0,0,0,0.0000,0.0000,-8.0000,0,1.1674,-1.5396,0.0000,0,0,168.7000
37.8580,10.7021,0,1,0,0,1.1835,1.3473,-7.6357,0.0000,-8.0000,NaN,NaN,0,0,0,0,0.0000,0.0000,-8.0000,0,1.1674,-1.5396,0.0000,0,0,168.7022
37.9088,10.7529,0,1,0,0,1.1820,1.3828,-7.6370,0.0000,-8.0000,NaN,NaN,0,0,0,0,0.0000,0.0000,-8.0000,0,1.1674,-1.5396,0.0000,0,0,168.7020
37.9594,10.8034,0,1,0,0,1.1807,1.4136,-7.6382,0.0000,-8.0000,NaN,NaN,0,0,0,0,0.0000,0.0000,-8.0000,0,1.1674,-1.5396,0.0000,0,0,168.6999
38.0109,10.8550,0,1,0,0,1.1792,1.4374,-7.6395,0.0000,-8.0000,NaN,NaN,0,0,0,0,0.0000,0.0000,-8.0000,0,1.1674,-1.5396,0.0000,0,0,168.6960
38.0610,10.9051,0,1,0,0,1.1779,1.4480,-7.6408,0.0000,-8.0000,NaN,NaN,0,0,0,0,0.0000,0.0000,-8.0000,0,1.1674,-1.5396,0.0000,0,0,168.6914
38.1126,10.9567,0,1,0,0,1.1766,1.4445,-7.6420,0.0000,-8.0000,NaN,NaN,0,0,0,0,0.0000,0.0000,-8.0000,0,1.1674,-1.5396,0.0000,0,0,168.6867
38.1629,11.0070,0,1,0,0,1.1754,1.4266,-7.6433,0.0000,-8.0000,NaN,NaN,0,0,0,0,0.0000,0.0000,-8.0000,0,1.1674,-1.5396,0.0000,0,0,168.6826
38.2140,11.0580,0,1,0,0,1.1743,1.3947,-7.6445,0.0000,-8.0000,NaN,NaN,0,0,0,0,0.0000,0.0000,-8.0000,0,1.1674,-1.5396,0.0000,0,0,168.6794
38.2642,11.1083,0,1,0,0,1.1733,1.3552,-7.6457,0.0000,-8.0000,NaN,NaN,0,0,0,0,0.0000,0.0000,-8.0000,0,1.1674,-1.5396,0.0000,0,0,168.6799
38.3159,11.1600,0,1,0,0,1.1723,1.3307,-7.6469,0.0000,-8.0000,NaN,NaN,0,0,0,0,0.0000,0.0000,-8.0000,0,1.1674,-1.5396,0.0000,0,0,168.6857
38.3665,11.2106,0,1,0,0,1.1714,1.3333,-7.6481,0.0000,-8.0000,NaN,NaN,0,0,0,0,0.0000,0.0000,-8.0000,0,1.1674,-1.5396,0.0000,0,0,168.6906
38.4182,11.2622,0,1,0,0,1.1706,1.3564,-7.6492,0.0000,-8.0000,NaN,NaN,0,0,0,0,0.0000,0.0000,-8.0000,0,1.1674,-1.5396,0.0000,0,0,168.6931
38.4691,11.3132,0,1,0,0,1.1699,1.3897,-7.6503,0.0000,-8.0000,NaN,NaN,0,0,0,0,0.0000,0.0000,-8.0000,0,1.1674,-1.5396,0.0000,0,0,168.6934
38.5199,11.3639,0,1,0,0,1.1693,1.4231,-7.6514,0.0000,-8.0000,NaN,NaN,0,0,0,0,0.0000,0.0000,-8.0000,0,1.1674,-1.5396,0.0000,0,0,168.6926
38.5712,11.4153,0,1,0,0,1.1689,1.4499,-7.6525,0.0000,-8.0000,NaN,NaN,0,0,0,0,0.0000,0.0000,-8.0000,0,1.1674,-1.5396,0.0000,0,0,168.6914
38.6217,11.4658,0,1,0,0,1.1685,1.4654,-7.6535,0.0000,-8.0000,NaN,NaN,0,0,0,0,0.0000,0.0000,-8.0000,0,1.1674,-1.5396,0.0000,0,0,168.6906
38.6731,11.5172,0,1,0,0,1.1683,1.4666,-7.6544,0.0000,-8.0000,NaN,NaN,0,0,0,0,0.0000,0.0000,-8.0000,0,1.1674,-1.5396,0.0000,0,0,168.6904
38.7239,11.5680,0,1,0,0,1.1682,1.4532,-7.6553,0.0000,-8.0000,NaN,NaN,0,0,0,0,0.0000,0.0000,-8.0000,0,1.1674,-1.5396,0.0000,0,0,168.6912
38.7740,11.6181,0,1,0,0,1.1681,1.4262,-7.6562,0.0000,-8.0000,NaN,NaN,0,0,0,0,0.0000,0.0000,-8.0000,0,1.1674,-1.5396,0.0000,0,0,168.6926
38.8243,11.6684,0,1,0,0,1.1683,1.3906,-7.6570,0.0000,-8.0000,NaN,NaN,0,0,0,0,0.0000,0.0000,-8.0000,0,1.1674,-1.5396,0.0000,0,0,168.6937
38.8754,11.7195,0,1,0,0,1.1685,1.3600,-7.6577,0.0000,-8.0000,NaN,NaN,0,0,0,0,0.0000,0.0000,-8.0000,0,1.1674,-1.5396,0.0000,0,0,168.6935
38.9260,11.7701,0,1,0,0,1.1688,1.3407,-7.6584,0.0000,-8.0000,NaN,NaN,0,0,0,0,0.0000,0.0000,-8.0000,0,1.1674,-1.5396,0.0000,0,0,168.6929
38.9773,11.8214,0,1,0,0,1.1693,1.3303,-7.6591,0.0000,-8.0000,NaN,NaN,0,0,0,0,0.0000,0.0000,-8.0000,0,1.1674,-1.5396,0.0000,0,0,168.6922
39.0277,11.8717,0,1,0,0,1.1699,1.3261,-7.6597,0.0000,-8.0000,NaN,NaN,0,0,0,0,0.0000,0.0000,-8.0000,0,1.1674,-1.5396,0.0000,0,0,168.6916
39.0783,11.9224,0,1,0,0,1.1705,1.3255,-7.6602,0.0000,-8.0000,NaN,NaN,0,0,0,0,0.0000,0.0000,-8.0000,0,1.1674,-1.5396,0.0000,0,0,168.6912
39.1294,11.9735,0,1,0,0,1.1713,1.3268,-7.6607,0.0000,-8.0000,NaN,NaN,0,0,0,0,0.0000,0.0000,-8.0000,0,1.1674,-1.5396,0.0000,0,0,168.6909
39.1813,12.0254,0,1,0,0,1.1722,1.3287,-7.6611,0.0000,-8.0000,NaN,NaN,0,0,0,0,0.0000,0.0000,-8.0000,0,1.1674,-1.5396,0.0000,0,0,168.6906
39.2313,12.0754,0,1,0,0,1.1732,1.3307,-7.6614,0.0000,-8.0000,NaN,NaN,0,0,0,0,0.0000,0.0000,-8.0000,0,1.1674,-1.5396,0.0000,0,0,168.6904
39.2821,12.1262,0,1,0,0,1.1743,1.3323,-7.6617,0.0000,-8.0000,NaN,NaN,0,0,0,0,0.0000,0.0000,-8.0000,0,1.1674,-1.5396,0.0000,0,0,168.6902
39.3324,12.1765,0,1,0,0,1.1755,1.3332,-7.6619,0.0000,-8.0000,NaN,NaN,0,0,0,0,0.0000,0.0000,-8.0000,0,1.1674,-1.5396,0.0000,0,0,168.6901
39.3831,12.2272,0,1,0,0,1.1767,1.3335,-7.6621,0.0000,-8.0000,NaN,NaN,0,0,0,0,0.0000,0.0000,-8.0000,0,1.1674,-1.5396,0.0000,0,0,168.6899
39.4345,12.2786,0,1,0,0,1.1781,1.3329,-7.6622,0.0000,-8.0000,NaN,NaN,0,0,0,0,0.0000,0.0000,-8.0000,0,1.1674,-1.5396,0.0000,0,0,168.6898
39.4863,12.3304,0,1,0,0,1.1795,1.3315,-7.6622,0.0000,-8.0000,NaN,NaN,0,0,0,0,0.0000,0.0000,-8.0000,0,1.1674,-1.5396,0.0000,0,0,168.6896
39.5376,12.3817,0,1,0,0,1.1810,1.3292,-7.6622,0.0000,-8.0000,NaN,NaN,0,0,0,0,0.0000,0.0000,-8.0000,0,1.1674,-1.5396,0.0000,0,0,168.6895
39.5884,12.4325,0,1,0,0,1.1825,1.3261,-7.6621,0.0000,-8.0000,NaN,NaN,0,0,0,0,0.0000,0.0000,-8.0000,0,1.1674,-1.5396,0.0000,0,0,168.6893
39.6398,12.4838,0,1,0,0,1.1841,1.3225,-7.6619,0.0000,-8.0000,NaN,NaN,0,0,0,0,0.0000,0.0000,-8.0000,0,1.1674,-1.5396,0.0000,0,0,168.6892
39.6916,12.5357,0,1,0,0,1.1858,1.3179,-7.6617,0.0000,-8.0000,NaN,NaN,0,0,0,0,0.0000,0.0000,-8.0000,0,1.1674,-1.5396,0.0000,0,0,168.6892
39.7429,12.5870,0,1,0,0,1.1874,1.3128,-7.6614,0.0000,-8.0000,NaN,NaN,0,0,0,0,0.0000,0.0000,-8.0000,0,1.1674,-1.5396,0.0000,0,0,168.6891
39.7942,12.6382,0,1,0,0,1.1891,1.3073,-7.6611,0.0000,-8.0000,NaN,NaN,0,0,0,0,0.0000,0.0000,-8.0000,0,1.1674,-1.5396,0.0000,0,0,168.6891
39.8452,12.6893,0,1,0,0,1.1908,1.3015,-7.6607,0.0000,-8.0000,NaN,NaN,0,0,0,0,0.0000,0.0000,-8.0000,0,1.1674,-1.5396,0.0000,0,0,168.6891
39.8968,12.7408,0,1,0,0,1.1926,1.2954,-7.6603,0.0000,-8.0000,NaN,NaN,0,0,0,0,0.0000,0.0000,-8.0000,0,1.1674,-1.5396,0.0000,0,0,168.6891
39.9476,12.7916,0,1,0,0,1.1943,1.2892,-7.6598,0.0000,-8.0000,NaN,NaN,0,0,0,0,0.0000,0.0000,-8.0000,0,1.1674,-1.5396,0.0000,0,0,168.6892
39.9979,12.8420,0,1,0,0,1.1959,1.2832,-7.6593,0.0000,-8.0000,NaN,NaN,0,0,0,0,0.0000,0.0000,-8.0000,0,1.1674,-1.5396,0.0000,0,0,168.6893
40.0489,12.8930,0,1,0,0,1.1976,1.2772,-7.6587,0.0000,-8.0000,NaN,NaN,0,0,0,0,0.0000,0.0000,-8.0000,0,1.1674,-1.5396,0.0000,0,0,168.6894
40.0990,12.9431,0,1,0,0,1.1992,1.2717,-7.6582,0.0000,-8.0000,NaN,NaN,0,0,0,0,0.0000,0.0000,-8.0000,0,1.1674,-1.5396,0.0000,0,0,168.6895
40.1501,12.9942,0,1,0,0,1.2008,1.2662,-7.6575,0.0000,-8.0000,NaN,NaN,0,0,0,0,0.0000,0.0000,-8.0000,0,1.1674,-1.5396,0.0000,0,0,168.6897
40.2016,13.0457,0,1,0,0,1.2023,1.2614,-7.6568,0.0000,-8.0000,NaN,NaN,0,0,0,0,0.0000,0.0000,-8.0000,0,1.1674,-1.5396,0.0000,0,0,168.6898
40.2521,13.0962,0,1,0,0,1.2038,1.2571,-7.6561,0.0000,-8.0000,NaN,NaN,0,0,0,0,0.0000,0.0000,-8.0000,0,1.1674,-1.5396,0.0000,0,0,168.6900
40.3026,13.1467,0,1,0,0,1.2053,1.2535,-7.6553,0.0000,-8.0000,NaN,NaN,0,0,0,0,0.0000,0.0000,-8.0000,0,1.1674,-1.5396,0.0000,0,0,168.6901
40.3534,13.1975,0,1,0,0,1.2066,1.2506,-7.6546,0.0000,-8.0000,NaN,NaN,0,0,0,0,0.0000,0.0000,-8.0000,0,1.1674,-1.5396,0.0000,0,0,168.6903
40.4045,13.2486,0,1,0,0,1.2079,1.2484,-7.6537,0.0000,-8.0000,NaN,NaN,0,0,0,0,0.0000,0.0000,-8.0000,0,1.1674,-1.5396,0.0000,0,0,168.6904
40.4553,13.2993,0,1,0,0,1.2092,1.2471,-7.6529,0.0000,-8.0000,NaN,NaN,0,0,0,0,0.0000,0.0000,-8.0000,0,1.1674,-1.5396,0.0000,0,0,168.6905
40.5062,13.3503,0,1,0,0,1.2103,1.2467,-7.6521,0.0000,-8.0000,NaN,NaN,0,0,0,0,0.0000,0.0000,-8.0000,0,1.1674,-1.5396,0.0000,0,0,168.6906
40.5572,13.4012,0,1,0,0,1.2114,1.2471,-7.6512,0.0000,-8.0000,NaN,NaN,0,0,0,0,0.0000,0.0000,-8.0000,0,1.1674,-1.5396,0.0000,0,0,168.6907
