time,elapsed,local,host,charge,windup,active,remaining,circles,sky,frontStun,rearStun,casterStun,frontElement,centreX,centreZ,casterX,casterZ,gameTime,realTime,frameDelta,frontX,frontZ,rearX,rearZ,phaister
22.5997626036708,0.01999664,1,0,13,0,0,0,0,0,0,0,0,0,0,0,0,-8,11.1958983205782,14.4810014028912,0.0160385,3.5,-8,0,7,1
22.6508294190932,0.07998657,1,0,13,0,0,0,0,0,0,0,0,0,0,0,0,-8,11.2464595238095,14.5283736028912,0.004645004,3.5,-8,0,7,1
22.7031803418323,0.1199799,1,0,13,0,0,0,0,0,0,0,0,0,0,0,0,-8,11.2982921201814,14.5803427028912,0.003391298,3.5,-8,0,7,1
22.7553120011906,0.1799698,1,0,13,0,0,0,0,0,0,0,0,0,0,0,0,-8,11.3499076247166,14.6318884028912,0.003544303,3.5,-8,0,7,1
22.8081904465961,0.9998322,1,0,13,0,0,0,0,0,0,0,0,0,0,0,0,-8,11.4022625212585,14.6854816028912,0.003380796,3.5,-8,0,7,1
22.8593141248636,1.039825,1,0,13,0,0,0,0,0,0,0,0,0,0,0,0,-8,11.452880024093,14.7346719028912,0.003332603,3.5,-8,0,7,1
22.9096030351846,1.099815,1,0,13,0,0,0,0,0,0,0,0,0,0,0,0,-8,11.5026710246599,14.7857834028912,0.002800999,3.5,-8,0,7,1
22.9608505368675,1.139809,1,0,13,0,0,0,0,0,0,0,0,0,0,0,0,-8,11.5534111252834,14.8352098028912,0.003115405,3.5,-8,0,7,1
23.0140699608903,1.199799,1,0,13,0,0,0,0,0,0,0,0,0,0,0,0,-8,11.6071681193311,14.8899300028912,0.003270295,3.5,-8,0,7,1
23.0672127705463,1.259789,1,0,13,0,0,0,0,0,0,0,0,0,0,0,0,-8,11.6608477253401,14.9436292028912,0.003585105,3.5,-8,0,7,1
23.1191793521307,1.299782,1,0,13,0,0,0,0,0,0,0,0,0,0,0,0,-8,11.7133392219388,14.9951454028912,0.003439002,3.5,-8,0,7,1
23.1719197224546,1.359772,1,0,13,0,0,0,0,0,0,0,0,0,0,0,0,-8,11.7666123228458,15.0490119028912,0.003983702,3.5,-8,0,7,1
23.224193504646,1.399765,1,0,13,0,0,0,0,0,0,0,0,0,0,0,0,-8,11.8194141227324,15.1015623028912,0.003342099,3.5,-8,0,7,1
23.2768067573104,1.459755,1,0,13,0,0,0,0,0,0,0,0,0,0,0,0,-8,11.8725588222789,15.1546628028912,0.002764498,3.5,-8,0,7,1
23.3290203484264,1.519745,1,0,13,0,0,0,0,0,0,0,0,0,0,0,0,-8,11.9252998228458,15.2076181028912,0.003357497,3.5,-8,0,7,1
23.3818424887629,1.559738,1,0,13,0,0,0,0,0,0,0,0,0,0,0,0,-8,11.9786555201247,15.2606380028912,0.003970295,3.5,-8,0,7,1
23.4341672580712,1.619728,1,0,13,0,0,0,0,0,0,0,0,0,0,0,0,-8,12.0315088222789,15.3136036028912,0.002805301,3.5,-8,0,7,1
23.4852867972734,1.679718,1,0,13,0,0,0,0,0,0,0,0,0,0,0,0,-8,12.083144720805,15.3655261028912,0.004520798,3.5,-8,0,7,1
23.5377159119933,1.719711,1,0,13,0,0,0,0,0,0,0,0,0,0,0,0,-8,12.136103422619,15.4180150028912,0.003718601,3.5,-8,0,7,1
23.5880903772847,1.779701,1,0,13,0,0,0,0,0,0,0,0,0,0,0,0,-8,12.1869867205215,15.4690882028912,0.004505697,3.5,-8,0,7,1
23.6386991811637,1.819695,1,0,13,0,0,0,0,0,0,0,0,0,0,0,0,-8,12.2381067247732,15.5204329028912,0.002835105,3.5,-8,0,7,1
23.6917405080167,1.879684,1,0,13,0,0,0,0,0,0,0,0,0,0,0,0,-8,12.2916838222789,15.5737226028912,0.004543297,3.5,-8,0,7,1
23.7428998457524,1.939674,1,0,13,0,0,0,0,0,0,0,0,0,0,0,0,-8,12.3433599206349,15.6253753028912,0.003297796,3.5,-8,0,7,1
23.7938325745659,1.979668,1,0,13,0,0,0,0,0,0,0,0,0,0,0,0,-8,12.3948071215986,15.6765823028912,0.002571698,3.5,-8,0,7,1
23.8439549864735,2.039658,1,0,13,0,0,0,0,0,0,0,0,0,0,0,0,-8,12.4454358205782,15.7272568028912,0.0035795,3.5,-8,0,7,1
23.8959733483335,2.079651,1,0,13,0,0,0,0,0,0,0,0,0,0,0,0,-8,12.4979796201814,15.7798573028912,0.002180598,3.5,-8,0,7,1
23.9473087137891,2.139641,1,0,13,0,0,0,0,0,0,0,0,0,0,0,0,-8,12.5498335246599,15.8316987028912,0.0026929,3.5,-8,0,7,1
24.0000211626734,2.199631,1,0,13,0,0,0,0,0,0,0,0,0,0,0,0,-8,12.603078422619,15.8857478028912,0.003371301,3.5,-8,0,7,1
24.0525223455625,2.239624,1,0,13,0,0,0,0,0,0,0,0,0,0,0,0,-8,12.6561099206349,15.9382292028912,0.003148101,3.5,-8,0,7,1
24.1031466887565,2.299614,1,0,13,0,0,0,0,0,0,0,0,0,0,0,0,-8,12.7072456207483,15.9891664028912,0.002777501,3.5,-8,0,7,1
24.1559041811293,2.339607,1,0,13,0,0,0,0,0,0,0,0,0,0,0,0,-8,12.7599751204649,16.0417972028912,0.002777098,3.5,-8,0,7,1
24.208772055672,2.399597,1,0,13,0,0,0,0,0,0,0,0,0,0,0,0,-8,12.812903125,16.0957329028912,0.005143601,3.5,-8,0,7,1
24.2605504187499,2.459587,1,0,13,0,0,0,0,0,0,0,0,0,0,0,0,-8,12.8646457199546,16.1474518028912,0.004434899,3.5,-8,0,7,1
24.3125840888289,2.49958,1,0,13,0,0,0,0,0,0,0,0,0,0,0,0,-8,12.9166610189909,16.1986586028912,0.002980995,3.5,-8,0,7,1
24.3658155658981,2.55957,1,0,13,0,0,0,0,0,0,0,0,0,0,0,0,-8,12.9698977253401,16.2518076028912,0.003393601,3.5,-8,0,7,1
24.4165036704275,2.61956,1,0,13,0,0,0,0,0,0,0,0,0,0,0,0,-8,13.0206212230726,16.3033798028912,0.003420004,3.5,-8,0,7,1
24.4696388347237,2.659554,1,0,13,0,0,0,0,0,0,0,0,0,0,0,0,-8,13.0736962230726,16.3558168028912,0.004855903,3.5,-8,0,7,1
24.5207260540198,2.719543,1,0,13,0,0,0,0,0,0,0,0,0,0,0,0,-8,13.1247977253401,16.4069399028912,0.003886501,3.5,-8,0,7,1
24.5729370983108,2.759537,1,0,13,0,0,0,0,0,0,0,0,0,0,0,0,-8,13.177034119898,16.4589028028912,0.0033053,3.5,-8,0,7,1
24.624122110391,2.819527,1,0,13,0,0,0,0,0,0,0,0,0,0,0,0,-8,13.2281520195578,16.5102010028912,0.006233298,3.5,-8,0,7,1
24.6763584691961,2.879517,1,0,13,0,0,0,0,0,0,0,0,0,0,0,0,-8,13.2804723214286,16.5637349028912,0.003538202,3.5,-8,0,7,1
24.7283582016826,2.91951,1,0,13,0,0,0,0,0,0,0,0,0,0,0,0,-8,13.3324133219955,16.6148676028912,0.003455697,3.5,-8,0,7,1
24.7822800680296,2.9795,1,0,13,0,0,0,0,0,0,0,0,0,0,0,0,-8,13.3863195223923,16.6682094028912,0.004992,3.5,-8,0,7,1
24.8369812838733,3.03949,1,0,13,0,0,0,0,0,0,0,0,0,0,0,0,-8,13.4410694231859,16.7240824028912,0.004819104,3.5,-8,0,7,1
24.8899363673199,3.079483,1,0,13,0,0,0,0,0,0,0,0,0,0,0,0,-8,13.4940320223923,16.7767575028912,0.003264201,3.5,-8,0,7,1
24.9414039396425,3.139473,1,0,13,0,0,0,0,0,0,0,0,0,0,0,0,-8,13.5455224206349,16.8277354028912,0.005181696,3.5,-8,0,7,1
24.9921411877917,3.179466,1,0,13,0,0,0,0,0,0,0,0,0,0,0,0,-8,13.5957573200113,16.8782860028912,0.003050198,3.5,-8,0,7,1
25.0442039613333,3.239456,1,0,13,0,0,0,0,0,0,0,0,0,0,0,0,-8,13.6473046201814,16.9292242028912,0.0028696,3.5,-8,0,7,1
25.0957264858764,3.279449,1,0,13,0,0,0,0,0,0,0,0,0,0,0,0,-8,13.6983170209751,16.9809026028912,0.003370302,3.5,-8,0,7,1
25.1482104290975,3.339439,1,0,13,0,0,0,0,0,0,0,0,0,0,0,0,-8,13.7502813208617,17.0324563028912,0.003674199,3.5,-8,0,7,1
25.1998716280493,3.399429,1,0,13,0,0,0,0,0,0,0,0,0,0,0,0,-8,13.8014310232426,17.0852887028912,0.002972399,3.5,-8,0,7,1
25.2513422063389,3.439423,1,0,13,0,0,0,0,0,0,0,0,0,0,0,0,-8,13.8527700255102,17.1348961028912,0.003792503,3.5,-8,0,7,1
25.3050969980122,3.499413,1,0,13,0,0,0,0,0,0,0,0,0,0,0,0,-8,13.906540625,17.1885861028912,0.003998406,3.5,-8,0,7,1
25.3574251254485,3.539406,1,0,13,0,0,0,0,0,0,0,0,0,0,0,0,-8,13.9588838222789,17.2417563028912,0.003177799,3.5,-8,0,7,1
25.4112349114381,3.599396,1,0,13,0,0,0,0,0,0,0,0,0,0,0,0,-8,14.0127010204082,17.2948886028912,0.004224794,3.5,-8,0,7,1
25.4648695386667,3.659386,1,0,13,0,0,0,0,0,0,0,0,0,0,0,0,-8,14.0663519203515,17.3487563028912,0.004526998,3.5,-8,0,7,1
25.5156419506203,3.699379,1,0,13,0,0,0,0,0,0,0,0,0,0,0,0,-8,14.1170602253401,17.3992647028912,0.003210303,3.5,-8,0,7,1
25.5666019522259,3.759369,1,0,13,0,0,0,0,0,0,0,0,0,0,0,0,-8,14.1680504251701,17.4507198028912,0.002895904,3.5,-8,0,7,1
25.6206509713572,3.819359,1,0,13,0,0,0,0,0,0,0,0,0,0,0,0,-8,14.2221339214853,17.5060678028912,0.004199596,3.5,-8,0,7,1
25.6730879907473,3.859352,1,0,13,0,0,0,0,0,0,0,0,0,0,0,0,-8,14.2745158234127,17.5564932028912,0.002838698,3.5,-8,0,7,1
25.7253034337144,3.919342,1,0,13,0,0,0,0,0,0,0,0,0,0,0,0,-8,14.3267680201247,17.6090380028912,0.0031178,3.5,-8,0,7,1
25.7759646190703,3.959335,1,0,13,0,0,0,0,0,0,0,0,0,0,0,0,-8,14.3774328231293,17.6596299028912,0.002521599,3.5,-8,0,7,1
25.8262659448897,4.019325,1,0,13,0,0,0,0,0,0,0,0,0,0,0,0,-8,14.4276743197279,17.7098086028912,0.004836898,3.5,-8,0,7,1
25.8773463272583,4.059319,1,0,13,0,0,0,0,0,0,0,0,0,0,0,0,-8,14.4788171201814,17.7615631028912,0.003662401,3.5,-8,0,7,1
25.9277603307087,4.119308,1,0,13,0,0,0,0,0,0,0,0,0,0,0,0,-8,14.5292110189909,17.8116569028912,0.002618594,3.5,-8,0,7,1
25.9804729343369,4.179298,1,0,13,0,0,0,0,0,0,0,0,0,0,0,0,-8,14.581893920068,17.8646810028912,0.002704797,3.5,-8,0,7,1
26.0311815368757,4.219292,1,0,13,0,0,0,0,0,0,0,0,0,0,0,0,-8,14.6326055201247,17.9146639028912,0.003520798,3.5,-8,0,7,1
26.0852811740222,4.279282,1,0,13,0,0,0,0,0,0,0,0,0,0,0,0,-8,14.6866719246032,17.9686219028912,0.004266702,3.5,-8,0,7,1
26.1382414289075,4.319275,1,0,13,0,0,0,0,0,0,0,0,0,0,0,0,-8,14.7396863236961,18.0217745028912,0.003531803,3.5,-8,0,7,1
26.1908755464316,4.379265,1,0,13,0,0,0,0,0,0,0,0,0,0,0,0,-8,14.792282220805,18.0742077028912,0.003224802,3.5,-8,0,7,1
26.2427448922838,4.439255,1,0,13,0,0,0,0,0,0,0,0,0,0,0,0,-8,14.8441861252834,18.1261984028912,0.003440802,3.5,-8,0,7,1
26.2942295343149,4.479248,1,0,13,0,0,0,0,0,0,0,0,0,0,0,0,-8,14.8956753188776,18.1778526028912,0.003002296,3.5,-8,0,7,1
26.3448861739784,4.539238,1,0,13,0,0,0,0,0,0,0,0,0,0,0,0,-8,14.9463134212018,18.2285262028912,0.002775298,3.5,-8,0,7,1
26.3967100872193,4.579231,1,0,13,0,0,0,0,0,0,0,0,0,0,0,0,-8,14.9981089214853,18.2805427028912,0.003194097,3.5,-8,0,7,1
26.4472884621774,4.639221,1,0,13,0,0,0,0,0,0,0,0,0,0,0,0,-8,15.0487176232993,18.3308221028912,0.003013903,3.5,-8,0,7,1
26.4976528810174,4.679214,1,0,13,0,0,0,0,0,0,0,0,0,0,0,0,-8,15.0991085246599,18.3814276028912,0.002809503,3.5,-8,0,7,1
26.5508895140886,4.739204,1,0,13,0,0,0,0,0,0,0,0,0,0,0,0,-8,15.1523497236395,18.4342869028912,0.003424504,3.5,-8,0,7,1
26.603314628005,4.799194,1,0,13,0,0,0,0,0,0,0,0,0,0,0,0,-8,15.2047261196145,18.4868126028912,0.003997598,3.5,-8,0,7,1
26.6538843130833,4.839188,1,0,13,0,0,0,0,0,0,0,0,0,0,0,0,-8,15.2552868197279,18.5375367028912,0.003210197,3.5,-8,0,7,1
26.7072359530418,4.899178,1,0,13,0,0,0,0,0,0,0,0,0,0,0,0,-8,15.3086240221088,18.5910487028912,0.004608199,3.5,-8,0,7,1
26.757322774576,4.939171,1,0,13,0,0,0,0,0,0,0,0,0,0,0,0,-8,15.358709119898,18.6407092028912,0.004760998,3.5,-8,0,7,1
26.8099974852381,4.999161,1,0,13,0,0,0,0,0,0,0,0,0,0,0,0,-8,15.4114207199546,18.6933192028912,0.003789399,3.5,-8,0,7,1
26.8638424359565,5.059151,1,0,13,0,0,0,0,0,0,0,0,0,0,0,0,-8,15.4653092191043,18.7473992028912,0.004120493,3.5,-8,0,7,1
26.9144782122294,5.099144,1,0,13,0,0,0,0,0,0,0,0,0,0,0,0,-8,15.5159251204649,18.7979781028912,0.002307001,3.5,-8,0,7,1
26.9657447056193,5.159134,1,0,13,0,0,0,0,0,0,0,0,0,0,0,0,-8,15.5669921201814,18.8491407028912,0.002337599,3.5,-8,0,7,1
27.0180411914131,5.199127,1,0,13,0,0,0,0,0,0,0,0,0,0,0,0,-8,15.618770819161,18.9005217028912,0.002315094,3.5,-8,0,7,1
27.0712089093705,5.259117,1,0,13,0,0,0,0,0,0,0,0,0,0,0,0,-8,15.6714121244331,18.9535487028912,0.003145699,3.5,-8,0,7,1
27.1213013733132,5.319107,1,0,13,0,0,0,0,0,0,0,0,0,0,0,0,-8,15.7210086238662,19.0052834028912,0.002794104,3.5,-8,0,7,1
27.1723809118755,5.3591,1,0,13,0,0,0,0,0,0,0,0,0,0,0,0,-8,15.7717515235261,19.0540521028912,0.0032831,3.5,-8,0,7,1
27.2252186315251,5.41909,1,0,13,0,0,0,0,0,0,0,0,0,0,0,0,-8,15.8246492205215,19.1068624028912,0.0044581,3.5,-8,0,7,1
27.2779898930131,5.459084,1,0,13,0,0,0,0,0,0,0,0,0,0,0,0,-8,15.8773954223356,19.1597457028912,0.003782901,3.5,-8,0,7,1
27.3281741712731,5.519073,1,0,13,0,0,0,0,0,0,0,0,0,0,0,0,-8,15.9275796201814,19.2096782028912,0.0026366,3.5,-8,0,7,1
27.3797913829447,5.559067,1,0,13,0,0,0,0,0,0,0,0,0,0,0,0,-8,15.9791819231859,19.2610481028912,0.002772803,3.5,-8,0,7,1
27.4324214587314,5.619057,1,0,13,0,0,0,0,0,0,0,0,0,0,0,0,-8,16.0318331207483,19.3137256028912,0.003086402,3.5,-8,0,7,1
27.484555151728,5.679047,1,0,13,0,0,0,0,0,0,0,0,0,0,0,0,-8,16.0839344246032,19.3657106028912,0.002857405,3.5,-8,0,7,1
27.5371696042293,5.71904,1,0,13,0,0,0,0,0,0,0,0,0,0,0,0,-8,16.1365365221088,19.4183582028912,0.002605598,3.5,-8,0,7,1
27.5895844567288,5.77903,1,0,13,0,0,0,0,0,0,0,0,0,0,0,0,-8,16.1889451247166,19.4709192028912,0.0033089,3.5,-8,0,7,1
27.6427974877949,5.83902,1,0,13,0,0,0,0,0,0,0,0,0,0,0,0,-8,16.2421662202381,19.5257063028912,0.003442595,3.5,-8,0,7,1
27.6950750351837,5.879013,1,0,13,0,0,0,0,0,0,0,0,0,0,0,0,-8,16.2944506235828,19.5767111028912,0.003958199,3.5,-8,0,7,1
27.7463358106907,5.939003,1,0,13,0,0,0,0,0,0,0,0,0,0,0,0,-8,16.345740625,19.6282991028912,0.004249702,3.5,-8,0,7,1
27.7974091608101,5.978996,1,0,13,0,0,0,0,0,0,0,0,0,0,0,0,-8,16.3968308248299,19.6790513028912,0.003544402,3.5,-8,0,7,1
27.8477291115397,6.038986,1,0,13,0,0,0,0,0,0,0,0,0,0,0,0,-8,16.4471270195578,19.7294519028912,0.004092397,3.5,-8,0,7,1
27.8997396225086,6.078979,1,0,13,0,0,0,0,0,0,0,0,0,0,0,0,-8,16.4991419217687,19.7810504028912,0.004069997,3.5,-8,0,7,1
27.9505417698505,6.138969,1,0,13,0,0,0,0,0,0,0,0,0,0,0,0,-8,16.5499380243764,19.8321372028912,0.003020699,3.5,-8,0,7,1
28.0036924928823,6.198959,1,0,13,0,0,0,0,0,0,0,0,0,0,0,0,-8,16.6036256235828,19.8865177028912,0.003713003,3.5,-8,0,7,1
28.0548956754338,6.238953,1,0,13,0,0,0,0,0,0,0,0,0,0,0,0,-8,16.6548298256803,19.9369756028912,0.003481604,3.5,-8,0,7,1
28.1052091024816,6.298943,1,0,13,0,0,0,0,0,0,0,0,0,0,0,0,-8,16.7051809240363,19.9875517028912,0.004209205,3.5,-8,0,7,1
28.1590234148665,6.338936,1,0,13,0,0,0,0,0,0,0,0,0,0,0,0,-8,16.7589271258503,20.0412027028912,0.004238705,3.5,-8,0,7,1
28.2100549196964,6.398926,1,0,13,0,0,0,0,0,0,0,0,0,0,0,0,-8,16.8100030257937,20.0920822028912,0.003453706,3.5,-8,0,7,1
28.2621283111745,6.458916,1,0,13,0,0,0,0,0,0,0,0,0,0,0,0,-8,16.8620506235828,20.1448201028912,0.004120699,3.5,-8,0,7,1
28.3130010815198,6.498909,1,0,13,0,0,0,0,0,0,0,0,0,0,0,0,-8,16.9129331207483,20.1949066028912,0.004015902,3.5,-8,0,7,1
28.3632564667519,6.558899,1,0,13,0,0,0,0,0,0,0,0,0,0,0,0,-8,16.9631913194444,20.2457914028912,0.004045699,3.5,-8,0,7,1
28.4167069338099,6.598892,1,0,13,0,0,0,0,0,0,0,0,0,0,0,0,-8,17.0166586238662,20.2985130028912,0.004012698,3.5,-8,0,7,1
28.4676721856487,6.658882,1,0,13,0,0,0,0,0,0,0,0,0,0,0,0,-8,17.0676013251134,20.3503726028912,0.004345805,3.5,-8,0,7,1
28.5188085892634,6.698875,1,0,13,0,0,0,0,0,0,0,0,0,0,0,0,-8,17.1187702239229,20.4010311028912,0.003676601,3.5,-8,0,7,1
28.5703529236559,6.758865,1,0,13,0,0,0,0,0,0,0,0,0,0,0,0,-8,17.1702724206349,20.4523665028912,0.002977898,3.5,-8,0,7,1
28.6207469469192,6.818855,1,0,13,0,0,0,0,0,0,0,0,0,0,0,0,-8,17.220676225907,20.5036880028912,0.003625907,3.5,-8,0,7,1
28.6724856614182,6.858849,1,0,13,0,0,0,0,0,0,0,0,0,0,0,0,-8,17.2724340206916,20.5545527028912,0.003675801,3.5,-8,0,7,1
28.7224906524271,6.918839,1,0,13,0,0,0,0,0,0,0,0,0,0,0,0,-8,17.3224274234694,20.6052463028912,0.002872201,3.5,-8,0,7,1
28.7734619897045,6.958832,1,0,13,0,0,0,0,0,0,0,0,0,0,0,0,-8,17.3734028202948,20.6554875028912,0.0025384,3.5,-8,0,7,1
28.8244732040633,7.018822,1,0,13,0,0,0,0,0,0,0,0,0,0,0,0,-8,17.4244405257936,20.7067141028912,0.003809907,3.5,-8,0,7,1
28.876703451483,7.058815,1,0,13,0,0,0,0,0,0,0,0,0,0,0,0,-8,17.4766663194444,20.7586877028912,0.002783794,3.5,-8,0,7,1
28.9267425950756,7.118805,1,0,13,0,0,0,0,0,0,0,0,0,0,0,0,-8,17.5266892219388,20.8087584028912,0.002692397,3.5,-8,0,7,1
28.9795752515574,7.158798,1,0,13,0,0,0,0,0,0,0,0,0,0,0,0,-8,17.5797913194444,20.8617898028912,0.0033098,3.5,-8,0,7,1
29.0313718591048,7.218788,1,0,13,0,0,0,0,0,0,0,0,0,0,0,0,-8,17.6321111252834,20.9142938028912,0.003060006,3.5,-8,0,7,1
29.0831971667288,7.278778,1,0,13,0,0,0,0,0,0,0,0,0,0,0,0,-8,17.6844599206349,20.9663378028912,0.003016397,3.5,-8,0,7,1
29.133591534514,7.318771,1,0,13,0,0,0,0,0,0,0,0,0,0,0,0,-8,17.7353633219955,21.0179310028912,0.002973398,3.5,-8,0,7,1
29.1858211625996,7.378761,1,0,13,0,0,0,0,0,0,0,0,0,0,0,0,-8,17.7881205215419,21.0701686028912,0.002925496,3.5,-8,0,7,1
29.2364954153262,7.418755,1,0,13,0,0,0,0,0,0,0,0,0,0,0,0,-8,17.8390586238662,21.1212023028912,0.002801304,3.5,-8,0,7,1
29.2868885433022,7.478745,1,0,13,0,0,0,0,0,0,0,0,0,0,0,0,-8,17.8894448200113,21.1714382028912,0.002788896,3.5,-8,0,7,1
29.3393191674887,7.538734,1,0,13,0,0,0,0,0,0,0,0,0,0,0,0,-8,17.9419015235261,21.2245201028912,0.002947499,3.5,-8,0,7,1
29.3907564568287,7.578728,1,0,13,0,0,0,0,0,0,0,0,0,0,0,0,-8,17.9933179209184,21.2754192028912,0.0032125,3.5,-8,0,7,1
29.4422366026975,7.638718,1,0,13,0,0,0,0,0,0,0,0,0,0,0,0,-8,18.0447549248866,21.3269306028912,0.003825602,3.5,-8,0,7,1
29.4931607460114,7.678711,1,0,13,0,0,0,0,0,0,0,0,0,0,0,0,-8,18.0957169217687,21.3782844028912,0.002533298,3.5,-8,0,7,1
29.5458138541132,7.738701,1,0,13,0,0,0,0,0,0,0,0,0,0,0,0,-8,18.1483632227891,21.4304661028912,0.002836799,3.5,-8,0,7,1
29.5960263586021,7.778694,1,0,13,0,0,0,0,0,0,0,0,0,0,0,0,-8,18.1985849206349,21.4807953028912,0.002983199,3.5,-8,0,7,1
29.6481410199287,7.838684,1,0,13,0,0,0,0,0,0,0,0,0,0,0,0,-8,18.2506999220522,21.5325404028912,0.003557001,3.5,-8,0,7,1
29.7005741232913,7.898674,1,0,13,0,0,0,0,0,0,0,0,0,0,0,0,-8,18.3031260204082,21.5858184028912,0.003576297,3.5,-8,0,7,1
29.7519103563693,7.938667,1,0,13,0,0,0,0,0,0,0,0,0,0,0,0,-8,18.3544698200113,21.6365754028912,0.002466901,3.5,-8,0,7,1
29.8044437266653,7.998657,1,0,13,0,0,0,0,0,0,0,0,0,0,0,0,-8,18.4070251204649,21.6897874028912,0.003043098,3.5,-8,0,7,1
29.8591012579901,8.058647,1,0,13,0,0,0,0,0,0,0,0,0,0,0,0,-8,18.4616858205782,21.7450640028912,0.0049116,3.5,-8,0,7,1
29.9103910064278,8.09864,1,0,13,0,0,0,0,0,0,0,0,0,0,0,0,-8,18.512918622449,21.7950042028912,0.003623802,3.5,-8,0,7,1
29.9609659978934,8.15863,1,0,13,0,0,0,0,0,0,0,0,0,0,0,0,-8,18.5635988236961,21.8461442028912,0.004368098,3.5,-8,0,7,1
30.0109710924095,8.198624,1,0,13,0,0,0,0,0,0,0,0,0,0,0,0,-8,18.6141090206916,21.8965318028912,0.004030598,3.5,-8,0,7,1
30.0630801600427,8.258614,1,0,13,0,0,0,0,0,0,0,0,0,0,0,0,-8,18.666205024093,21.9481144028912,0.003009503,3.5,-8,0,7,1
30.1147462877724,8.298607,1,0,13,0,0,0,0,0,0,0,0,0,0,0,0,-8,18.7178369189342,22.0003156028912,0.002520196,3.5,-8,0,7,1
30.1665743491659,8.358597,1,0,13,0,0,0,0,0,0,0,0,0,0,0,0,-8,18.7696795209751,22.0515725028912,0.002314895,3.5,-8,0,7,1
30.2167773931916,8.39859,1,0,13,0,0,0,0,0,0,0,0,0,0,0,0,-8,18.8198797193878,22.1021358028912,0.002687996,3.5,-8,0,7,1
30.2684082649881,8.45858,1,0,13,0,0,0,0,0,0,0,0,0,0,0,0,-8,18.8715162202381,22.1534440028912,0.002550198,3.5,-8,0,7,1
30.3212001669034,8.51857,1,0,13,0,0,0,0,0,0,0,0,0,0,0,0,-8,18.9242960246599,22.2070074028912,0.002770805,3.5,-8,0,7,1
30.3716459524282,8.558563,1,0,13,0,0,0,0,0,0,0,0,0,0,0,0,-8,18.9747647250567,22.2585582028912,0.003818204,3.5,-8,0,7,1
30.4237102694204,8.618553,1,0,13,0,0,0,0,0,0,0,0,0,0,0,0,-8,19.0268479237528,22.3099879028912,0.004664002,3.5,-8,0,7,1
30.4912374600116,8.69854,1,0,13,0,0,0,0,0,0,0,0,0,0,0,0,-8,19.0944332199546,22.3782813028912,0.0183504,3.5,-8,0,7,1
30.542531282655,8.75853,1,0,13,0,0,0,0,0,0,0,0,0,0,0,0,-8,19.1456011196145,22.4275592028912,0.004517595,3.5,-8,0,7,1
30.5955098260264,8.798523,1,0,13,0,0,0,0,0,0,0,0,0,0,0,0,-8,19.1985879251701,22.4810168028912,0.003168006,3.5,-8,0,7,1
30.6478169359686,8.858513,1,0,13,0,0,0,0,0,0,0,0,0,0,0,0,-8,19.2509351190476,22.5327761028912,0.003789895,3.5,-8,0,7,1
30.7026467637252,8.898506,1,0,13,0,0,0,0,0,0,0,0,0,0,0,0,-8,19.3057946215986,22.5882948028912,0.005048101,3.5,-8,0,7,1
30.7530857995711,8.938499,1,0,13,0,0,0,0,0,0,0,0,0,0,0,0,-8,19.3561879251701,22.6383062028912,0.003622506,3.5,-8,0,7,1
30.8032192248176,8.998489,1,0,13,0,0,0,0,0,0,0,0,0,0,0,0,-8,19.406359119898,22.6889599028912,0.004772895,3.5,-8,0,7,1
30.8536018868792,9.038483,1,0,13,0,0,0,0,0,0,0,0,0,0,0,0,-8,19.4567130243764,22.7412672028912,0.007466199,3.5,-8,0,7,1
30.9039184870175,9.098473,1,0,13,0,0,0,0,0,0,0,0,0,0,0,0,-8,19.5070478245465,22.7892539028912,0.0066482,3.5,-8,0,7,1
30.9577644267119,9.158463,1,0,13,0,0,0,0,0,0,0,0,0,0,0,0,-8,19.5607761196145,22.8450974028912,0.004384495,3.5,-8,0,7,1
31.0080134446686,9.198456,1,0,13,0,0,0,0,0,0,0,0,0,0,0,0,-8,19.6105276218821,22.8925002028912,0.003368296,3.5,-8,0,7,1
31.0611608895939,9.258446,1,0,13,0,0,0,0,0,0,0,0,0,0,0,0,-8,19.6635529195011,22.9466988028912,0.004853097,3.5,-8,0,7,1
31.1124131916277,9.298439,1,0,13,0,0,0,0,0,0,0,0,0,0,0,0,-8,19.7148074192177,22.9974495028912,0.002892694,3.5,-8,0,7,1
31.1642631786293,9.358429,1,0,13,0,0,0,0,0,0,0,0,0,0,0,0,-8,19.7666611252834,23.0485722028912,0.003907405,3.5,-8,0,7,1
31.2172323884768,9.398422,1,0,13,0,0,0,0,0,0,0,0,0,0,0,0,-8,19.819655024093,23.1017270028912,0.003273299,3.5,-8,0,7,1
31.2711243805662,9.458412,1,0,13,0,0,0,0,0,0,0,0,0,0,0,0,-8,19.8735684240363,23.1554874028912,0.004105605,3.5,-8,0,7,1
31.3222757930821,9.518402,1,0,13,0,0,0,0,0,0,0,0,0,0,0,0,-8,19.9247132227891,23.2069063028912,0.004112301,3.5,-8,0,7,1
31.3744698854256,9.558395,1,0,13,0,0,0,0,0,0,0,0,0,0,0,0,-8,19.9768785218254,23.2588167028912,0.003184502,3.5,-8,0,7,1
31.4273327537812,9.618385,1,0,13,0,0,0,0,0,0,0,0,0,0,0,0,-8,20.0297457199546,23.3115879028912,0.003686295,3.5,-8,0,7,1
31.4793664640212,9.678375,1,0,13,0,0,0,0,0,0,0,0,0,0,0,0,-8,20.0817860189909,23.3644870028912,0.003970493,3.5,-8,0,7,1
31.5310979684466,9.718369,1,0,13,0,0,0,0,0,0,0,0,0,0,0,0,-8,20.1335335246599,23.4161439028912,0.003312599,3.5,-8,0,7,1
31.5827093178011,9.778358,1,0,13,0,0,0,0,0,0,0,0,0,0,0,0,-8,20.1851499220522,23.4672227028912,0.004390901,3.5,-8,0,7,1
31.6341293310514,9.818352,1,0,13,0,0,0,0,0,0,0,0,0,0,0,0,-8,20.2365515235261,23.5187888028912,0.003438003,3.5,-8,0,7,1
31.6874493612582,9.878342,1,0,13,0,0,0,0,0,0,0,0,0,0,0,0,-8,20.289857220805,23.5720546028912,0.003504301,3.5,-8,0,7,1
31.7397095003026,9.938332,1,0,13,0,0,0,0,0,0,0,0,0,0,0,0,-8,20.3421319231859,23.6247125028912,0.002862798,3.5,-8,0,7,1
31.7907878783788,9.978325,1,0,13,0,0,0,0,0,0,0,0,0,0,0,0,-8,20.3931835246599,23.6751858028912,0.0030455,3.5,-8,0,7,1
31.8443608953641,10.03831,1,0,13,0,0,0,0,0,0,0,0,0,0,0,0,-8,20.4467954223356,23.7286444028912,0.003646698,3.5,-8,0,7,1
31.8960563962604,10.07831,1,0,13,0,0,0,0,0,0,0,0,0,0,0,0,-8,20.4984424248866,23.7805208028912,0.003458206,3.5,-8,0,7,1
31.9465823038784,10.1383,1,0,13,0,0,0,0,0,0,0,0,0,0,0,0,-8,20.5490054209184,23.8309222028912,0.002895897,3.5,-8,0,7,1
31.9989830250526,10.19829,1,0,13,0,0,0,0,0,0,0,0,0,0,0,0,-8,20.6008873228458,23.8845538028912,0.002983397,3.5,-8,0,7,1
32.0496055389149,10.23828,1,0,13,0,0,0,0,0,0,0,0,0,0,0,0,-8,20.6510086238662,23.9329308028912,0.002750602,3.5,-8,0,7,1
32.1006234647916,10.29827,1,0,13,0,0,0,0,0,0,0,0,0,0,0,0,-8,20.7015214214853,23.9848197028912,0.002735402,3.5,-8,0,7,1
32.1529683326581,10.33826,1,0,13,0,0,0,0,0,0,0,0,0,0,0,0,-8,20.7533480229592,24.0351791028912,0.0027598,3.5,-8,0,7,1
32.2053912695334,10.39825,1,0,13,0,0,0,0,0,0,0,0,0,0,0,0,-8,20.8052519203515,24.0873942028912,0.003399596,3.5,-8,0,7,1
32.2583029525401,10.43825,1,0,13,0,0,0,0,0,0,0,0,0,0,0,0,-8,20.8576397250567,24.1397539028912,0.003671804,3.5,-8,0,7,1
32.3088695497345,10.49824,1,0,13,0,0,0,0,0,0,0,0,0,0,0,0,-8,20.9078896258503,24.1898552028912,0.003095103,3.5,-8,0,7,1
32.3602908235276,10.53823,1,0,13,0,0,0,0,0,0,0,0,0,0,0,0,-8,20.9592832199546,24.2414680028912,0.003509099,3.5,-8,0,7,1
32.4121232466516,10.59822,1,0,13,0,0,0,0,0,0,0,0,0,0,0,0,-8,21.0111163194444,24.2931714028912,0.0029161,3.5,-8,0,7,1
32.4638205141365,10.65821,1,0,13,0,0,0,0,0,0,0,0,0,0,0,0,-8,21.0628490221088,24.3453591028912,0.002916199,3.5,-8,0,7,1
32.5139341922873,10.6982,1,0,13,0,0,0,0,0,0,0,0,0,0,0,0,-8,21.1129508219955,24.3948898028912,0.002960296,3.5,-8,0,7,1
32.5657045482285,10.75819,1,0,13,0,0,0,0,0,0,0,0,0,0,0,0,-8,21.1646933248299,24.4468535028912,0.0042429,3.5,-8,0,7,1
32.6169656016887,10.79819,1,0,13,0,0,0,0,0,0,0,0,0,0,0,0,-8,21.2159672193878,24.4983613028912,0.003212394,3.5,-8,0,7,1
32.6695821960014,10.85818,1,0,13,0,0,0,0,0,0,0,0,0,0,0,0,-8,21.2685981221655,24.5509707028912,0.003235303,3.5,-8,0,7,1
32.7219229317037,10.91817,1,0,13,0,0,0,0,0,0,0,0,0,0,0,0,-8,21.3209342191043,24.6037359028912,0.003020394,3.5,-8,0,7,1
32.7724453975423,10.95816,1,0,13,0,0,0,0,0,0,0,0,0,0,0,0,-8,21.3714615221088,24.6534381028912,0.002843197,3.5,-8,0,7,1
32.8248988776468,11.01815,1,0,13,0,0,0,0,0,0,0,0,0,0,0,0,-8,21.4239268211451,24.7059178028912,0.003790696,3.5,-8,0,7,1
32.8758249953506,11.05814,1,0,13,0,0,0,0,0,0,0,0,0,0,0,0,-8,21.4748302225057,24.7568394028912,0.002241298,3.5,-8,0,7,1
32.9269301271043,11.11813,1,0,13,0,0,0,0,0,0,0,0,0,0,0,0,-8,21.5259376204649,24.8083520028912,0.0038161,3.5,-8,0,7,1
32.9785312641552,11.15813,1,0,13,0,0,0,0,0,0,0,0,0,0,0,0,-8,21.5778123228458,24.8602158028912,0.002870203,3.5,-8,0,7,1
33.0291032381402,11.21812,1,0,13,0,0,0,0,0,0,0,0,0,0,0,0,-8,21.6288951247166,24.9109062028912,0.004981902,3.5,-8,0,7,1
33.0806622374244,11.27811,1,0,13,0,0,0,0,0,0,0,0,0,0,0,0,-8,21.6809749220522,24.9647885028912,0.003934999,3.5,-8,0,7,1
33.1328321718588,11.3181,1,0,13,0,0,0,0,0,0,0,0,0,0,0,0,-8,21.7336718253968,25.0159622028912,0.004567801,3.5,-8,0,7,1
33.1859591347096,11.37809,1,0,13,0,0,0,0,0,0,0,0,0,0,0,0,-8,21.7873354237528,25.0692361028912,0.004166603,3.5,-8,0,7,1
33.2377116791997,11.41808,1,0,13,0,0,0,0,0,0,0,0,0,0,0,0,-8,21.8396107213719,25.1214324028912,0.003102898,3.5,-8,0,7,1
33.2892300478439,11.47807,1,0,13,0,0,0,0,0,0,0,0,0,0,0,0,-8,21.8914077239229,25.1734176028912,0.002385502,3.5,-8,0,7,1
33.3448525108816,11.55806,1,0,13,0,0,0,0,0,0,0,0,0,0,0,0,-8,21.9469780257937,25.2296216028912,0.005586302,3.5,-8,0,7,1
33.3974811348645,11.59805,1,0,13,0,0,0,0,0,0,0,0,0,0,0,0,-8,21.999642821712,25.2817967028912,0.003623696,3.5,-8,0,7,1
33.4477472835709,11.65804,1,0,13,0,0,0,0,0,0,0,0,0,0,0,0,-8,22.0499285218254,25.3320202028912,0.002735502,3.5,-8,0,7,1
33.4977918960806,11.69804,1,0,13,0,0,0,0,0,0,0,0,0,0,0,0,-8,22.0999581207483,25.3818845028912,0.0031313,3.5,-8,0,7,1
33.5484234461188,11.75803,1,0,13,0,0,0,0,0,0,0,0,0,0,0,0,-8,22.1505990221088,25.4325767028912,0.003194799,3.5,-8,0,7,1
33.6015332326386,11.79802,1,0,13,0,0,0,0,0,0,0,0,0,0,0,0,-8,22.2036764243197,25.4856803028912,0.003177105,3.5,-8,0,7,1
33.6525955973263,11.83801,1,0,13,0,0,0,0,0,0,0,0,0,0,0,0,-8,22.2547522250567,25.5366994028912,0.0022446,3.5,-8,0,7,1
33.7037209409033,11.898,1,0,13,0,0,0,0,0,0,0,0,0,0,0,0,-8,22.3058926232993,25.5881590028912,0.002149199,3.5,-8,0,7,1
33.7547877153731,11.938,1,0,13,0,0,0,0,0,0,0,0,0,0,0,0,-8,22.3569663194444,25.6388842028912,0.002487394,3.5,-8,0,7,1
33.8056994068273,11.99799,1,0,13,0,0,0,0,0,0,0,0,0,0,0,0,-8,22.4078400226757,25.6896209028912,0.002177997,3.5,-8,0,7,1
34.0453718943009,12.41792,1,0,13,1.55,0,0,1,0,0,0,0,0,0,-8,0,-8,22.6452916241497,25.9356379028912,0.2232028,3.5,-8,0,7,1
34.0970322852465,12.45791,1,0,13,1.278873,0,0,1,0,0,0,0,0,0,-8,0,-8,22.6964405257937,25.9793542028912,0.003224802,3.5,-8,0,7,1
34.1502695836802,12.5179,1,0,13,1.226752,0,0,1,0,0,0,0,0,0,-8,0,-8,22.7491507227891,26.0313110028912,0.003814399,3.5,-8,0,7,1
34.2049401775608,12.57789,1,0,13,1.17429,0,0,1,0,0,0,0,0,0,-8,0,-8,22.803280024093,26.0867942028912,0.005480903,3.5,-8,0,7,1
34.2577277215687,12.43791,1,0,13,1.119817,0,0,1,0,0,0,0,0,0,-8,0,-8,22.8555449192177,26.1376632028912,0.0032732,3.5,-8,0,7,1
34.3092089432641,12.4979,1,0,13,1.069114,0,0,1,0,0,0,0,0,0,-8,0,-8,22.906516425737,26.1887329028912,0.003541404,3.5,-8,0,7,1
34.3605519839143,12.5379,1,0,13,1.017767,0,0,1,0,0,0,0,0,0,-8,0,-8,22.9573511196145,26.2395430028912,0.003029096,3.5,-8,0,7,1
34.4125551679428,12.59789,1,0,13,0.9659086,0,0,1,0,0,0,0,0,0,-8,0,-8,23.0088394203515,26.2909568028912,0.002659099,3.5,-8,0,7,1
34.4658804407506,12.65788,1,0,13,0.9141199,0,0,1,0,0,0,0,0,0,-8,0,-8,23.0616367205215,26.3446920028912,0.003667595,3.5,-8,0,7,1
34.5181888505141,12.69787,1,0,13,0.8619977,0,0,1,0,0,0,0,0,0,-8,0,-8,23.1134272250567,26.3955895028912,0.003335906,3.5,-8,0,7,1
34.5706018888438,12.75786,1,0,13,0.8106158,0,0,1,0,0,0,0,0,0,-8,0,-8,23.1653213222789,26.4475311028912,0.003848101,3.5,-8,0,7,1
34.7557166877668,12.67787,1,0,0,0.7783984,0,0,1,1,0,0,0,0,0,-8,0,-8,23.2278055201247,26.5123514028912,0.03411489,3.5,-8,0,7,1
34.8069016877119,12.85784,1,0,0,0.6964093,0,0,1,1,0,0,0,0,0,-8,0,-8,23.2790207199546,26.5610111028912,0.003341001,3.5,-8,0,7,1
34.8576770715648,12.91783,1,0,0,0.6453364,0,0,1,1,0,0,0,0,0,-8,0,-8,23.3297725198413,26.6125475028912,0.003019799,3.5,-8,0,7,1
34.9086599240801,12.97782,1,0,0,0.5945384,0,0,1,1,0,0,0,0,0,-8,0,-8,23.3807444231859,26.6637283028912,0.003193601,3.5,-8,0,7,1
34.9601599544706,13.01781,1,0,0,0.5428431,0,0,1,1,0,0,0,0,0,-8,0,-8,23.432220819161,26.7143803028912,0.002974596,3.5,-8,0,7,1
35.0123630569689,13.0778,1,0,0,0.4918117,0,0,1,1,0,0,0,0,0,-8,0,-8,23.4844432256236,26.7668877028912,0.004165505,3.5,-8,0,7,1
35.0648238038807,13.1178,1,0,0,0.4385025,0,0,1,1,0,0,0,0,0,-8,0,-8,23.5369323200113,26.8191497028912,0.003345401,3.5,-8,0,7,1
35.117174714813,13.17779,1,0,0,0.3853911,0,0,1,1,0,0,0,0,0,-8,0,-8,23.5896734197846,26.8720713028912,0.002975198,3.5,-8,0,7,1
35.1681181357079,13.23778,1,0,0,0.3343638,0,0,1,1,0,0,0,0,0,-8,0,-8,23.641131420068,26.9242826028912,0.003405896,3.5,-8,0,7,1
35.2199047403759,13.27777,1,0,0,0.2917575,0,0,1,1,0,0,0,0,0,-8,0,-8,23.6934411210317,26.9803273028912,0.0131093,3.5,-8,0,7,1
35.2715086866938,13.35776,1,0,0,0.2323135,0,0,1,1,0,0,0,0,0,-8,0,-8,23.7455663194444,27.0324895028912,0.005790498,3.5,-8,0,7,1
35.3238825622201,13.39775,1,0,0,0.1768324,0,0,1,1,0,0,0,0,0,-8,0,-8,23.7984692247732,27.0818065028912,0.003212302,3.5,-8,0,7,1
35.3761050617904,13.45774,1,0,0,0.1241996,0,0,1,1,0,0,0,0,0,-8,0,-8,23.8512192247732,27.1341812028912,0.0033295,3.5,-8,0,7,1
35.4294140857598,13.51773,1,0,0,0.07115241,0,0,1,1,0,0,0,0,0,-8,0,-8,23.905066723356,27.1874442028912,0.004129804,3.5,-8,0,7,1
35.4818323053257,13.53773,1,0,0,0.0173995,0,0,1,1,0,0,0,0,0,-8,0,-8,23.9580144203515,27.2403482028912,0.003324596,3.5,-8,0,7,1
35.5333000289113,13.59772,1,0,0,0,1,6.967193,1,1,0,0,0,0,0,-8,0,-8,24.0100020195578,27.2920628028912,0.004003996,3.5,-8,0,7,1
35.5837297389284,13.65771,1,0,0,0,1,6.917087,1,1,0,0,0,0,0,-8,0,-8,24.0609411210317,27.3440043028912,0.004837302,3.5,-8,0,7,1
35.6357408750011,13.6977,1,0,0,0,1,6.863377,1,1,0,0,0,0,0,-8,0,-8,24.1134776218821,27.3965395028912,0.003662798,3.5,-8,0,7,1
35.689634989507,13.75769,1,0,0,0,1,6.81026,1,1,0,0,0,0,0,-8,0,-8,24.1679161210317,27.4512682028912,0.004984496,3.5,-8,0,7,1
35.7430338093499,13.81768,1,0,0,0,1,6.75507,1,1,0,0,0,0,0,-8,0,-8,24.2218543225624,27.5050598028912,0.0037322,3.5,-8,0,7,1
35.7932371075242,13.85767,1,0,0,0,1,6.70556,1,1,0,0,0,0,0,-8,0,-8,24.2725647250567,27.5553618028912,0.0049321,3.5,-8,0,7,1
35.8501349788927,13.91766,1,0,0,0,1,6.650234,1,1,0,0,0,0,0,-8,0,-8,24.3300373228458,27.6126288028912,0.007078104,3.5,-8,0,7,1
35.901785654258,13.97765,1,0,0,0,1,6.594962,1,1,0,0,0,0,0,-8,0,-8,24.3822097222222,27.6663369028912,0.0039786,3.5,-8,0,7,1
35.9539317296259,14.01765,1,0,0,0,1,6.542105,1,1,0,0,0,0,0,-8,0,-8,24.4348825255102,27.7173124028912,0.003794707,3.5,-8,0,7,1
36.0079807769693,14.07764,1,0,0,0,1,6.488983,1,1,0,0,0,0,0,-8,0,-8,24.4894775226757,27.7716914028912,0.005267099,3.5,-8,0,7,1
36.0583848465979,14.13763,1,0,0,0,1,6.43624,1,1,0,0,0,0,0,-8,0,-8,24.5403907242063,27.8242063028912,0.003438202,3.5,-8,0,7,1
36.1720707051828,14.23761,1,0,0,0,1,6.386012,1,1,1.468576,0,0,6,0,-8,0,-8,24.6552249220522,27.9395884028912,0.0680446,3.5,-8,0,7,1
36.2242917177826,14.2976,1,0,0,0,1,6.270845,1,1,1.421178,0,0,6,0,-8,0,-8,24.7079734197846,27.9903513028912,0.005627197,3.5,-8,0,7,1
36.2767999374471,14.35759,1,0,0,0,1,6.216125,1,1,1.36617,0,0,6,0,-8,0,-8,24.7610120252268,28.0440141028912,0.0039455,3.5,-8,0,7,1
36.3305902952445,14.39758,1,0,0,0,1,6.162534,1,1,1.312579,0,0,6,0,-8,0,-8,24.8153457199546,28.0976797028912,0.004687195,3.5,-8,0,7,1
36.3847277565999,14.45757,1,0,0,0,1,6.107375,1,1,1.257419,0,0,6,0,-8,0,-8,24.870030024093,28.1527559028912,0.004212302,3.5,-8,0,7,1
36.4366958253854,14.51756,1,0,0,0,1,6.054612,1,1,1.204657,0,0,6,0,-8,0,-8,24.9225230229592,28.2051951028912,0.003942801,3.5,-8,0,7,1
36.4893340248568,14.55756,1,0,0,0,1,6.000488,1,1,1.150532,0,0,6,0,-8,0,-8,24.9756929209184,28.2578517028912,0.002988301,3.5,-8,0,7,1
36.5423049673601,14.61755,1,0,0,0,1,5.947113,1,1,1.097158,0,0,6,0,-8,0,-8,25.0291989229025,28.3118322028912,0.003120103,3.5,-8,0,7,1
36.5956965611852,14.67754,1,0,0,0,1,5.893775,1,1,1.04382,0,0,6,0,-8,0,-8,25.0831298256803,28.3662395028912,0.003712904,3.5,-8,0,7,1
36.6459219301888,14.71753,1,0,0,0,1,5.842836,1,1,0.992881,0,0,6,0,-8,0,-8,25.1338625212585,28.4165190028912,0.003506696,3.5,-8,0,7,1
36.6989399947459,14.77752,1,0,0,0,1,5.790329,1,1,0.9403741,0,0,6,0,-8,0,-8,25.1874161210317,28.4695731028912,0.004553401,3.5,-8,0,7,1
36.7499938995601,14.81751,1,0,0,0,1,5.737433,1,1,0.8874786,0,0,6,0,-8,0,-8,25.2389857213719,28.5212609028912,0.003227402,3.5,-8,0,7,1
36.8029239560198,14.8775,1,0,0,0,1,5.684567,1,1,0.8346122,0,0,6,0,-8,0,-8,25.2924504251701,28.5747698028912,0.003825702,3.5,-8,0,7,1
36.8562898031948,14.93749,1,0,0,0,1,5.63025,1,1,0.7802954,0,0,6,0,-8,0,-8,25.346355321712,28.6289037028912,0.003413697,3.5,-8,0,7,1
36.9089433513558,14.97749,1,0,0,0,1,5.577126,1,1,0.7271708,0,0,6,0,-8,0,-8,25.3995407242063,28.6817909028912,0.003474405,3.5,-8,0,7,1
36.9591065501911,15.03748,1,0,0,0,1,5.52652,1,1,0.6765656,0,0,6,0,-8,0,-8,25.4502106221655,28.7324415028912,0.003539101,3.5,-8,0,7,1
37.0104201331758,15.09747,1,0,0,0,1,5.474747,1,1,0.6247917,0,0,6,0,-8,0,-8,25.502042524093,28.7847512028912,0.003596903,3.5,-8,0,7,1
37.0615471927472,15.13746,1,0,0,0,1,5.423208,1,1,0.573253,0,0,6,0,-8,0,-8,25.5536860189909,28.8367416028912,0.003701694,3.5,-8,0,7,1
37.1137734594173,15.19745,1,0,0,0,1,5.37066,1,1,0.5207049,0,0,6,0,-8,0,-8,25.606439824263,28.8885099028912,0.003907405,3.5,-8,0,7,1
37.1694484868436,15.25744,1,0,0,0,1,5.316608,1,1,0.466652,0,0,6,0,-8,0,-8,25.6626772250567,28.9468563028912,0.006091901,3.5,-8,0,7,1
37.2196275264909,15.29743,1,0,0,0,1,5.262465,1,1,0.4125091,0,0,6,0,-8,0,-8,25.7133631235828,28.9955760028912,0.002634899,3.5,-8,0,7,1
37.272488672433,15.35742,1,0,0,0,1,5.211227,1,1,0.3612725,0,0,6,0,-8,0,-8,25.7667582199546,29.0494686028912,0.004793396,3.5,-8,0,7,1
37.3230312451534,15.39742,1,0,0,0,1,5.158813,1,1,0.3088577,0,0,6,0,-8,0,-8,25.8178113236961,29.1001226028912,0.003431703,3.5,-8,0,7,1
37.3758252683538,15.45741,1,0,0,0,1,5.105394,1,1,0.2554404,0,0,6,0,-8,0,-8,25.8711386196145,29.1537415028912,0.003341695,3.5,-8,0,7,1
37.4295794972149,15.5174,1,0,0,0,1,5.052494,1,1,0.2025399,0,0,6,0,-8,0,-8,25.9254358205782,29.2076497028912,0.0047384,3.5,-8,0,7,1
37.4802250265703,15.55739,1,0,0,0,1,4.999035,1,1,0.1490813,0,0,6,0,-8,0,-8,25.9765929209184,29.2586401028912,0.002436898,3.5,-8,0,7,1
37.5305184154306,15.61738,1,0,0,0,1,4.948195,1,1,0.09824229,0,0,6,0,-8,0,-8,26.0273943239796,29.3093142028912,0.002399298,3.5,-8,0,7,1
37.5823167003435,15.65737,1,0,0,0,1,4.895952,1,1,0.0459996,0,0,6,0,-8,0,-8,26.0797158234127,29.3616525028912,0.002478104,3.5,-8,0,7,1
37.6344267378235,15.71736,1,0,0,0,1,4.843858,1,1,0,0,0,6,0,-8,0,-8,26.1323522250567,29.4148304028912,0.003019303,3.5,-8,0,7,1
37.6852542229579,15.77735,1,0,0,0,1,4.793465,1,1,0,0,0,6,0,-8,0,-8,26.1836931193311,29.4673330028912,0.003967694,3.5,-8,0,7,1
37.7374835555395,15.81734,1,0,0,0,1,4.740474,1,1,0,0,0,6,0,-8,0,-8,26.2364500212585,29.5187877028912,0.003733099,3.5,-8,0,7,1
37.7880043455586,15.87733,1,0,0,0,1,4.688646,1,1,0,0,0,6,0,-8,0,-8,26.287481122449,29.5696534028912,0.002935998,3.5,-8,0,7,1
37.8394085104298,15.91733,1,0,0,0,1,4.637242,1,1,0,0,0,6,0,-8,0,-8,26.3394045209751,29.6221015028912,0.003455598,3.5,-8,0,7,1
37.8920039441111,15.97732,1,0,0,0,1,4.583496,1,1,0,0,0,6,0,-8,0,-8,26.3925312216553,29.6748047028912,0.0028357,3.5,-8,0,7,1
37.9447388697392,16.03731,1,0,0,0,1,4.531745,1,1,0,0,0,6,0,-8,0,-8,26.4457988236961,29.7283723028912,0.004352204,3.5,-8,0,7,1
37.9969274089392,16.0773,1,0,0,0,1,4.478887,1,1,0,0,0,6,0,-8,0,-8,26.4985145195578,29.7809028028912,0.004210395,3.5,-8,0,7,1
38.0484165217588,16.13729,1,0,0,0,1,4.426586,1,1,0,0,0,6,0,-8,0,-8,26.5505237244898,29.8336352028912,0.003918105,3.5,-8,0,7,1
38.1002326251939,16.19728,1,0,0,0,1,4.373595,1,1,0,0,0,6,0,-8,0,-8,26.6028632227891,29.8855016028912,0.003265498,3.5,-8,0,7,1
38.1522494996223,16.23727,1,0,0,0,1,4.320777,1,1,0,0,0,6,0,-8,0,-8,26.6554055201247,29.9377790028912,0.002991298,3.5,-8,0,7,1
38.2056913858303,16.29726,1,0,0,0,1,4.267535,1,1,0,0,0,6,0,-8,0,-8,26.7093872236395,29.9915963028912,0.003730903,3.5,-8,0,7,1
38.2562447485956,16.35725,1,0,0,0,1,4.216249,1,1,0,0,0,6,0,-8,0,-8,26.760451225907,30.0440733028912,0.003509403,3.5,-8,0,7,1
38.3069793721754,16.39725,1,0,0,0,1,4.164468,1,1,0,0,0,6,0,-8,0,-8,26.8116983205782,30.0940025028912,0.002975397,3.5,-8,0,7,1
38.3581785139767,16.45724,1,0,0,0,1,4.11367,1,1,0,0,0,6,0,-8,0,-8,26.8634146258503,30.1467969028912,0.003893601,3.5,-8,0,7,1
38.4107958218688,16.49723,1,0,0,0,1,4.059939,1,1,0,0,0,6,0,-8,0,-8,26.9165634212018,30.1988327028912,0.003311097,3.5,-8,0,7,1
38.4624560029199,16.55722,1,0,0,0,1,4.007827,1,1,0,0,0,6,0,-8,0,-8,26.9687454223356,30.2508030028912,0.003380499,3.5,-8,0,7,1
38.5148308608471,16.61721,1,0,0,0,1,3.955213,1,1,0,0,0,6,0,-8,0,-8,27.0216493197279,30.3047372028912,0.003670996,3.5,-8,0,7,1
38.5685286578955,16.6572,1,0,0,0,1,3.904274,1,1,0,0,0,6,0,-8,0,-8,27.0758895195578,30.3598644028912,0.006971195,3.5,-8,0,7,1
38.6208498629462,16.71719,1,0,0,0,1,3.848597,1,1,0,0,0,6,0,-8,0,-8,27.1287392219388,30.4110035028912,0.004144303,3.5,-8,0,7,1
38.6739851455484,16.77718,1,0,0,0,1,3.794861,1,1,0,0,0,6,0,-8,0,-8,27.1824112244898,30.4655774028912,0.004080499,3.5,-8,0,7,1
38.7246387911215,16.81718,1,0,0,0,1,3.743516,1,1,0,0,0,6,0,-8,0,-8,27.2335765235261,30.5158319028912,0.003901205,3.5,-8,0,7,1
38.7765066750627,16.87717,1,0,0,0,1,3.692716,1,1,0,0,0,6,0,-8,0,-8,27.2859683248299,30.5683373028912,0.005492099,3.5,-8,0,7,1
38.8274752382305,16.91716,1,0,0,0,1,3.64046,1,1,0,0,0,6,0,-8,0,-8,27.3374517219388,30.6198249028912,0.004719303,3.5,-8,0,7,1
38.8789116796525,16.97715,1,0,0,0,1,3.587836,1,1,0,0,0,6,0,-8,0,-8,27.3894077239229,30.6716062028912,0.004051098,3.5,-8,0,7,1
38.9311423952482,17.03714,1,0,0,0,1,3.53536,1,1,0,0,0,6,0,-8,0,-8,27.4421660218254,30.7253160028912,0.004333603,3.5,-8,0,7,1
38.9816949646245,17.07713,1,0,0,0,1,3.483783,1,1,0,0,0,6,0,-8,0,-8,27.493229223356,30.7754608028912,0.003820699,3.5,-8,0,7,1
39.0343972197734,17.13712,1,0,0,0,1,3.4307,1,1,0,0,0,6,0,-8,0,-8,27.5464638251134,30.8285170028912,0.003970904,3.5,-8,0,7,1
39.0878189024515,17.19711,1,0,0,0,1,3.378039,1,1,0,0,0,6,0,-8,0,-8,27.6004251204649,30.8838047028912,0.005271698,3.5,-8,0,7,1
39.1382559369109,17.23711,1,0,0,0,1,3.325463,1,1,0,0,0,6,0,-8,0,-8,27.651371619898,30.9339263028912,0.0036428,3.5,-8,0,7,1
39.1954209164623,17.2971,1,0,0,0,1,3.271902,1,1,0,0,0,6,0,-8,0,-8,27.7091140235261,30.9924086028912,0.007824001,3.5,-8,0,7,1
39.2487990401918,17.35709,1,0,0,0,1,3.216306,1,1,0,0,0,6,0,-8,0,-8,27.7630313208617,31.0470306028912,0.006145698,3.5,-8,0,7,1
39.3008004732686,17.39708,1,0,0,0,1,3.161209,1,1,0,0,0,6,0,-8,0,-8,27.8155580215419,31.0978151028912,0.003575,3.5,-8,0,7,1
39.3514239253406,17.45707,1,0,0,0,1,3.110776,1,1,0,0,0,6,0,-8,0,-8,27.866692821712,31.1492743028912,0.004276396,3.5,-8,0,7,1
39.4028380937828,17.49706,1,0,0,0,1,3.059139,1,1,0,0,0,6,0,-8,0,-8,27.9186263251134,31.2010777028912,0.004572803,3.5,-8,0,7,1
39.4564155017654,17.55705,1,0,0,0,1,3.004381,1,1,0,0,0,6,0,-8,0,-8,27.9727449192177,31.2550925028912,0.003934198,3.5,-8,0,7,1
39.5089896506304,17.61704,1,0,0,0,1,2.951972,1,1,0,0,0,6,0,-8,0,-8,28.0258501204649,31.3082619028912,0.004629996,3.5,-8,0,7,1
39.5597860580566,17.65704,1,0,0,0,1,2.899359,1,1,0,0,0,6,0,-8,0,-8,28.0771596230159,31.3595179028912,0.003326899,3.5,-8,0,7,1
39.611971727733,17.71703,1,0,0,0,1,2.849244,1,1,0,0,0,6,0,-8,0,-8,28.1298724206349,31.4122577028912,0.005924298,3.5,-8,0,7,1
39.6642283849837,17.77702,1,0,0,0,1,2.794592,1,1,0,0,0,6,0,-8,0,-8,28.1826569231859,31.4656989028912,0.004056902,3.5,-8,0,7,1
39.7176326483698,17.81701,1,0,0,0,1,2.740666,1,1,0,0,0,6,0,-8,0,-8,28.2366006235828,31.5190138028912,0.004075198,3.5,-8,0,7,1
39.7678850465384,17.877,1,0,0,0,1,2.691544,1,1,0,0,0,6,0,-8,0,-8,28.2873606221655,31.5699307028912,0.005713102,3.5,-8,0,7,1
39.8217868842557,17.93699,1,0,0,0,1,2.635593,1,1,0,0,0,6,0,-8,0,-8,28.3418069231859,31.6244450028912,0.004208,3.5,-8,0,7,1
39.8721311551239,17.97698,1,0,0,0,1,2.583755,1,1,0,0,0,6,0,-8,0,-8,28.3926597222222,31.6748482028912,0.003223002,3.5,-8,0,7,1
39.927761037976,18.03697,1,0,0,0,1,2.530621,1,1,0,0,0,6,0,-8,0,-8,28.4488515235261,31.7317016028912,0.006280704,3.5,-8,0,7,1
39.9803482498694,18.09696,1,0,0,0,1,2.47536,1,1,0,0,0,6,0,-8,0,-8,28.5019699192177,31.7861530028912,0.004137897,3.5,-8,0,7,1
40.0344676887081,18.13696,1,0,0,0,1,2.422046,1,1,0,0,0,6,0,-8,0,-8,28.5566360189909,31.8390364028912,0.005489498,3.5,-8,0,7,1
40.086185690118,18.19695,1,0,0,0,1,2.367503,1,1,0,0,0,6,0,-8,0,-8,28.6088764243197,31.8911026028912,0.003187103,3.5,-8,0,7,1
40.1363609695807,18.23694,1,0,0,0,1,2.31659,1,1,0,0,0,6,0,-8,0,-8,28.6595585246599,31.9415933028912,0.002956505,3.5,-8,0,7,1
40.1875802031183,18.29693,1,0,0,0,1,2.26523,1,1,0,0,0,6,0,-8,0,-8,28.7112951247166,31.9933096028912,0.003333206,3.5,-8,0,7,1
40.2380763418344,18.35692,1,0,0,0,1,2.215115,1,1,0,0,0,6,0,-8,0,-8,28.7623013251134,32.0451665028912,0.004224001,3.5,-8,0,7,1
40.290617125947,18.39691,1,0,0,0,1,2.161027,1,1,0,0,0,6,0,-8,0,-8,28.8153728245465,32.0975485028912,0.003207504,3.5,-8,0,7,1
40.3409612004273,18.4569,1,0,0,0,1,2.110042,1,1,0,0,0,6,0,-8,0,-8,28.8662254251701,32.1482677028912,0.003075,3.5,-8,0,7,1
40.3928604628821,18.49689,1,0,0,0,1,2.058451,1,1,0,0,0,6,0,-8,0,-8,28.9186489229025,32.2010618028912,0.003907497,3.5,-8,0,7,1
40.4430116873514,18.55688,1,0,0,0,1,2.007921,1,1,0,0,0,6,0,-8,0,-8,28.9693067247732,32.2515443028912,0.004035006,3.5,-8,0,7,1
40.4938416490029,18.61687,1,0,0,0,1,1.956403,1,1,0,0,0,6,0,-8,0,-8,29.0206501204649,32.3036738028912,0.003859496,3.5,-8,0,7,1
40.5446176629653,18.65687,1,0,0,0,1,1.905529,1,1,0,0,0,6,0,-8,0,-8,29.0719390235261,32.3543363028912,0.004275199,3.5,-8,0,7,1
40.5948149217479,18.71686,1,0,0,0,1,1.854318,1,1,0,0,0,6,0,-8,0,-8,29.1226433248299,32.4059827028912,0.003767801,3.5,-8,0,7,1
40.6472314574942,18.75685,1,0,0,0,1,1.801058,1,1,0,0,0,6,0,-8,0,-8,29.1755893211451,32.4578774028912,0.003453996,3.5,-8,0,7,1
40.6997316510673,18.81684,1,0,0,0,1,1.747344,1,1,0,0,0,6,0,-8,0,-8,29.2286198200113,32.5105641028912,0.002770897,3.5,-8,0,7,1
40.7500526594091,18.85683,1,0,0,0,1,1.696702,1,1,0,0,0,6,0,-8,0,-8,29.2794491213152,32.5615215028912,0.0029581,3.5,-8,0,7,1
40.803373369847,18.91682,1,0,0,0,1,1.643489,1,1,0,0,0,6,0,-8,0,-8,29.3333084254535,32.6153916028912,0.003604904,3.5,-8,0,7,1
40.853790901734,18.97681,1,0,0,0,1,1.592799,1,1,0,0,0,6,0,-8,0,-8,29.3842352253401,32.6664746028912,0.003841405,3.5,-8,0,7,1
40.9047477846569,19.01681,1,0,0,0,1,1.541437,1,1,0,0,0,6,0,-8,0,-8,29.4357068239796,32.7178844028912,0.003950801,3.5,-8,0,7,1
40.956485183069,19.0768,1,0,0,0,1,1.488277,1,1,0,0,0,6,0,-8,0,-8,29.4879668225624,32.7703300028912,0.003050602,3.5,-8,0,7,1
41.0070710123191,19.11679,1,0,0,0,1,1.437856,1,1,0,0,0,6,0,-8,0,-8,29.5390636196145,32.8214430028912,0.003726098,3.5,-8,0,7,1
41.0597601984465,19.17678,1,0,0,0,1,1.384647,1,1,0,0,0,6,0,-8,0,-8,29.5922850198413,32.8744233028912,0.003739094,3.5,-8,0,7,1
41.1107517371653,19.23677,1,0,0,0,1,1.333178,1,1,0,0,0,6,0,-8,0,-8,29.6437916241497,32.9262948028912,0.003776502,3.5,-8,0,7,1
41.1613911280129,19.27676,1,0,0,0,1,1.281518,1,1,0,0,0,6,0,-8,0,-8,29.694942524093,32.9772860028912,0.003267205,3.5,-8,0,7,1
41.2143974060635,19.33675,1,0,0,0,1,1.228084,1,1,0,0,0,6,0,-8,0,-8,29.7484842191043,33.0306490028912,0.003375496,3.5,-8,0,7,1
41.2651842093794,19.37675,1,0,0,0,1,1.176654,1,1,0,0,0,6,0,-8,0,-8,29.7997840206916,33.0817724028912,0.003245295,3.5,-8,0,7,1
41.3163034542301,19.43674,1,0,0,0,1,1.124951,1,1,0,0,0,6,0,-8,0,-8,29.8514196215986,33.1338988028912,0.003177501,3.5,-8,0,7,1
41.370572381441,19.49673,1,0,0,0,1,1.07127,1,1,0,0,0,6,0,-8,0,-8,29.9062367205215,33.1884839028912,0.0043142,3.5,-8,0,7,1
41.4213969060034,19.53672,1,0,0,0,1,1.019076,1,1,0,0,0,6,0,-8,0,-8,29.9575746244331,33.2398849028912,0.003457299,3.5,-8,0,7,1
41.4724147726991,19.59671,1,0,0,0,1,0.967164,1,1,0,0,0,6,0,-8,0,-8,30.0091078231293,33.2912961028912,0.0030786,3.5,-8,0,7,1
41.5246747911349,19.6567,1,0,0,0,1,0.9143488,1,1,0,0,0,6,0,-8,0,-8,30.0618957199546,33.3448224028912,0.003051198,3.5,-8,0,7,1
41.5782167646848,19.69669,1,0,0,0,1,0.8616381,1,1,0,0,0,6,0,-8,0,-8,30.1159785218254,33.3981700028912,0.004423299,3.5,-8,0,7,1
41.6286681527551,19.71669,1,0,0,0,0,0,0,1,1.546252,0,0,6,0,0,0,-8,30.1669395195578,33.4493662028912,0.002846195,3.5,-8,0,7,0
41.6804122859845,19.77668,1,0,0,0,0,0,0,1,1.457203,0,0,6,0,0,0,-8,30.2192063208617,33.5013401028912,0.003925,3.5,-8,0,7,0
41.7336009266507,19.83667,1,0,0,0,0,0,0,1,1.403435,0,0,6,0,0,0,-8,30.272932220805,33.5551225028912,0.0043205,3.5,-8,0,7,0
41.7873879239545,19.91666,1,0,0,0,0,0,0,1,1.344513,0,0,6,0,0,0,-8,30.3272625212585,33.6095936028912,0.0062054,3.5,-8,0,7,0
41.8383933170163,19.95665,1,0,0,0,0,0,0,1,1.293682,0,0,6,0,0,0,-8,30.3787831207483,33.6609029028912,0.004837996,3.5,-8,0,7,0
41.8889002455468,20.01664,1,0,0,0,0,0,0,1,1.243065,0,0,6,0,0,0,-8,30.4298002196712,33.7118663028912,0.003736798,3.5,-8,0,7,0
41.941907421404,20.07663,1,0,0,0,0,0,0,1,1.19965,0,0,6,0,0,0,-8,30.483342821712,33.7663827028912,0.004003097,3.5,-8,0,7,0
41.9954432571377,20.11662,1,0,0,0,0,0,0,1,1.133253,0,0,6,0,0,0,-8,30.5374194231859,33.8207600028912,0.003888301,3.5,-8,0,7,0
42.0467546584178,20.17661,1,0,0,0,0,0,0,1,1.084141,0,0,6,0,0,0,-8,30.5892491213152,33.8713742028912,0.004697201,3.5,-8,0,7,0
42.0983933582646,20.2366,1,0,0,0,0,0,0,1,1.03322,0,0,6,0,0,0,-8,30.6414094246032,33.9240725028912,0.003235006,3.5,-8,0,7,0
42.1491699616215,20.2766,1,0,0,0,0,0,0,1,0.9734381,0,0,6,0,0,0,-8,30.6926989229025,33.9748930028912,0.003596003,3.5,-8,0,7,0
42.2031613921397,20.33659,1,0,0,0,0,0,0,1,0.9248624,0,0,6,0,0,0,-8,30.7472357213719,34.0292290028912,0.004428501,3.5,-8,0,7,0
42.2539863099391,20.37658,1,0,0,0,0,0,0,1,0.8803651,0,0,6,0,0,0,-8,30.7985740221088,34.0809766028912,0.003694097,3.5,-8,0,7,0
42.3070569460862,20.43657,1,0,0,0,0,0,0,1,0.8226581,0,0,6,0,0,0,-8,30.8521807256236,34.1343630028912,0.003194707,3.5,-8,0,7,0
42.3580154146347,20.49656,1,0,0,0,0,0,0,1,0.7639065,0,0,6,0,0,0,-8,30.903653925737,34.1861926028912,0.004095607,3.5,-8,0,7,0
42.4088005274464,20.53655,1,0,0,0,0,0,0,1,0.7171904,0,0,6,0,0,0,-8,30.9549520195578,34.2371156028912,0.004638499,3.5,-8,0,7,0
42.4597838441469,20.59654,1,0,0,0,0,0,0,1,0.6721606,0,0,6,0,0,0,-8,31.0064503188776,34.2885354028912,0.004212196,3.5,-8,0,7,0
42.5117312251171,20.63654,1,0,0,0,0,0,0,1,0.6199779,0,0,6,0,0,0,-8,31.0589224206349,34.3411947028912,0.003202898,3.5,-8,0,7,0
42.5629206650751,20.69653,1,0,0,0,0,0,0,1,0.5648507,0,0,6,0,0,0,-8,31.110628925737,34.3934001028912,0.003148902,3.5,-8,0,7,0
42.616103756167,20.75652,1,0,0,0,0,0,0,1,0.5043771,0,0,6,0,0,0,-8,31.1643492205215,34.4470259028912,0.004193899,3.5,-8,0,7,0
42.6670168842142,20.79651,1,0,0,0,0,0,0,1,0.462522,0,0,6,0,0,0,-8,31.2157766227324,34.4977514028912,0.003339803,3.5,-8,0,7,0
42.7172813637019,20.8565,1,0,0,0,0,0,0,1,0.3976449,0,0,6,0,0,0,-8,31.2665488236961,34.5485399028912,0.002542304,3.5,-8,0,7,0
42.7697503749188,20.89649,1,0,0,0,0,0,0,1,0.3658757,0,0,6,0,0,0,-8,31.3195478245465,34.6015138028912,0.002723902,3.5,-8,0,7,0
42.8237970437086,20.95648,1,0,0,0,0,0,0,1,0.3015063,0,0,6,0,0,0,-8,31.3741404195011,34.6561673028912,0.0045768,3.5,-8,0,7,0
42.876136467664,21.01647,1,0,0,0,0,0,0,1,0.2456081,0,0,6,0,0,0,-8,31.4270085246599,34.7093458028912,0.004576106,3.5,-8,0,7,0
42.9269154493441,21.05647,1,0,0,0,0,0,0,1,0.2003014,0,0,6,0,0,0,-8,31.4783004251701,34.7602092028912,0.003167503,3.5,-8,0,7,0
42.9801800237037,21.11646,1,0,0,0,0,0,0,1,0.1368852,0,0,6,0,0,0,-8,31.5321030257936,34.8141861028912,0.003819501,3.5,-8,0,7,0
43.0316233898769,21.17645,1,0,0,0,0,0,0,1,0.09294897,0,0,6,0,0,0,-8,31.5840660218254,34.8660650028912,0.003695203,3.5,-8,0,7,0
43.0822923857532,21.21644,1,0,0,0,0,0,0,1,0.04070356,0,0,6,0,0,0,-8,31.6352468253968,34.9170843028912,0.002710502,3.5,-8,0,7,0
43.1341438318812,21.27643,1,0,0,0,0,0,0,1,0,0,0,6,0,0,0,-8,31.6876220238095,34.9701298028912,0.002676899,3.5,-8,0,7,0
43.1864603791712,21.33642,1,0,0,0,0,0,0,1,0,0,0,0,0,0,0,-8,31.7404670209751,35.0232215028912,0.003659999,3.5,-8,0,7,0
43.239922856153,21.37641,1,0,0,0,0,0,0,1,0,0,0,0,0,0,0,-8,31.7944695223923,35.0764839028912,0.004860403,3.5,-8,0,7,0
43.2915137332189,21.4364,1,0,0,0,0,0,0,1,0,0,0,0,0,0,0,-8,31.8465815192744,35.1288745028912,0.0022348,3.5,-8,0,7,0
43.3432544006151,21.47639,1,0,0,0,0,0,0,1,0,0,0,0,0,0,0,-8,31.8988448200113,35.1809458028912,0.002629897,3.5,-8,0,7,0
43.3952929595509,21.53638,1,0,0,0,0,0,0,1,0,0,0,0,0,0,0,-8,31.9514090206916,35.2333520028912,0.002442496,3.5,-8,0,7,0
43.446848402184,21.59637,1,0,0,0,0,0,0,1,0,0,0,0,0,0,0,-8,32.0034852253401,35.2856328028912,0.003079301,3.5,-8,0,7,0
43.4990721859981,21.63637,1,0,0,0,0,0,0,1,0,0,0,0,0,0,0,-8,32.0562365221088,35.3385713028912,0.003905796,3.5,-8,0,7,0
43.5515697073576,21.69636,1,0,0,0,0,0,0,1,0,0,0,0,0,0,0,-8,32.1092643211451,35.3913727028912,0.003075397,3.5,-8,0,7,0
43.6031228703226,21.75635,1,0,0,0,0,0,0,1,0,0,0,0,0,0,0,-8,32.1613382227891,35.4437816028912,0.002927501,3.5,-8,0,7,0
43.6534155651403,21.79634,1,0,0,0,0,0,0,1,0,0,0,0,0,0,0,-8,32.2121389243197,35.4945413028912,0.003764605,3.5,-8,0,7,0
43.7059570437565,21.85633,1,0,0,0,0,0,0,1,0,0,0,0,0,0,0,-8,32.2652111252834,35.5469954028912,0.002804202,3.5,-8,0,7,0
43.7572317131062,21.89632,1,0,0,0,0,0,0,1,0,0,0,0,0,0,0,-8,32.3170037202381,35.5988213028912,0.002306101,3.5,-8,0,7,0
43.808936245112,21.95631,1,0,0,0,0,0,0,1,0,0,0,0,0,0,0,-8,32.3692305201247,35.6513225028912,0.002788095,3.5,-8,0,7,0
43.8610058886709,22.0163,1,0,0,0,0,0,0,1,0,0,0,0,0,0,0,-8,32.4218261196145,35.7043201028912,0.003020897,3.5,-8,0,7,0
43.911022965851,22.0563,1,0,0,0,0,0,0,1,0,0,0,0,0,0,0,-8,32.4723484197846,35.7545059028912,0.002761997,3.5,-8,0,7,0
43.9639634191187,22.11629,1,0,0,0,0,0,0,1,0,0,0,0,0,0,0,-8,32.5258236252834,35.8078386028912,0.004011401,3.5,-8,0,7,0
44.0156049818045,22.15628,1,0,0,0,0,0,0,1,0,0,0,0,0,0,0,-8,32.5779868197279,35.8601849028912,0.002901701,3.5,-8,0,7,0
44.067082211076,22.21627,1,0,0,0,0,0,0,1,0,0,0,0,0,0,0,-8,32.6299840206916,35.9119597028912,0.003056796,3.5,-8,0,7,0
44.1187566473137,22.27626,1,0,0,0,0,0,0,1,0,0,0,0,0,0,0,-8,32.6821804209184,35.9648907028912,0.002757596,3.5,-8,0,7,0
44.1690940923162,22.31625,1,0,0,0,0,0,0,1,0,0,0,0,0,0,0,-8,32.7330263251134,36.0151374028912,0.003116901,3.5,-8,0,7,0
44.2212818388187,22.37624,1,0,0,0,0,0,0,1,0,0,0,0,0,0,0,-8,32.7857412202381,36.0676845028912,0.0041536,3.5,-8,0,7,0
44.2737395625666,22.41624,1,0,0,0,0,0,0,1,0,0,0,0,0,0,0,-8,32.8387288194444,36.1207853028912,0.003238797,3.5,-8,0,7,0
44.3264183592622,22.47623,1,0,0,0,0,0,0,1,0,0,0,0,0,0,0,-8,32.8919397250567,36.1738935028912,0.0030697,3.5,-8,0,7,0
44.3800884324114,22.55621,1,0,0,0,0,0,0,1,0,0,0,0,0,0,0,-8,32.9461519203515,36.2281007028912,0.004060601,3.5,-8,0,7,0
44.4326107034984,22.59621,1,0,0,0,0,0,0,1,0,0,0,0,0,0,0,-8,32.9992047193878,36.2813711028912,0.003753494,3.5,-8,0,7,0
44.4839476545795,22.6562,1,0,0,0,0,0,0,1,0,0,0,0,0,0,0,-8,33.0510602253401,36.3333569028912,0.002597704,3.5,-8,0,7,0
44.5364809116384,22.71619,1,0,0,0,0,0,0,1,0,0,0,0,0,0,0,-8,33.1041241213152,36.3864116028912,0.003781399,3.5,-8,0,7,0
44.5889481401502,22.75618,1,0,0,0,0,0,0,1,0,0,0,0,0,0,0,-8,33.1571213222789,36.4391433028912,0.002813499,3.5,-8,0,7,0
44.6410342203698,22.79617,1,0,0,0,0,0,0,1,0,0,0,0,0,0,0,-8,33.2097335246599,36.4915935028912,0.003341199,3.5,-8,0,7,0
44.692414623677,22.85616,1,0,0,0,0,0,0,1,0,0,0,0,0,0,0,-8,33.2616329223356,36.5452893028912,0.003202197,3.5,-8,0,7,0
44.7435522838205,22.89616,1,0,0,0,0,0,0,1,0,0,0,0,0,0,0,-8,33.3132871244331,36.5954541028912,0.003207405,3.5,-8,0,7,0
44.7967616127629,22.95615,1,0,0,0,0,0,0,1,0,0,0,0,0,0,0,-8,33.3670339214853,36.6490092028912,0.003850602,3.5,-8,0,7,0
44.8480240115512,22.99614,1,0,0,0,0,0,0,1,0,0,0,0,0,0,0,-8,33.4188141227324,36.7009105028912,0.003436097,3.5,-8,0,7,0
44.8984073859884,23.05613,1,0,0,0,0,0,0,1,0,0,0,0,0,0,0,-8,33.469706420068,36.7520117028912,0.003139796,3.5,-8,0,7,0
44.9516602803336,23.11612,1,0,0,0,0,0,0,1,0,0,0,0,0,0,0,-8,33.5234972222222,36.8072922028912,0.0035366,3.5,-8,0,7,0
45.0039960346918,23.15611,1,0,0,0,0,0,0,1,0,0,0,0,0,0,0,-8,33.5763616213152,36.8582970028912,0.003039101,3.5,-8,0,7,0
45.0547985799343,23.2161,1,0,0,0,0,0,0,1,0,0,0,0,0,0,0,-8,33.627677324263,36.9108237028912,0.003274901,3.5,-8,0,7,0
45.105544098668,23.2561,1,0,0,0,0,0,0,1,0,0,0,0,0,0,0,-8,33.6789354237528,36.9610375028912,0.003665299,3.5,-8,0,7,0
45.1556379029306,23.31609,1,0,0,0,0,0,0,1,0,0,0,0,0,0,0,-8,33.7295352253401,37.0115179028912,0.0039607,3.5,-8,0,7,0
45.2088984153781,23.37608,1,0,0,0,0,0,0,1,0,0,0,0,0,0,0,-8,33.7833337230726,37.0663891028912,0.003547598,3.5,-8,0,7,0
45.26014190168,23.41607,1,0,0,0,0,0,0,1,0,0,0,0,0,0,0,-8,33.8350948200113,37.1174133028912,0.002879698,3.5,-8,0,7,0
45.3125205267069,23.47606,1,0,0,0,0,0,0,1,0,0,0,0,0,0,0,-8,33.8880025226757,37.1699916028912,0.003138797,3.5,-8,0,7,0
45.3652751515259,23.53605,1,0,0,0,0,0,0,1,0,0,0,0,0,0,0,-8,33.9412900226757,37.2241800028912,0.004734198,3.5,-8,0,7,0
45.4160913570283,23.57604,1,0,0,0,0,0,0,1,0,0,0,0,0,0,0,-8,33.9926195223923,37.2746533028912,0.004840902,3.5,-8,0,7,0
45.4706356079865,23.63603,1,0,0,0,0,0,0,1,0,0,0,0,0,0,0,-8,34.0477147250567,37.3302569028912,0.004950205,3.5,-8,0,7,0
45.5237268277619,23.69602,1,0,0,0,0,0,0,1,0,0,0,0,0,0,0,-8,34.1013422193878,37.3842441028912,0.003126594,3.5,-8,0,7,0
45.5748199405626,23.73602,1,0,0,0,0,0,0,1,0,0,0,0,0,0,0,-8,34.1529514243197,37.4348939028912,0.003351105,3.5,-8,0,7,0
45.6256204027555,23.79601,1,0,0,0,0,0,0,1,0,0,0,0,0,0,0,-8,34.2042650226757,37.4872951028912,0.003923597,3.5,-8,0,7,0
45.6775281818106,23.836,1,0,0,0,0,0,0,1,0,0,0,0,0,0,0,-8,34.2566971230159,37.5389809028912,0.0029607,3.5,-8,0,7,0
45.7276965298376,23.89599,1,0,0,0,0,0,0,1,0,0,0,0,0,0,0,-8,34.3073722222222,37.5896632028912,0.003725,3.5,-8,0,7,0
45.7793391864875,23.93598,1,0,0,0,0,0,0,1,0,0,0,0,0,0,0,-8,34.3595365221088,37.6416054028912,0.003873498,3.5,-8,0,7,0
45.8302915165282,23.99597,1,0,0,0,0,0,0,1,0,0,0,0,0,0,0,-8,34.4110035218254,37.6930826028912,0.002922002,3.5,-8,0,7,0
45.8807712174312,24.05596,1,0,0,0,0,0,0,1,0,0,0,0,0,0,0,-8,34.4619931193311,37.7446328028912,0.003326297,3.5,-8,0,7,0
45.9322550830955,24.09595,1,0,0,0,0,0,0,1,0,0,0,0,0,0,0,-8,34.5139970238095,37.7966406028912,0.003015703,3.5,-8,0,7,0
45.9844037257985,24.15594,1,0,0,0,0,0,0,1,0,0,0,0,0,0,0,-8,34.5666724206349,37.8486797028912,0.0039696,3.5,-8,0,7,0
46.0356798890338,24.19594,1,0,0,0,0,0,0,1,0,0,0,0,0,0,0,-8,34.6184665249433,37.9006266028912,0.002621301,3.5,-8,0,7,0
46.0872847260127,24.25593,1,0,0,0,0,0,0,0,0,0,0,0,0,0,0,-8,34.6705926232993,37.9526128028912,0.002605804,3.5,-8,0,7,0
46.140981036321,24.31592,1,0,0,0,0,0,0,0,0,0,0,0,0,0,0,-8,34.7248313208617,38.0073652028912,0.004337599,3.5,-8,0,7,0
46.1941119626595,24.35591,1,0,0,0,0,0,0,0,0,0,0,0,0,0,0,-8,34.7784989229025,38.0605457028912,0.003519898,3.5,-8,0,7,0
46.2441892316064,24.4159,1,0,0,0,0,0,0,0,0,0,0,0,0,0,0,-8,34.8290820223923,38.1115874028912,0.002916497,3.5,-8,0,7,0
46.297038794806,24.47589,1,0,0,0,0,0,0,0,0,0,0,0,0,0,0,-8,34.8824654195011,38.1650313028912,0.003400099,3.5,-8,0,7,0
46.3492229839659,24.51588,1,0,0,0,0,0,0,0,0,0,0,0,0,0,0,-8,34.9351767219388,38.2174746028912,0.002724901,3.5,-8,0,7,0
46.400638239918,24.57587,1,0,0,0,0,0,0,0,0,0,0,0,0,0,0,-8,34.9871113236961,38.2689131028912,0.002443204,3.5,-8,0,7,0
46.4526072984806,24.61587,1,0,0,0,0,0,0,0,0,0,0,0,0,0,0,-8,35.039605321712,38.3224332028912,0.002238301,3.5,-8,0,7,0
46.505581607701,24.67586,1,0,0,0,0,0,0,0,0,0,0,0,0,0,0,-8,35.0931147250567,38.3754006028912,0.003637103,3.5,-8,0,7,0
46.5586979768949,24.73585,1,0,0,0,0,0,0,0,0,0,0,0,0,0,0,-8,35.1467676232993,38.4288793028912,0.003451899,3.5,-8,0,7,0
46.6110690750985,24.77584,1,0,0,0,0,0,0,0,0,0,0,0,0,0,0,-8,35.1996677225057,38.4817893028912,0.003364597,3.5,-8,0,7,0
46.6635737240512,24.83583,1,0,0,0,0,0,0,0,0,0,0,0,0,0,0,-8,35.2527027210884,38.5346266028912,0.002712096,3.5,-8,0,7,0
46.7147418729693,24.89582,1,0,0,0,0,0,0,0,0,0,0,0,0,0,0,-8,35.3043877196712,38.5861822028912,0.002623994,3.5,-8,0,7,0
46.7657335094211,24.93581,1,0,0,0,0,0,0,0,0,0,0,0,0,0,0,-8,35.3558944231859,38.6377555028912,0.003121698,3.5,-8,0,7,0
46.8169616530265,24.9958,1,0,0,0,0,0,0,0,0,0,0,0,0,0,0,-8,35.4076400226757,38.6896187028912,0.002407199,3.5,-8,0,7,0
46.8692556325241,25.05579,1,0,0,0,0,0,0,0,0,0,0,0,0,0,0,-8,35.4604622236395,38.7436928028912,0.003435098,3.5,-8,0,7,0
46.9212657795113,25.09579,1,0,0,0,0,0,0,0,0,0,0,0,0,0,0,-8,35.5129977253401,38.7951960028912,0.003032703,3.5,-8,0,7,0
46.9733342309122,25.15578,1,0,0,0,0,0,0,0,0,0,0,0,0,0,0,-8,35.5655921201814,38.8476924028912,0.002395897,3.5,-8,0,7,0
47.0249056123209,25.21577,1,0,0,0,0,0,0,0,0,0,0,0,0,0,0,-8,35.6176844246032,38.9002873028912,0.002550801,3.5,-8,0,7,0
47.0762519563723,25.27576,1,0,0,0,0,0,0,0,0,0,0,0,0,0,0,-8,35.6695494189342,38.9514402028912,0.002841596,3.5,-8,0,7,0
47.1279797580501,25.33575,1,0,0,0,0,0,0,0,0,0,0,0,0,0,0,-8,35.7217997236395,39.0046047028912,0.002359899,3.5,-8,0,7,0
47.1786875548458,25.37574,1,0,0,0,0,0,0,0,0,0,0,0,0,0,0,-8,35.773019720805,39.0551135028912,0.002769402,3.5,-8,0,7,0
47.2315048477182,25.41573,1,0,0,0,0,0,0,0,0,0,0,0,0,0,0,-8,35.8263705215419,39.1081625028912,0.005571896,3.5,-8,0,7,0
47.2840450426668,25.45573,1,0,0,0,0,0,0,0,0,0,0,0,0,0,0,-8,35.879441425737,39.1612550028912,0.002645004,3.5,-8,0,7,0
47.3348888664984,25.51572,1,0,0,0,0,0,0,0,0,0,0,0,0,0,0,-8,35.9307988236961,39.2128592028912,0.002765604,3.5,-8,0,7,0
47.3894822167594,25.57571,1,0,0,0,0,0,0,0,0,0,0,0,0,0,0,-8,35.985943622449,39.2679349028912,0.004887698,3.5,-8,0,7,0
47.4395115707244,25.6157,1,0,0,0,0,0,0,0,0,0,0,0,0,0,0,-8,36.0364783234127,39.3188110028912,0.002228302,3.5,-8,0,7,0
47.490885836446,25.67569,1,0,0,0,0,0,0,0,0,0,0,0,0,0,0,-8,36.0883715206916,39.3704720028912,0.002513797,3.5,-8,0,7,0
47.5431979357323,25.73568,1,0,0,0,0,0,0,0,0,0,0,0,0,0,0,-8,36.1412120252268,39.4242163028912,0.002402303,3.5,-8,0,7,0
47.595688526117,25.77567,1,0,0,0,0,0,0,0,0,0,0,0,0,0,0,-8,36.1942328231292,39.4764335028912,0.0026741,3.5,-8,0,7,0
47.6460103269259,25.83566,1,0,0,0,0,0,0,0,0,0,0,0,0,0,0,-8,36.2450629251701,39.5275240028912,0.004479103,3.5,-8,0,7,0
47.6984847921121,25.87566,1,0,0,0,0,0,0,0,0,0,0,0,0,0,0,-8,36.2977211238662,39.5798847028912,0.003585601,3.5,-8,0,7,0
47.749492908275,25.93565,1,0,0,0,0,0,0,0,0,0,0,0,0,0,0,-8,36.3487110189909,39.6307738028912,0.004859297,3.5,-8,0,7,0
47.8016388703289,25.99564,1,0,0,0,0,0,0,0,0,0,0,0,0,0,0,-8,36.4008791241497,39.6845271028912,0.002736203,3.5,-8,0,7,0
47.8555541044532,26.03564,1,0,0,0,0,0,0,0,0,0,0,0,0,0,0,-8,36.4548140235261,39.7371808028912,0.004127799,3.5,-8,0,7,0
47.9079943055182,26.09564,1,0,0,0,0,0,0,0,0,0,0,0,0,0,0,-8,36.507233319161,39.7899403028912,0.002703295,3.5,-8,0,7,0
47.9594460050471,26.13564,1,0,0,0,0,0,0,0,0,0,0,0,0,0,0,-8,36.5585868197279,39.8407891028912,0.0037294,3.5,-8,0,7,0
48.0108825815807,26.19564,1,0,0,0,0,0,0,0,0,0,0,0,0,0,0,-8,36.6095141227324,39.8915225028912,0.002975198,3.5,-8,0,7,0
48.0619329530711,26.25564,1,0,0,0,0,0,0,0,0,0,0,0,0,0,0,-8,36.6605475198413,39.9437094028912,0.003010799,3.5,-8,0,7,0
48.1138786838797,26.29564,1,0,0,0,0,0,0,0,0,0,0,0,0,0,0,-8,36.7125005243764,39.9946499028912,0.0032331,3.5,-8,0,7,0
48.1682723323314,26.35564,1,0,0,0,0,0,0,0,0,0,0,0,0,0,0,-8,36.7669218253968,40.0491371028912,0.005617801,3.5,-8,0,7,0
48.2201980511926,26.39565,1,0,0,0,0,0,0,0,0,0,0,0,0,0,0,-8,36.8188071215986,40.1009514028912,0.003104996,3.5,-8,0,7,0
48.2704758811544,26.45565,1,0,0,0,0,0,0,0,0,0,0,0,0,0,0,-8,36.8691047193878,40.1511253028912,0.002811494,3.5,-8,0,7,0
48.320800160825,26.49565,1,0,0,0,0,0,0,0,0,0,0,0,0,0,0,-8,36.9194087230726,40.2012450028912,0.002851701,3.5,-8,0,7,0
48.3729354771681,26.55565,1,0,0,0,0,0,0,0,0,0,0,0,0,0,0,-8,36.9715419217687,40.2538767028912,0.002793098,3.5,-8,0,7,0
48.4235644230747,26.61565,1,0,0,0,0,0,0,0,0,0,0,0,0,0,0,-8,37.0222224206349,40.3058335028912,0.003387798,3.5,-8,0,7,0
48.4750092679763,26.65565,1,0,0,0,0,0,0,0,0,0,0,0,0,0,0,-8,37.0736450255102,40.3567209028912,0.002221804,3.5,-8,0,7,0
48.5264144079073,26.71565,1,0,0,0,0,0,0,0,0,0,0,0,0,0,0,-8,37.1250214214853,40.4073755028912,0.003852799,3.5,-8,0,7,0
48.5796144788747,26.75565,1,0,0,0,0,0,0,0,0,0,0,0,0,0,0,-8,37.1782155257936,40.4604272028912,0.003948306,3.5,-8,0,7,0
48.6303834189067,26.81565,1,0,0,0,0,0,0,0,0,0,0,0,0,0,0,-8,37.2290267219388,40.5112643028912,0.003749702,3.5,-8,0,7,0
48.6821646709123,26.87566,1,0,0,0,0,0,0,0,0,0,0,0,0,0,0,-8,37.2807977253401,40.5637385028912,0.002175305,3.5,-8,0,7,0
48.7338720882416,26.91566,1,0,0,0,0,0,0,0,0,0,0,0,0,0,0,-8,37.3324741213152,40.6142908028912,0.002672499,3.5,-8,0,7,0
48.7851901802316,26.97566,1,0,0,0,0,0,0,0,0,0,0,0,0,0,0,-8,37.383790625,40.6659370028912,0.002975305,3.5,-8,0,7,0
