time,elapsed,local,host,s1charges,s2active,s2cooldown,ultcharge,casterX,casterY,casterZ,frontX,frontY,frontZ,rearX,rearY,rearZ,frontTrip,frontStun,casterStun,ward,pillars,shoeX,shoeY,shoeZ,guardTested,afterTested,tremor,plating,orbitStones,rumble,pendingReview,pendingRefreshed,expiredRefreshed,windup,impactBirths,heroIndex,casterPick,casterMode,ultActive,ultRemaining,impactX,impactY,impactZ,impactHeld,movementReview,movementActive,movementRemaining,movementSpeed,s1cooldown,fireFields,shockFields
17.7028583774964,0,1,0,0,0,0,15,0,0.12,-8,7.670003,0.07000032,-6,-7.67001,0.07000138,-6,0,0,0,0,0,1.8,0.145,9,0,0,0,0,0,0,1,0,0,0,0,2,2,1,0,0,0,0,0,0,1,0,0,1,0,0,0
17.7533584798376,0.05998993,1,0,0,0,0,15,0,0.12,-8,7.670001,0.07,-6,-7.670002,0.07000013,-6,0,0,0,0,0,1.8,0.145,9,0,0,0,0,0,0,1,0,0,0,0,2,2,1,0,0,0,0,0,0,1,0,0,1,0,0,0
17.8046490097294,0.1199799,1,0,0,0,0,15,0,0.12,-8,7.670001,0.07000001,-6,-7.670001,0.06999998,-6,0,0,0,0,0,-1,0.1918,-8,0,0,0,0,0,0,1,0,0,0,0,2,2,1,0,0,0,0,0,0,1,0,0,1,0,0,0
17.8551490104819,0.1599731,1,0,0,0,0,15,0,0.12,-8,7.670001,0.06999998,-6,-7.670001,0.06999996,-6,0,0,0,0,0,-1,0.1918,-8,0,0,0,0,0,0,1,0,0,0,0,2,2,1,0,0,0,0,0,0,1,0,0,1,0,0,0
17.9060485669846,0.6798859,1,0,0,0,0,15,0,0.12,-8,7.670001,0.06999996,-6,-7.670001,0.06999996,-6,0,0,0,0,0,-1,0.1918,-8,0,0,0,0,0,0,1,0,0,0,0,2,2,1,0,0,0,0,0,0,1,0,0,1,0,0,0
17.9566420951548,0.7198792,1,0,0,0,0,15,0,0.12,-8,7.670001,0.06999996,-6,-7.670001,0.06999996,-6,0,0,0,0,0,-1,0.1918,-8,0,0,0,0,0,0,1,0,0,0,0,2,2,1,0,0,0,0,0,0,1,0,0,1,0,0,0
18.0076264894816,0.7798691,1,0,0,0,0,15,0,0.12,-8,7.670001,0.06999996,-6,-7.670001,0.06999996,-6,0,0,0,0,0,-1,0.1918,-8,0,0,0,0,0,0,1,0,0,0,0,2,2,1,0,0,0,0,0,0,1,0,0,1,0,0,0
18.0581264902341,0.8198624,1,0,0,0,0,15,0,0.12,-8,7.670001,0.06999996,-6,-7.670001,0.06999996,-6,0,0,0,0,0,-1,0.1918,-8,0,0,0,0,0,0,1,0,0,0,0,2,2,1,0,0,0,0,0,0,1,0,0,1,0,0,0
18.1086264909866,0.8798523,1,0,0,0,0,15,0,0.12,-8,7.670001,0.06999996,-6,-7.670001,0.06999996,-6,0,0,0,0,0,-1,0.1918,-8,0,0,0,0,0,0,1,0,0,0,0,2,2,1,0,0,0,0,0,0,1,0,0,1,0,0,0
18.1591266911539,0.9198456,1,0,0,0,0,15,0,0.12,-8,7.670001,0.06999996,-6,-7.670001,0.06999996,-6,0,0,0,0,0,-1,0.1918,-8,0,0,0,0,0,0,1,0,0,0,0,2,2,1,0,0,0,0,0,0,1,0,0,1,0,0,0
18.2096271001423,0.9798355,1,0,0,0,0,15,0,0.12,-8,7.670001,0.06999996,-6,-7.670001,0.06999996,-6,0,0,0,0,0,-1,0.1918,-8,0,0,0,0,0,0,1,0,0,0,0,2,2,1,0,0,0,0,0,0,1,0,0,1,0,0,0
18.2601268920737,1.019829,1,0,0,0,0,15,0,0.12,-8,7.670001,0.06999996,-6,-7.670001,0.06999996,-6,0,0,0,0,0,-1,0.1918,-8,0,0,0,0,0,0,1,0,0,0,0,2,2,1,0,0,0,0,0,0,1,0,0,1,0,0,0
18.3118550527717,1.079819,1,0,0,0,0,15,0,0.12,-8,7.670001,0.06999996,-6,-7.670001,0.06999996,-6,0,0,0,0,0,-1,0.1918,-8,0,0,0,0,0,0,1,0,0,0,0,2,2,1,0,0,0,0,0,0,1,0,0,1,0,0,0
18.3623555614675,1.119812,1,0,0,0,0,15,0,0.12,-8,7.670001,0.06999996,-6,-7.670001,0.06999996,-6,0,0,0,0,0,-1,0.1918,-8,0,0,0,0,0,0,1,0,0,0,0,2,2,1,0,0,0,0,0,0,1,0,0,1,0,0,0
18.4129607046085,1.179802,1,0,0,0,0,15,0,0.12,-8,7.670001,0.06999996,-6,-7.670001,0.06999996,-6,0,0,0,0,0,-1,0.1918,-8,0,0,0,0,0,0,1,0,0,0,0,2,2,1,0,0,0,0,0,0,1,0,0,1,0,0,0
18.4634607034797,1.219795,1,0,0,0,0,15,0,0.12,-8,7.670001,0.06999996,-6,-7.670001,0.06999996,-6,0,0,0,0,0,-1,0.1918,-8,0,0,0,0,0,0,1,0,0,0,0,2,2,1,0,0,0,0,0,0,1,0,0,1,0,0,0
18.5146189160148,1.279785,1,0,0,0,0,15,0,0.12,-8,7.670001,0.06999996,-6,-7.670001,0.06999996,-6,0,0,0,0,0,-1,0.1918,-8,0,0,0,0,0,0,1,0,0,0,0,2,2,1,0,0,0,0,0,0,1,0,0,1,0,0,0
18.5652521390157,1.319778,1,0,0,0,0,15,0,0.12,-8,7.670001,0.06999996,-6,-7.670001,0.06999996,-6,0,0,0,0,0,-1,0.1918,-8,0,0,0,0,0,0,1,0,0,0,0,2,2,1,0,0,0,0,0,0,1,0,0,1,0,0,0
18.615752339183,1.379768,1,0,0,0,0,15,0,0.12,-8,7.670001,0.06999996,-6,-7.670001,0.06999996,-6,0,0,0,0,0,-1,0.1918,-8,0,0,0,0,0,0,1,0,0,0,0,2,2,1,0,0,0,0,0,0,1,0,0,1,0,0,0
18.6665398866559,1.419762,1,0,0,0,0,15,0,0.12,-8,7.670001,0.06999996,-6,-7.670001,0.06999996,-6,0,0,0,0,0,-1,0.1918,-8,0,0,0,0,0,0,1,0,0,0,0,2,2,1,0,0,0,0,0,0,1,0,0,1,0,0,0
18.7170850341643,1.479752,1,0,0,0,0,15,0,0.12,-8,7.670001,0.06999996,-6,-7.670001,0.06999996,-6,0,0,0,0,0,-1,0.1918,-8,0,0,0,0,0,0,1,0,0,0,0,2,2,1,0,0,0,0,0,0,1,0,0,1,0,0,0
18.768189216579,1.519745,1,0,0,0,0,15,0,0.12,-8,7.670001,0.06999996,-6,-7.670001,0.06999996,-6,0,0,0,0,0,-1,0.1918,-8,0,0,0,0,0,0,1,0,0,0,0,2,2,1,0,0,0,0,0,0,1,0,0,1,0,0,0
18.819709114867,1.579735,1,0,0,0,0,15,0,0.12,-8,7.670001,0.06999996,-6,-7.670001,0.06999996,-6,0,0,0,0,0,-1,0.1918,-8,0,0,0,0,0,0,1,0,0,0,0,2,2,1,0,0,0,0,0,0,1,0,0,1,0,0,0
18.8703639517973,1.619728,1,0,0,0,0,15,0,0.12,-8,7.670001,0.06999996,-6,-7.670001,0.06999996,-6,0,0,0,0,0,-1,0.1918,-8,0,0,0,0,0,0,1,0,0,0,0,2,2,1,0,0,0,0,0,0,1,0,0,1,0,0,0
18.9212055350343,1.679718,1,0,0,0,0,15,0,0.12,-8,7.670001,0.06999996,-6,-7.670001,0.06999996,-6,0,0,0,0,0,-1,0.1918,-8,0,0,0,0,0,0,1,0,0,0,0,2,2,1,0,0,0,0,0,0,1,0,0,1,0,0,0
18.9717057370829,1.719711,1,0,0,0,0,15,0,0.12,-8,7.670001,0.06999996,-6,-7.670001,0.06999996,-6,0,0,0,0,0,-1,0.1918,-8,0,0,0,0,0,0,1,0,0,0,0,2,2,1,0,0,0,0,0,0,1,0,0,1,0,0,0
19.0222061385463,1.779701,1,0,0,0,0,15,0,0.12,-8,7.670001,0.06999996,-6,-7.670001,0.06999996,-6,0,0,0,0,0,-1,0.1918,-8,0,0,0,0,0,0,1,0,0,0,0,2,2,1,0,0,0,0,0,0,1,0,0,1,0,0,0
19.0727062465313,1.819695,1,0,0,0,0,15,0,0.12,-8,7.670001,0.06999996,-6,-7.670001,0.06999996,-6,0,0,0,0,0,-1,0.1918,-8,0,0,0,0,0,0,1,0,0,0,0,2,2,1,0,0,0,0,0,0,1,0,0,1,0,0,0
19.1233911781634,1.879684,1,0,0,0,0,15,0,0.12,-8,7.670001,0.06999996,-6,-7.670001,0.06999996,-6,0,0,0,0,0,-1,0.1918,-8,0,0,0,0,0,0,1,0,0,0,0,2,2,1,0,0,0,0,0,0,1,0,0,1,0,0,0
19.1742175099316,1.919678,1,0,0,0,0,15,0,0.12,-8,7.670001,0.06999996,-6,-7.670001,0.06999996,-6,0,0,0,0,0,-1,0.1918,-8,0,0,0,0,0,0,1,0,0,0,0,2,2,1,0,0,0,0,0,0,1,0,0,1,0,0,0
19.2247176103915,1.979668,1,0,0,0,0,15,0,0.12,-8,7.670001,0.06999996,-6,-7.670001,0.06999996,-6,0,0,0,0,0,-1,0.1918,-8,0,0,0,0,0,0,1,0,0,0,0,2,2,1,0,0,0,0,0,0,1,0,0,1,0,0,0
19.2755624218906,2.019661,1,0,0,0,0,15,0,0.12,-8,7.670001,0.06999996,-6,-7.670001,0.06999996,-6,0,0,0,0,0,-1,0.1918,-8,0,0,0,0,0,0,1,0,0,0,0,2,2,1,0,0,0,0,0,0,1,0,0,1,0,0,0
19.3268932448576,2.079651,1,0,0,0,0,15,0,0.12,-8,7.670001,0.06999996,-6,-7.670001,0.06999996,-6,0,0,0,0,0,-1,0.1918,-8,0,0,0,0,0,0,1,0,0,0,0,2,2,1,0,0,0,0,0,0,1,0,0,1,0,0,0
19.3777088703091,2.119644,1,0,0,0,0,15,0,0.12,-8,7.670001,0.06999996,-6,-7.670001,0.06999996,-6,0,0,0,0,0,-1,0.1918,-8,0,0,0,0,0,0,1,0,0,0,0,2,2,1,0,0,0,0,0,0,1,0,0,1,0,0,0
19.4283588610838,2.179634,1,0,0,0,0,15,0,0.12,-8,7.670001,0.06999996,-6,-7.670001,0.06999996,-6,0,0,0,0,0,-1,0.1918,-8,0,0,0,0,0,0,1,0,0,0,0,2,2,1,0,0,0,0,0,0,1,0,0,1,0,0,0
19.4788589615437,2.199631,1,0,0,0,0,15,0,0.12,-8,7.670001,0.06999996,-6,-7.670001,0.06999996,-6,0,0,0,0,0,-1,0.1918,-8,0,0,0,0,0,0,1,0,0,0,0,2,2,1,0,0,0,0,0,0,1,0,0,1,0,0,0
19.5297144793595,2.259621,1,0,0,0,0,15,0,0.12,-8,7.670001,0.06999996,-6,-7.670001,0.06999996,-6,0,0,0,0,0,-1,0.1918,-8,0,0,0,0,0,0,1,0,0,0,0,2,2,1,0,0,0,0,0,0,1,0,0,1,0,0,0
19.5809028919476,2.299614,1,0,0,0,0,15,0,0.12,-8,7.670001,0.06999996,-6,-7.670001,0.06999996,-6,0,0,0,0,0,-1,0.1918,-8,0,0,0,0,0,0,1,0,0,0,0,2,2,1,0,0,0,0,0,0,1,0,0,1,0,0,0
19.6318912313009,2.359604,1,0,0,0,0,15,0,0.12,-8,7.670001,0.06999996,-6,-7.670001,0.06999996,-6,0,0,0,0,0,-1,0.1918,-8,0,0,0,0,0,0,1,0,0,0,0,2,2,1,0,0,0,0,0,0,1,0,0,1,0,0,0
19.6827342236104,2.399597,1,0,0,0,0,15,0,0.12,-8,7.670001,0.06999996,-6,-7.670001,0.06999996,-6,0,0,0,0,0,-1,0.1918,-8,0,0,0,0,0,0,1,0,0,0,0,2,2,1,0,0,0,0,0,0,1,0,0,1,0,0,0
19.7339027455139,2.479584,1,0,0,0,0,15,0,0.12,-8,7.670001,0.06999996,-6,-7.670001,0.06999996,-6,0,0,0,0,0,-1,0.1918,-8,0,0,0,0,0,0,1,0,0,0,0,2,2,1,0,0,0,0,0,0,1,0,0,1,0,0,0
19.7850804536665,2.539574,1,0,0,0,0,15,0,0.12,-8,7.670001,0.06999996,-6,-7.670001,0.06999996,-6,0,0,0,0,0,-1,0.1918,-8,0,0,0,0,0,0,1,0,0,0,0,2,2,1,0,0,0,0,0,0,1,0,0,1,0,0,0
19.8359984974253,2.579567,1,0,0,0,0,15,0,0.12,-8,7.670001,0.06999996,-6,-7.670001,0.06999996,-6,0,0,0,0,0,-1,0.1918,-8,0,0,0,0,0,0,1,0,0,0,0,2,2,1,0,0,0,0,0,0,1,0,0,1,0,0,0
19.8874140603902,2.639557,1,0,0,0,0,15,0,0.12,-8,7.670001,0.06999996,-6,-7.670001,0.06999996,-6,0,0,0,0,0,-1,0.1918,-8,0,0,0,0,0,0,1,0,0,0,0,2,2,1,0,0,0,0,0,0,1,0,0,1,0,0,0
19.9379146687935,2.67955,1,0,0,0,0,15,0,0.12,-8,7.670001,0.06999996,-6,-7.670001,0.06999996,-6,0,0,0,0,0,-1,0.1918,-8,0,0,0,0,0,0,1,0,0,0,0,2,2,1,0,0,0,0,0,0,1,0,0,1,0,0,0
20.0042484282578,2.73954,1,0,0,0,0,15,0,0.12,-8,7.670001,0.06999996,-6,-7.670001,0.06999996,-6,0,0,0,0,0,-1,0.1918,-8,0,0,0,0,0,0,1,0,0,0,0,2,2,1,0,0,0,0,0,0,1,0,0,1,0,0,0
20.0705717932867,2.819527,1,0,0,0,0,15,0,0.12,-8,7.670001,0.06999996,-6,-7.670001,0.06999996,-6,0,0,0,0,0,-1,0.1918,-8,0,0,0,0,0,0,1,0,0,0,0,2,2,1,0,0,0,0,0,0,1,0,0,1,0,0,0
20.1372192870143,2.879517,1,0,0,0,0,15,0,0.12,-8,7.670001,0.06999996,-6,-7.670001,0.06999996,-6,0,0,0,0,0,-1,0.1918,-8,0,0,0,0,0,0,1,0,0,0,0,2,2,1,0,0,0,0,0,0,1,0,0,1,0,0,0
20.203563343777,2.959503,1,0,0,0,0,15,0,0.12,-8,7.670001,0.06999996,-6,-7.670001,0.06999996,-6,0,0,0,0,0,-1,0.1918,-8,0,0,0,0,0,0,1,0,0,0,0,2,2,1,0,0,0,0,0,0,1,0,0,1,0,0,0
20.2698883001941,3.019493,1,0,0,0,0,15,0,0.12,-8,7.670001,0.06999996,-6,-7.670001,0.06999996,-6,0,0,0,0,0,-1,0.1918,-8,0,0,0,0,0,0,1,0,0,0,0,2,2,1,0,0,0,0,0,0,1,0,0,1,0,0,0
20.3200361563327,3.059486,1,0,0,0,0,15,0,0.12,-8,7.670001,0.06999996,-6,-7.670001,0.06999996,-6,0,0,0,0,0,-1,0.1918,-8,0,0,0,0,0,0,1,0,0,0,0,2,2,1,0,0,0,0,0,0,1,0,0,1,0,0,0
20.3701892550165,3.119476,1,0,0,0,0,15,0,0.12,-8,7.670001,0.06999996,-6,-7.670001,0.06999996,-6,0,0,0,0,0,-1,0.1918,-8,0,0,0,0,0,0,1,0,0,0,0,2,2,1,0,0,0,0,0,0,1,0,0,1,0,0,0
20.436292449745,3.179466,1,0,0,0,0,15,0,0.12,-8,7.670001,0.06999996,-6,-7.670001,0.06999996,-6,0,0,0,0,0,-1,0.1918,-8,0,0,0,0,0,0,1,0,0,0,0,2,2,1,0,0,0,0,0,0,1,0,0,1,0,0,0
20.4865633684831,3.239456,1,0,0,0,0,15,0,0.12,-8,7.670001,0.06999996,-6,-7.670001,0.06999996,-6,0,0,0,0,0,-1,0.1918,-8,0,0,0,0,0,0,1,0,0,0,0,2,2,1,0,0,0,0,0,0,1,0,0,1,0,0,0
20.5532894536915,3.299446,1,0,0,0,0,15,0,0.12,-8,7.670001,0.06999996,-6,-7.670001,0.06999996,-6,0,0,0,0,0,-1,0.1918,-8,0,0,0,0,0,0,1,0,0,0,0,2,2,1,0,0,0,0,0,0,1,0,0,1,0,0,0
20.6200286225292,3.359436,1,0,0,0,0,15,0,0.12,-8,7.670001,0.06999996,-6,-7.670001,0.06999996,-6,0,0,0,0,0,-1,0.1918,-8,0,0,0,0,0,0,1,0,0,0,0,2,2,1,0,0,0,0,0,0,1,0,0,1,0,0,0
20.6866955286699,3.439423,1,0,0,0,0,15,0,0.12,-8,7.670001,0.06999996,-6,-7.670001,0.06999996,-6,0,0,0,0,0,-1,0.1918,-8,0,0,0,0,0,0,1,0,0,0,0,2,2,1,0,0,0,0,0,0,1,0,0,1,0,0,0
20.7370315751495,3.479416,1,0,0,0,0,15,0,0.12,-8,7.670001,0.06999996,-6,-7.670001,0.06999996,-6,0,0,0,0,0,-1,0.1918,-8,0,0,0,0,0,0,1,0,0,0,0,2,2,1,0,0,0,0,0,0,1,0,0,1,0,0,0
20.7876817249383,3.539406,1,0,0,0,0,15,0,0.12,-8,7.670001,0.06999996,-6,-7.670001,0.06999996,-6,0,0,0,0,0,-1,0.1918,-8,0,0,0,0,0,0,1,0,0,0,0,2,2,1,0,0,0,0,0,0,1,0,0,1,0,0,0
20.8382033789592,3.579399,1,0,0,0,0,15,0,0.12,-8,7.670001,0.06999996,-6,-7.670001,0.06999996,-6,0,0,0,0,0,-1,0.1918,-8,0,0,0,0,0,0,1,0,0,0,0,2,2,1,0,0,0,0,0,0,1,0,0,1,0,0,0
20.8885757817949,3.639389,1,0,0,0,0,15,0,0.12,-8,7.670001,0.06999996,-6,-7.670001,0.06999996,-6,0,0,0,0,0,-1,0.1918,-8,0,0,0,0,0,0,1,0,0,0,0,2,2,1,0,0,0,0,0,0,1,0,0,1,0,0,0
20.9390500876183,3.679382,1,0,0,0,0,15,0,0.12,-8,7.670001,0.06999996,-6,-7.670001,0.06999996,-6,0,0,0,0,0,-1,0.1918,-8,0,0,0,0,0,0,1,0,0,0,0,2,2,1,0,0,0,0,0,0,1,0,0,1,0,0,0
20.9890789658266,3.739372,1,0,0,0,0,15,0,0.12,-8,7.670001,0.06999996,-6,-7.670001,0.06999996,-6,0,0,0,0,0,-1,0.1918,-8,0,0,0,0,0,0,1,0,0,0,0,2,2,1,0,0,0,0,0,0,1,0,0,1,0,0,0
21.0393325506213,3.779366,1,0,0,0,0,15,0,0.12,-8,7.670001,0.06999996,-6,-7.670001,0.06999996,-6,0,0,0,0,0,-1,0.1918,-8,0,0,0,0,0,0,1,0,0,0,0,2,2,1,0,0,0,0,0,0,1,0,0,1,0,0,0
21.1057045332032,3.859352,1,0,0,0,0,15,0,0.12,-8,7.670001,0.06999996,-6,-7.670001,0.06999996,-6,0,0,0,0,0,-1,0.1918,-8,0,0,0,0,0,0,1,0,0,0,0,2,2,1,0,0,0,0,0,0,1,0,0,1,0,0,0
21.1717043651516,3.919342,1,0,0,0,0,15,0,0.12,-8,7.670001,0.06999996,-6,-7.670001,0.06999996,-6,0,0,0,0,0,-1,0.1918,-8,0,0,0,0,0,0,1,0,0,0,0,2,2,1,0,0,0,0,0,0,1,0,0,1,0,0,0
21.2381555483366,3.999329,1,0,0,0,0,15,0,0.12,-8,7.670001,0.06999996,-6,-7.670001,0.06999996,-6,0,0,0,0,0,-1,0.1918,-8,0,0,0,0,0,0,1,0,0,0,0,2,2,1,0,0,0,0,0,0,1,0,0,1,0,0,0
21.2881834160226,4.039322,1,0,0,0,0,15,0,0.12,-8,7.670001,0.06999996,-6,-7.670001,0.06999996,-6,0,0,0,0,0,-1,0.1918,-8,0,0,0,0,0,0,1,0,0,0,0,2,2,1,0,0,0,0,0,0,1,0,0,1,0,0,0
21.3543801596637,4.099312,1,0,0,0,0,15,0,0.12,-8,7.670001,0.06999996,-6,-7.670001,0.06999996,-6,0,0,0,0,0,-1,0.1918,-8,0,0,0,0,0,0,1,0,0,0,0,2,2,1,0,0,0,0,0,0,1,0,0,1,0,0,0
21.4203802940312,4.179298,1,0,0,0,0,15,0,0.12,-8,7.670001,0.06999996,-6,-7.670001,0.06999996,-6,0,0,0,0,0,-1,0.1918,-8,0,0,0,0,0,0,1,0,0,0,0,2,2,1,0,0,0,0,0,0,1,0,0,1,0,0,0
21.4709318667154,4.219292,1,0,0,0,0,15,0,0.12,-8,7.670001,0.06999996,-6,-7.670001,0.06999996,-6,0,0,0,0,0,-1,0.1918,-8,0,0,0,0,0,0,1,0,0,0,0,2,2,1,0,0,0,0,0,0,1,0,0,1,0,0,0
21.5370659506011,4.299278,1,0,0,0,0,15,0,0.12,-8,7.670001,0.06999996,-6,-7.670001,0.06999996,-6,0,0,0,0,0,-1,0.1918,-8,0,0,0,0,0,0,1,0,0,0,0,2,2,1,0,0,0,0,0,0,1,0,0,1,0,0,0
21.6034524865883,4.359268,1,0,0,0,0,15,0,0.12,-8,7.670001,0.06999996,-6,-7.670001,0.06999996,-6,0,0,0,0,0,-1,0.1918,-8,0,0,0,0,0,0,1,0,0,0,0,2,2,1,0,0,0,0,0,0,1,0,0,1,0,0,0
21.6536198391082,4.399261,1,0,0,0,0,15,0,0.12,-8,7.670001,0.06999996,-6,-7.670001,0.06999996,-6,0,0,0,0,0,-1,0.1918,-8,0,0,0,0,0,0,1,0,0,0,0,2,2,1,0,0,0,0,0,0,1,0,0,1,0,0,0
21.7037164169239,4.459251,1,0,0,0,0,15,0,0.12,-8,7.670001,0.06999996,-6,-7.670001,0.06999996,-6,0,0,0,0,0,-1,0.1918,-8,0,0,0,0,0,0,1,0,0,0,0,2,2,1,0,0,0,0,0,0,1,0,0,1,0,0,0
21.753948935649,4.499245,1,0,0,0,0,15,0,0.12,-8,7.670001,0.06999996,-6,-7.670001,0.06999996,-6,0,0,0,0,0,-1,0.1918,-8,0,0,0,0,0,0,1,0,0,0,0,2,2,1,0,0,0,0,0,0,1,0,0,1,0,0,0
21.8039998660485,4.559235,1,0,0,0,0,15,0,0.12,-8,7.670001,0.06999996,-6,-7.670001,0.06999996,-6,0,0,0,0,0,-1,0.1918,-8,0,0,0,0,0,0,1,0,0,0,0,2,2,1,0,0,0,0,0,0,1,0,0,1,0,0,0
21.854643866277,4.599228,1,0,0,0,0,15,0,0.12,-8,7.670001,0.06999996,-6,-7.670001,0.06999996,-6,0,0,0,0,0,-1,0.1918,-8,0,0,0,0,0,0,1,0,0,0,0,2,2,1,0,0,0,0,0,0,1,0,0,1,0,0,0
21.9046781943428,4.659218,1,0,0,0,0,15,0,0.12,-8,7.670001,0.06999996,-6,-7.670001,0.06999996,-6,0,0,0,0,0,-1,0.1918,-8,0,0,0,0,0,0,1,0,0,0,0,2,2,1,0,0,0,0,0,0,1,0,0,1,0,0,0
21.9554439612354,4.719208,1,0,0,0,0,15,0,0.12,-8,7.670001,0.06999996,-6,-7.670001,0.06999996,-6,0,0,0,0,0,-1,0.1918,-8,0,0,0,0,0,0,1,0,0,0,0,2,2,1,0,0,0,0,0,0,1,0,0,1,0,0,0
22.0061347530286,4.759201,1,0,0,0,0,15,0,0.12,-8,7.670001,0.06999996,-6,-7.670001,0.06999996,-6,0,0,0,0,0,-1,0.1918,-8,0,0,0,0,0,0,1,0,0,0,0,2,2,1,0,0,0,0,0,0,1,0,0,1,0,0,0
22.0574842626664,4.819191,1,0,0,0,0,15,0,0.12,-8,7.670001,0.06999996,-6,-7.670001,0.06999996,-6,0,0,0,0,0,-1,0.1918,-8,0,0,0,0,0,0,1,0,0,0,0,2,2,1,0,0,0,0,0,0,1,0,0,1,0,0,0
22.1089216427381,4.859184,1,0,0,0,0,15,0,0.12,-8,7.670001,0.06999996,-6,-7.670001,0.06999996,-6,0,0,0,0,0,-1,0.1918,-8,0,0,0,0,0,0,1,0,0,0,0,2,2,1,0,0,0,0,0,0,1,0,0,1,0,0,0
22.1604306334133,4.919174,1,0,0,0,0,15,0,0.12,-8,7.670001,0.06999996,-6,-7.670001,0.06999996,-6,0,0,0,0,0,-1,0.1918,-8,0,0,0,0,0,0,1,0,0,0,0,2,2,1,0,0,0,0,0,0,1,0,0,1,0,0,0
22.2109914331014,4.959167,1,0,0,0,0,15,0,0.12,-8,7.670001,0.06999996,-6,-7.670001,0.06999996,-6,0,0,0,0,0,-1,0.1918,-8,0,0,0,0,0,0,1,0,0,0,0,2,2,1,0,0,0,0,0,0,1,0,0,1,0,0,0
22.2620620837311,5.019157,1,0,0,0,0,15,0,0.12,-8,7.670001,0.06999996,-6,-7.670001,0.06999996,-6,0,0,0,0,0,-1,0.1918,-8,0,0,0,0,0,0,1,0,0,0,0,2,2,1,0,0,0,0,0,0,1,0,0,1,0,0,0
22.312992950237,5.059151,1,0,0,0,0,15,0,0.12,-8,7.670001,0.06999996,-6,-7.670001,0.06999996,-6,0,0,0,0,0,-1,0.1918,-8,0,0,0,0,0,0,1,0,0,0,0,2,2,1,0,0,0,0,0,0,1,0,0,1,0,0,0
22.3640786529208,5.119141,1,0,0,0,0,15,0,0.12,-8,7.670001,0.06999996,-6,-7.670001,0.06999996,-6,0,0,0,0,0,-1,0.1918,-8,0,0,0,0,0,0,1,0,0,0,0,2,2,1,0,0,0,0,0,0,1,0,0,1,0,0,0
22.4145895612861,5.159134,1,0,0,0,0,15,0,0.12,-8,7.670001,0.06999996,-6,-7.670001,0.06999996,-6,0,0,0,0,0,-1,0.1918,-8,0,0,0,0,0,0,1,0,0,0,0,2,2,1,0,0,0,0,0,0,1,0,0,1,0,0,0
22.4653210468652,5.219124,1,0,0,0,0,15,0,0.12,-8,7.670001,0.06999996,-6,-7.670001,0.06999996,-6,0,0,0,0,0,-1,0.1918,-8,0,0,0,0,0,0,1,0,0,0,0,2,2,1,0,0,0,0,0,0,1,0,0,1,0,0,0
22.5163140291969,5.259117,1,0,0,0,0,15,0,0.12,-8,7.670001,0.06999996,-6,-7.670001,0.06999996,-6,0,0,0,0,0,-1,0.1918,-8,0,0,0,0,0,0,1,0,0,0,0,2,2,1,0,0,0,0,0,0,1,0,0,1,0,0,0
22.5668141296568,5.319107,1,0,0,0,0,15,0,0.12,-8,7.670001,0.06999996,-6,-7.670001,0.06999996,-6,0,0,0,0,0,-1,0.1918,-8,0,0,0,0,0,0,1,0,0,0,0,2,2,1,0,0,0,0,0,0,1,0,0,1,0,0,0
22.6173143298241,5.3591,1,0,0,0,0,15,0,0.12,-8,7.670001,0.06999996,-6,-7.670001,0.06999996,-6,0,0,0,0,0,-1,0.1918,-8,0,0,0,0,0,0,1,0,0,0,0,2,2,1,0,0,0,0,0,0,1,0,0,1,0,0,0
22.6681304632189,5.41909,1,0,0,0,0,15,0,0.12,-8,7.670001,0.06999996,-6,-7.670001,0.06999996,-6,0,0,0,0,0,-1,0.1918,-8,0,0,0,0,0,0,1,0,0,0,0,2,2,1,0,0,0,0,0,0,1,0,0,1,0,0,0
22.7201501081387,5.459084,1,0,0,0,0,15,0,0.12,-8,7.670001,0.06999996,-6,-7.670001,0.06999996,-6,0,0,0,0,0,-1,0.1918,-8,0,0,0,0,0,0,1,0,0,0,0,2,2,1,0,0,0,0,0,0,1,0,0,1,0,0,0
22.7708632174569,5.519073,1,0,0,0,0,15,0,0.12,-8,7.670001,0.06999996,-6,-7.670001,0.06999996,-6,0,0,0,0,0,-1,0.1918,-8,0,0,0,0,0,0,1,0,0,0,0,2,2,1,0,0,0,0,0,0,1,0,0,1,0,0,0
22.8213633179168,5.559067,1,0,0,0,0,15,0,0.12,-8,7.670001,0.06999996,-6,-7.670001,0.06999996,-6,0,0,0,0,0,-1,0.1918,-8,0,0,0,0,0,0,1,0,0,0,0,2,2,1,0,0,0,0,0,0,1,0,0,1,0,0,0
22.87217419692,5.619057,1,0,0,0,0,15,0,0.12,-8,7.670001,0.06999996,-6,-7.670001,0.06999996,-6,0,0,0,0,0,-1,0.1918,-8,0,0,0,0,0,0,1,0,0,0,0,2,2,1,0,0,0,0,0,0,1,0,0,1,0,0,0
22.9229923489193,5.65905,1,0,0,0,0,15,0,0.12,-8,7.670001,0.06999996,-6,-7.670001,0.06999996,-6,0,0,0,0,0,-1,0.1918,-8,0,0,0,0,0,0,1,0,0,0,0,2,2,1,0,0,0,0,0,0,1,0,0,1,0,0,0
22.9733302133406,5.71904,1,0,0,0,0,15,0,0.12,-8,7.670001,0.06999996,-6,-7.670001,0.06999996,-6,0,0,0,0,0,-1,0.1918,-8,0,0,0,0,0,0,1,0,0,0,0,2,2,1,0,0,0,0,0,0,1,0,0,1,0,0,0
23.0393308382171,5.77903,1,0,0,0,0,15,0,0.12,-8,7.670001,0.06999996,-6,-7.670001,0.06999996,-6,0,0,0,0,0,-1,0.1918,-8,0,0,0,0,0,0,1,0,0,0,0,2,2,1,0,0,0,0,0,0,1,0,0,1,0,0,0
23.1056754924419,5.859016,1,0,0,0,0,15,0,0.12,-8,7.670001,0.06999996,-6,-7.670001,0.06999996,-6,0,0,0,0,0,-1,0.1918,-8,0,0,0,0,0,0,1,0,0,0,0,2,2,1,0,0,0,0,0,0,1,0,0,1,0,0,0
23.1718141218337,5.919006,1,0,0,0,0,15,0,0.12,-8,7.670001,0.06999996,-6,-7.670001,0.06999996,-6,0,0,0,0,0,-1,0.1918,-8,0,0,0,0,0,0,1,0,0,0,0,2,2,1,0,0,0,0,0,0,1,0,0,1,0,0,0
23.2222954097452,5.959,1,0,0,0,0,15,0,0.12,-8,7.670001,0.06999996,-6,-7.670001,0.06999996,-6,0,0,0,0,0,-1,0.1918,-8,0,0,0,0,0,0,1,0,0,0,0,2,2,1,0,0,0,0,0,0,1,0,0,1,0,0,0
23.2882954445357,6.01899,1,0,0,0,0,15,0,0.12,-8,7.670001,0.06999996,-6,-7.670001,0.06999996,-6,0,0,0,0,0,-1,0.1918,-8,0,0,0,0,0,0,1,0,0,0,0,2,2,1,0,0,0,0,0,0,1,0,0,1,0,0,0
23.3385327964338,6.058983,1,0,0,0,0,15,0,0.12,-8,7.670001,0.06999996,-6,-7.670001,0.06999996,-6,0,0,0,0,0,-1,0.1918,-8,0,0,0,0,0,0,1,0,0,0,0,2,2,1,0,0,0,0,0,0,1,0,0,1,0,0,0
23.4046253991189,6.138969,1,0,0,0,0,15,0,0.12,-8,7.670001,0.06999996,-6,-7.670001,0.06999996,-6,0,0,0,0,0,-1,0.1918,-8,0,0,0,0,0,0,1,0,0,0,0,2,2,1,0,0,0,0,0,0,1,0,0,1,0,0,0
23.471419803972,6.198959,1,0,0,0,0,15,0,0.12,-8,7.670001,0.06999996,-6,-7.670001,0.06999996,-6,0,0,0,0,0,-1,0.1918,-8,0,0,0,0,0,0,1,0,0,0,0,2,2,1,0,0,0,0,0,0,1,0,0,1,0,0,0
23.5376231860804,6.258949,1,0,0,0,0,15,0,0.12,-8,7.670001,0.06999996,-6,-7.670001,0.06999996,-6,0,0,0,0,0,-1,0.1918,-8,0,0,0,0,0,0,1,0,0,0,0,2,2,1,0,0,0,0,0,0,1,0,0,1,0,0,0
23.6039431876192,6.338936,1,0,0,0,0,15,0,0.12,-8,7.670001,0.06999996,-6,-7.670001,0.06999996,-6,0,0,0,0,0,-1,0.1918,-8,0,0,0,0,0,0,1,0,0,0,0,2,2,1,0,0,0,0,0,0,1,0,0,1,0,0,0
23.670276650774,6.418922,1,0,0,0,0,15,0,0.12,-8,7.670001,0.06999996,-6,-7.670001,0.06999996,-6,0,0,0,0,0,-1,0.1918,-8,0,0,0,0,0,0,1,0,0,0,0,2,2,1,0,0,0,0,0,0,1,0,0,1,0,0,0
23.7204438234369,6.478912,1,0,0,0,0,15,0,0.12,-8,7.670001,0.06999996,-6,-7.670001,0.06999996,-6,0,0,0,0,0,-1,0.1918,-8,0,0,0,0,0,0,1,0,0,0,0,2,2,1,0,0,0,0,0,0,1,0,0,1,0,0,0
23.7871106237608,6.538902,1,0,0,0,0,15,0,0.12,-8,7.670001,0.06999996,-6,-7.670001,0.06999996,-6,0,0,0,0,0,-1,0.1918,-8,0,0,0,0,0,0,1,0,0,0,0,2,2,1,0,0,0,0,0,0,1,0,0,1,0,0,0
23.8537902002844,6.598892,1,0,0,0,0,15,0,0.12,-8,7.670001,0.06999996,-6,-7.670001,0.06999996,-6,0,0,0,0,0,-1,0.1918,-8,0,0,0,0,0,0,1,0,0,0,0,2,2,1,0,0,0,0,0,0,1,0,0,1,0,0,0
23.9041776385779,6.658882,1,0,0,0,0,15,0,0.12,-8,7.670001,0.06999996,-6,-7.670001,0.06999996,-6,0,0,0,0,0,-1,0.1918,-8,0,0,0,0,0,0,1,0,0,0,0,2,2,1,0,0,0,0,0,0,1,0,0,1,0,0,0
23.954719118538,6.698875,1,0,0,0,0,15,0,0.12,-8,7.670001,0.06999996,-6,-7.670001,0.06999996,-6,0,0,0,0,0,-1,0.1918,-8,0,0,0,0,0,0,1,0,0,0,0,2,2,1,0,0,0,0,0,0,1,0,0,1,0,0,0
24.0208970550324,6.778862,1,0,0,0,0,15,0,0.12,-8,7.670001,0.06999996,-6,-7.670001,0.06999996,-6,0,0,0,0,0,-1,0.1918,-8,0,0,0,0,0,0,1,0,0,0,0,2,2,1,0,0,0,0,0,0,1,0,0,1,0,0,0
24.0710851015585,6.818855,1,0,0,0,0,15,0,0.12,-8,7.670001,0.06999996,-6,-7.670001,0.06999996,-6,0,0,0,0,0,-1,0.1918,-8,0,0,0,0,0,0,1,0,0,0,0,2,2,1,0,0,0,0,0,0,1,0,0,1,0,0,0
24.1371433446432,6.898842,1,0,0,0,0,15,0,0.12,-8,7.670001,0.06999996,-6,-7.670001,0.06999996,-6,0,0,0,0,0,-1,0.1918,-8,0,0,0,0,0,0,1,0,0,0,0,2,2,1,0,0,0,0,0,0,1,0,0,1,0,0,0
24.2034458261604,6.958832,1,0,0,0,0,15,0,0.12,-8,7.670001,0.06999996,-6,-7.670001,0.06999996,-6,0,0,0,0,0,-1,0.1918,-8,0,0,0,0,0,0,1,0,0,0,0,2,2,1,0,0,0,0,0,0,1,0,0,1,0,0,0
24.2695071413803,7.018822,1,0,0,0,0,15,0,0.12,-8,7.670001,0.06999996,-6,-7.670001,0.06999996,-6,0,0,0,0,0,-1,0.1918,-8,0,0,0,0,0,0,1,0,0,0,0,2,2,1,0,0,0,0,0,0,1,0,0,1,0,0,0
24.335512031472,7.098808,1,0,0,0,0,15,0,0.12,-8,7.670001,0.06999996,-6,-7.670001,0.06999996,-6,0,0,0,0,0,-1,0.1918,-8,0,0,0,0,0,0,1,0,0,0,0,2,2,1,0,0,0,0,0,0,1,0,0,1,0,0,0
24.4018033216397,7.158798,1,0,0,0,0,15,0,0.12,-8,7.670001,0.06999996,-6,-7.670001,0.06999996,-6,0,0,0,0,0,-1,0.1918,-8,0,0,0,0,0,0,1,0,0,0,0,2,2,1,0,0,0,0,0,0,1,0,0,1,0,0,0
24.4521086886215,7.198792,1,0,0,0,0,15,0,0.12,-8,7.670001,0.06999996,-6,-7.670001,0.06999996,-6,0,0,0,0,0,-1,0.1918,-8,0,0,0,0,0,0,1,0,0,0,0,2,2,1,0,0,0,0,0,0,1,0,0,1,0,0,0
24.5188371183785,7.278778,1,0,0,0,0,15,0,0.12,-8,7.670001,0.06999996,-6,-7.670001,0.06999996,-6,0,0,0,0,0,-1,0.1918,-8,0,0,0,0,0,0,1,0,0,0,0,2,2,1,0,0,0,0,0,0,1,0,0,1,0,0,0
24.5689599824014,7.318771,1,0,0,0,0,15,0,0.12,-8,7.670001,0.06999996,-6,-7.670001,0.06999996,-6,0,0,0,0,0,-1,0.1918,-8,0,0,0,0,0,0,1,0,0,0,0,2,2,1,0,0,0,0,0,0,1,0,0,1,0,0,0
24.6191273265767,7.378761,1,0,0,0,0,15,0,0.12,-8,7.670001,0.06999996,-6,-7.670001,0.06999996,-6,0,0,0,0,0,-1,0.1918,-8,0,0,0,0,0,0,1,0,0,0,0,2,2,1,0,0,0,0,0,0,1,0,0,1,0,0,0
24.6692950683522,7.418755,1,0,0,0,0,15,0,0.12,-8,7.670001,0.06999996,-6,-7.670001,0.06999996,-6,0,0,0,0,0,-1,0.1918,-8,0,0,0,0,0,0,1,0,0,0,0,2,2,1,0,0,0,0,0,0,1,0,0,1,0,0,0
24.7200747021536,7.478745,1,0,0,0,0,15,0,0.12,-8,7.670001,0.06999996,-6,-7.670001,0.06999996,-6,0,0,0,0,0,-1,0.1918,-8,0,0,0,0,0,0,1,0,0,0,0,2,2,1,0,0,0,0,0,0,1,0,0,1,0,0,0
24.7705961274977,7.518738,1,0,0,0,0,15,0,0.12,-8,7.670001,0.06999996,-6,-7.670001,0.06999996,-6,0,0,0,0,0,-1,0.1918,-8,0,0,0,0,0,0,1,0,0,0,0,2,2,1,0,0,0,0,0,0,1,0,0,1,0,0,0
24.8207629954877,7.578728,1,0,0,0,0,15,0,0.12,-8,7.670001,0.06999996,-6,-7.670001,0.06999996,-6,0,0,0,0,0,-1,0.1918,-8,0,0,0,0,0,0,1,0,0,0,0,2,2,1,0,0,0,0,0,0,1,0,0,1,0,0,0
24.8709734190317,7.618721,1,0,0,0,0,15,0,0.12,-8,7.670001,0.06999996,-6,-7.670001,0.06999996,-6,0,0,0,0,0,-1,0.1918,-8,0,0,0,0,0,0,1,0,0,0,0,2,2,1,0,0,0,0,0,0,1,0,0,1,0,0,0
24.9218220734286,7.678711,1,0,0,0,0,15,0,0.12,-8,7.670001,0.06999996,-6,-7.670001,0.06999996,-6,0,0,0,0,0,-1,0.1918,-8,0,0,0,0,0,0,1,0,0,0,0,2,2,1,0,0,0,0,0,0,1,0,0,1,0,0,0
24.9727453028286,7.718704,1,0,0,0,0,15,0,0.12,-8,7.670001,0.06999996,-6,-7.670001,0.06999996,-6,0,0,0,0,0,-1,0.1918,-8,0,0,0,0,0,0,1,0,0,0,0,2,2,1,0,0,0,0,0,0,1,0,0,1,0,0,0
25.0233854959408,7.778694,1,0,0,0,0,15,0,0.12,-8,7.670001,0.06999996,-6,-7.670001,0.06999996,-6,0,0,0,0,0,-1,0.1918,-8,0,0,0,0,0,0,1,0,0,0,0,2,2,1,0,0,0,0,0,0,1,0,0,1,0,0,0
25.0741026387053,7.818687,1,0,0,0,0,15,0,0.12,-8,7.670001,0.06999996,-6,-7.670001,0.06999996,-6,0,0,0,0,0,-1,0.1918,-8,0,0,0,0,0,0,1,0,0,0,0,2,2,1,0,0,0,0,0,0,1,0,0,1,0,0,0
25.1246415309856,7.878677,1,0,0,0,0,15,0,0.12,-8,7.670001,0.06999996,-6,-7.670001,0.06999996,-6,0,0,0,0,0,-1,0.1918,-8,0,0,0,0,0,0,1,0,0,0,0,2,2,1,0,0,0,0,0,0,1,0,0,1,0,0,0
25.1760366896788,7.938667,1,0,0,0,0,15,0,0.12,-8,7.670001,0.06999996,-6,-7.670001,0.06999996,-6,0,0,0,0,0,-1,0.1918,-8,0,0,0,0,0,0,1,0,0,0,0,2,2,1,0,0,0,0,0,0,1,0,0,1,0,0,0
25.226717984813,7.958664,1,0,0,0,0,15,0,0.12,-8,7.670001,0.06999996,-6,-7.670001,0.06999996,-6,0,0,0,0,0,-1,0.1918,-8,0,0,0,0,0,0,1,0,0,0,0,2,2,1,0,0,0,0,0,0,1,0,0,1,0,0,0
25.2778956986095,8.018654,1,0,0,0,0,15,0,0.12,-8,7.670001,0.06999996,-6,-7.670001,0.06999996,-6,0,0,0,0,0,-1,0.1918,-8,0,0,0,0,0,0,1,0,0,0,0,2,2,1,0,0,0,0,0,0,1,0,0,1,0,0,0
25.3289290756049,8.058647,1,0,0,0,0,15,0,0.12,-8,7.670001,0.06999996,-6,-7.670001,0.06999996,-6,0,0,0,0,0,-1,0.1918,-8,0,0,0,0,0,0,1,0,0,0,0,2,2,1,0,0,0,0,0,0,1,0,0,1,0,0,0
25.3794293830047,8.118637,1,0,0,0,0,15,0,0.12,-8,7.670001,0.06999996,-6,-7.670001,0.06999996,-6,0,0,0,0,0,-1,0.1918,-8,0,0,0,0,0,0,1,0,0,0,0,2,2,1,0,0,0,0,0,0,1,0,0,1,0,0,0
25.4304632679435,8.178627,1,0,0,0,0,15,0,0.12,-8,7.670001,0.06999996,-6,-7.670001,0.06999996,-6,0,0,0,0,0,-1,0.1918,-8,0,0,0,0,0,0,1,0,0,0,0,2,2,1,0,0,0,0,0,0,1,0,0,1,0,0,0
25.480963268696,8.238617,1,0,0,0,0,15,0,0.12,-8,7.670001,0.06999996,-6,-7.670001,0.06999996,-6,0,0,0,0,0,-1,0.1918,-8,0,0,0,0,0,0,1,0,0,0,0,2,2,1,0,0,0,0,0,0,1,0,0,1,0,0,0
25.5314634707446,8.27861,1,0,0,0,0,15,0,0.12,-8,7.670001,0.06999996,-6,-7.670001,0.06999996,-6,0,0,0,0,0,-1,0.1918,-8,0,0,0,0,0,0,1,0,0,0,0,2,2,1,0,0,0,0,0,0,1,0,0,1,0,0,0
25.582687640662,8.3386,1,0,0,0,0,15,0,0.12,-8,7.670001,0.06999996,-6,-7.670001,0.06999996,-6,0,0,0,0,0,-1,0.1918,-8,0,0,0,0,0,0,1,0,0,0,0,2,2,1,0,0,0,0,0,0,1,0,0,1,0,0,0
25.6339491782772,8.378593,1,0,0,0,0,15,0,0.12,-8,7.670001,0.06999996,-6,-7.670001,0.06999996,-6,0,0,0,0,0,-1,0.1918,-8,0,0,0,0,0,0,1,0,0,0,0,2,2,1,0,0,0,0,0,0,1,0,0,1,0,0,0
25.6847680395159,8.438583,1,0,0,0,0,15,0,0.12,-8,7.670001,0.06999996,-6,-7.670001,0.06999996,-6,0,0,0,0,0,-1,0.1918,-8,0,0,0,0,0,0,1,0,0,0,0,2,2,1,0,0,0,0,0,0,1,0,0,1,0,0,0
25.7356209329578,8.478577,1,0,0,0,0,15,0,0.12,-8,7.670001,0.06999996,-6,-7.670001,0.06999996,-6,0,0,0,0,0,-1,0.1918,-8,0,0,0,0,0,0,1,0,0,0,0,2,2,1,0,0,0,0,0,0,1,0,0,1,0,0,0
25.786120931829,8.538567,1,0,0,0,0,15,0,0.12,-8,7.670001,0.06999996,-6,-7.670001,0.06999996,-6,0,0,0,0,0,-1,0.1918,-8,0,0,0,0,0,0,1,0,0,0,0,2,2,1,0,0,0,0,0,0,1,0,0,1,0,0,0
25.8370821018579,8.57856,1,0,0,0,0,15,0,0.12,-8,7.670001,0.06999996,-6,-7.670001,0.06999996,-6,0,0,0,0,0,-1,0.1918,-8,0,0,0,0,0,0,1,0,0,0,0,2,2,1,0,0,0,0,0,0,1,0,0,1,0,0,0
25.8879844840306,8.63855,1,0,0,0,0,15,0,0.12,-8,7.670001,0.06999996,-6,-7.670001,0.06999996,-6,0,0,0,0,0,-1,0.1918,-8,0,0,0,0,0,0,1,0,0,0,0,2,2,1,0,0,0,0,0,0,1,0,0,1,0,0,0
25.938484283487,8.678543,1,0,0,0,0,15,0,0.12,-8,7.670001,0.06999996,-6,-7.670001,0.06999996,-6,0,0,0,0,0,-1,0.1918,-8,0,0,0,0,0,0,1,0,0,0,0,2,2,1,0,0,0,0,0,0,1,0,0,1,0,0,0
25.9885917285892,8.738533,1,0,0,0,0,15,0,0.12,-8,7.670001,0.06999996,-6,-7.670001,0.06999996,-6,0,0,0,0,0,-1,0.1918,-8,0,0,0,0,0,0,1,0,0,0,0,2,2,1,0,0,0,0,0,0,1,0,0,1,0,0,0
26.0546229475799,8.798523,1,0,0,0,0,15,0,0.12,-8,7.670001,0.06999996,-6,-7.670001,0.06999996,-6,0,0,0,0,0,-1,0.1918,-8,0,0,0,0,0,0,1,0,0,0,0,2,2,1,0,0,0,0,0,0,1,0,0,1,0,0,0
26.1206232792574,8.858513,1,0,0,0,0,15,0,0.12,-8,7.670001,0.06999996,-6,-7.670001,0.06999996,-6,0,0,0,0,0,-1,0.1918,-8,0,0,0,0,0,0,1,0,0,0,0,2,2,1,0,0,0,0,0,0,1,0,0,1,0,0,0
26.1870277257885,8.938499,1,0,0,0,0,15,0,0.12,-8,7.670001,0.06999996,-6,-7.670001,0.06999996,-6,0,0,0,0,0,-1,0.1918,-8,0,0,0,0,0,0,1,0,0,0,0,2,2,1,0,0,0,0,0,0,1,0,0,1,0,0,0
26.2534256426493,8.998489,1,0,0,0,0,15,0,0.12,-8,7.670001,0.06999996,-6,-7.670001,0.06999996,-6,0,0,0,0,0,-1,0.1918,-8,0,0,0,0,0,0,1,0,0,0,0,2,2,1,0,0,0,0,0,0,1,0,0,1,0,0,0
26.3195632818031,9.058479,1,0,0,0,0,15,0,0.12,-8,7.670001,0.06999996,-6,-7.670001,0.06999996,-6,0,0,0,0,0,-1,0.1918,-8,0,0,0,0,0,0,1,0,0,0,0,2,2,1,0,0,0,0,0,0,1,0,0,1,0,0,0
26.3697629198308,9.118469,1,0,0,0,0,15,0,0.12,-8,7.670001,0.06999996,-6,-7.670001,0.06999996,-6,0,0,0,0,0,-1,0.1918,-8,0,0,0,0,0,0,1,0,0,0,0,2,2,1,0,0,0,0,0,0,1,0,0,1,0,0,0
26.4360535148034,9.178459,1,0,0,0,0,15,0,0.12,-8,7.670001,0.06999996,-6,-7.670001,0.06999996,-6,0,0,0,0,0,-1,0.1918,-8,0,0,0,0,0,0,1,0,0,0,0,2,2,1,0,0,0,0,0,0,1,0,0,1,0,0,0
26.5027031881611,9.258446,1,0,0,0,0,15,0,0.12,-8,7.670001,0.06999996,-6,-7.670001,0.06999996,-6,0,0,0,0,0,-1,0.1918,-8,0,0,0,0,0,0,1,0,0,0,0,2,2,1,0,0,0,0,0,0,1,0,0,1,0,0,0
26.5532078459362,9.298439,1,0,0,0,0,15,0,0.12,-8,7.670001,0.06999996,-6,-7.670001,0.06999996,-6,0,0,0,0,0,-1,0.1918,-8,0,0,0,0,0,0,1,0,0,0,0,2,2,1,0,0,0,0,0,0,1,0,0,1,0,0,0
26.6039347304652,9.358429,1,0,0,0,0,15,0,0.12,-8,7.670001,0.06999996,-6,-7.670001,0.06999996,-6,0,0,0,0,0,-1,0.1918,-8,0,0,0,0,0,0,1,0,0,0,0,2,2,1,0,0,0,0,0,0,1,0,0,1,0,0,0
26.6542771263855,9.398422,1,0,0,0,0,15,0,0.12,-8,7.670001,0.06999996,-6,-7.670001,0.06999996,-6,0,0,0,0,0,-1,0.1918,-8,0,0,0,0,0,0,1,0,0,0,0,2,2,1,0,0,0,0,0,0,1,0,0,1,0,0,0
26.7044626142705,9.458412,1,0,0,0,0,15,0,0.12,-8,7.670001,0.06999996,-6,-7.670001,0.06999996,-6,0,0,0,0,0,-1,0.1918,-8,0,0,0,0,0,0,1,0,0,0,0,2,2,1,0,0,0,0,0,0,1,0,0,1,0,0,0
26.7712917314904,9.498405,1,0,0,0,0,15,0,0.12,-8,7.670001,0.06999996,-6,-7.670001,0.06999996,-6,0,0,0,0,0,-1,0.1918,-8,0,0,0,0,0,0,1,0,0,0,0,2,2,1,0,0,0,0,0,0,1,0,0,1,0,0,0
26.822212270877,9.558395,1,0,0,0,0,15,0,0.12,-8,7.670001,0.06999996,-6,-7.670001,0.06999996,-6,0,0,0,0,0,-1,0.1918,-8,0,0,0,0,0,0,1,0,0,0,0,2,2,1,0,0,0,0,0,0,1,0,0,1,0,0,0
26.8723792387048,9.598389,1,0,0,0,0,15,0,0.12,-8,7.670001,0.06999996,-6,-7.670001,0.06999996,-6,0,0,0,0,0,-1,0.1918,-8,0,0,0,0,0,0,1,0,0,0,0,2,2,1,0,0,0,0,0,0,1,0,0,1,0,0,0
26.9390460452686,9.678375,1,0,0,0,0,15,0,0.12,-8,7.670001,0.06999996,-6,-7.670001,0.06999996,-6,0,0,0,0,0,-1,0.1918,-8,0,0,0,0,0,0,1,0,0,0,0,2,2,1,0,0,0,0,0,0,1,0,0,1,0,0,0
27.0050460800591,9.738365,1,0,0,0,0,15,0,0.12,-8,7.670001,0.06999996,-6,-7.670001,0.06999996,-6,0,0,0,0,0,-1,0.1918,-8,0,0,0,0,0,0,1,0,0,0,0,2,2,1,0,0,0,0,0,0,1,0,0,1,0,0,0
27.0710463121595,9.798355,1,0,0,0,0,15,0,0.12,-8,7.670001,0.06999996,-6,-7.670001,0.06999996,-6,0,0,0,0,0,-1,0.1918,-8,0,0,0,0,0,0,1,0,0,0,0,2,2,1,0,0,0,0,0,0,1,0,0,1,0,0,0
27.1373750211547,9.878342,1,0,0,0,0,15,0,0.12,-8,7.670001,0.06999996,-6,-7.670001,0.06999996,-6,0,0,0,0,0,-1,0.1918,-8,0,0,0,0,0,0,1,0,0,0,0,2,2,1,0,0,0,0,0,0,1,0,0,1,0,0,0
27.2037006653907,9.958328,1,0,0,0,0,15,0,0.12,-8,7.670001,0.06999996,-6,-7.670001,0.06999996,-6,0,0,0,0,0,-1,0.1918,-8,0,0,0,0,0,0,1,0,0,0,0,2,2,1,0,0,0,0,0,0,1,0,0,1,0,0,0
27.2698044502052,10.01832,1,0,0,0,0,15,0,0.12,-8,7.670001,0.06999996,-6,-7.670001,0.06999996,-6,0,0,0,0,0,-1,0.1918,-8,0,0,0,0,0,0,1,0,0,0,0,2,2,1,0,0,0,0,0,0,1,0,0,1,0,0,0
27.3358043872627,10.0983,1,0,0,0,0,15,0,0.12,-8,7.670001,0.06999996,-6,-7.670001,0.06999996,-6,0,0,0,0,0,-1,0.1918,-8,0,0,0,0,0,0,1,0,0,0,0,2,2,1,0,0,0,0,0,0,1,0,0,1,0,0,0
27.4020019238318,10.15829,1,0,0,0,0,15,0,0.12,-8,7.670001,0.06999996,-6,-7.670001,0.06999996,-6,0,0,0,0,0,-1,0.1918,-8,0,0,0,0,0,0,1,0,0,0,0,2,2,1,0,0,0,0,0,0,1,0,0,1,0,0,0
27.4521058222527,10.19829,1,0,0,0,0,15,0,0.12,-8,7.670001,0.06999996,-6,-7.670001,0.06999996,-6,0,0,0,0,0,-1,0.1918,-8,0,0,0,0,0,0,1,0,0,0,0,2,2,1,0,0,0,0,0,0,1,0,0,1,0,0,0
27.5184966101373,10.27827,1,0,0,0,0,15,0,0.12,-8,7.670001,0.06999996,-6,-7.670001,0.06999996,-6,0,0,0,0,0,-1,0.1918,-8,0,0,0,0,0,0,1,0,0,0,0,2,2,1,0,0,0,0,0,0,1,0,0,1,0,0,0
27.5686633806738,10.31827,1,0,0,0,0,15,0,0.12,-8,7.670001,0.06999996,-6,-7.670001,0.06999996,-6,0,0,0,0,0,-1,0.1918,-8,0,0,0,0,0,0,1,0,0,0,0,2,2,1,0,0,0,0,0,0,1,0,0,1,0,0,0
27.6191383343997,10.37826,1,0,0,0,0,15,0,0.12,-8,7.670001,0.06999996,-6,-7.670001,0.06999996,-6,0,0,0,0,0,-1,0.1918,-8,0,0,0,0,0,0,1,0,0,0,0,2,2,1,0,0,0,0,0,0,1,0,0,1,0,0,0
27.6703218575815,10.41825,1,0,0,0,0,15,0,0.12,-8,7.670001,0.06999996,-6,-7.670001,0.06999996,-6,0,0,0,0,0,-1,0.1918,-8,0,0,0,0,0,0,1,0,0,0,0,2,2,1,0,0,0,0,0,0,1,0,0,1,0,0,0
27.7211412878397,10.47824,1,0,0,0,0,15,0,0.12,-8,7.670001,0.06999996,-6,-7.670001,0.06999996,-6,0,0,0,0,0,-1,0.1918,-8,0,0,0,0,0,0,1,0,0,0,0,2,2,1,0,0,0,0,0,0,1,0,0,1,0,0,0
27.771308462477,10.51823,1,0,0,0,0,15,0,0.12,-8,7.670001,0.06999996,-6,-7.670001,0.06999996,-6,0,0,0,0,0,-1,0.1918,-8,0,0,0,0,0,0,1,0,0,0,0,2,2,1,0,0,0,0,0,0,1,0,0,1,0,0,0
27.8379751611191,10.59822,1,0,0,0,0,15,0,0.12,-8,7.670001,0.06999996,-6,-7.670001,0.06999996,-6,0,0,0,0,0,-1,0.1918,-8,0,0,0,0,0,0,1,0,0,0,0,2,2,1,0,0,0,0,0,0,1,0,0,1,0,0,0
27.8879818467113,10.63821,1,0,0,0,0,15,0,0.12,-8,7.670001,0.06999996,-6,-7.670001,0.06999996,-6,0,0,0,0,0,-1,0.1918,-8,0,0,0,0,0,0,1,0,0,0,0,2,2,1,0,0,0,0,0,0,1,0,0,1,0,0,0
27.9388170964519,10.6982,1,0,0,0,0,15,0,0.12,-8,7.670001,0.06999996,-6,-7.670001,0.06999996,-6,0,0,0,0,0,-1,0.1918,-8,0,0,0,0,0,0,1,0,0,0,0,2,2,1,0,0,0,0,0,0,1,0,0,1,0,0,0
27.9896483816082,10.7382,1,0,0,0,0,15,0,0.12,-8,7.670001,0.06999996,-6,-7.670001,0.06999996,-6,0,0,0,0,0,-1,0.1918,-8,0,0,0,0,0,0,1,0,0,0,0,2,2,1,0,0,0,0,0,0,1,0,0,1,0,0,0
28.0402953360106,10.79819,1,0,0,0,0,15,0,0.12,-8,7.670001,0.06999996,-6,-7.670001,0.06999996,-6,0,0,0,0,0,-1,0.1918,-8,0,0,0,0,0,0,1,0,0,0,0,2,2,1,0,0,0,0,0,0,1,0,0,1,0,0,0
28.0911383302013,10.83818,1,0,0,0,0,15,0,0.12,-8,7.670001,0.06999996,-6,-7.670001,0.06999996,-6,0,0,0,0,0,-1,0.1918,-8,0,0,0,0,0,0,1,0,0,0,0,2,2,1,0,0,0,0,0,0,1,0,0,1,0,0,0
28.1419730430345,10.89817,1,0,0,0,0,15,0,0.12,-8,7.670001,0.06999996,-6,-7.670001,0.06999996,-6,0,0,0,0,0,-1,0.1918,-8,0,0,0,0,0,0,1,0,0,0,0,2,2,1,0,0,0,0,0,0,1,0,0,1,0,0,0
28.1924732507269,10.93816,1,0,0,0,0,15,0,0.12,-8,7.670001,0.06999996,-6,-7.670001,0.06999996,-6,0,0,0,0,0,-1,0.1918,-8,0,0,0,0,0,0,1,0,0,0,0,2,2,1,0,0,0,0,0,0,1,0,0,1,0,0,0
28.2433070549058,10.99815,1,0,0,0,0,15,0,0.12,-8,7.670001,0.06999996,-6,-7.670001,0.06999996,-6,0,0,0,0,0,-1,0.1918,-8,0,0,0,0,0,0,1,0,0,0,0,2,2,1,0,0,0,0,0,0,1,0,0,1,0,0,0
28.2948225096303,11.03815,1,0,0,0,0,15,0,0.12,-8,7.670001,0.06999996,-6,-7.670001,0.06999996,-6,0,0,0,0,0,-1,0.1918,-8,0,0,0,0,0,0,1,0,0,0,0,2,2,1,0,0,0,0,0,0,1,0,0,1,0,0,0
28.3463154398898,11.09814,1,0,0,0,0,15,0,0.12,-8,7.670001,0.06999996,-6,-7.670001,0.06999996,-6,0,0,0,0,0,-1,0.1918,-8,0,0,0,0,0,0,1,0,0,0,0,2,2,1,0,0,0,0,0,0,1,0,0,1,0,0,0
28.3971475264678,11.15813,1,0,0,0,0,15,0,0.12,-8,7.670001,0.06999996,-6,-7.670001,0.06999996,-6,0,0,0,0,0,-1,0.1918,-8,0,0,0,0,0,0,1,0,0,0,0,2,2,1,0,0,0,0,0,0,1,0,0,1,0,0,0
28.4483278665195,11.19812,1,0,0,0,0,15,0,0.12,-8,7.670001,0.06999996,-6,-7.670001,0.06999996,-6,0,0,0,0,0,-1,0.1918,-8,0,0,0,0,0,0,1,0,0,0,0,2,2,1,0,0,0,0,0,0,1,0,0,1,0,0,0
28.4994996110412,11.23811,1,0,0,0,0,15,0,0.12,-8,7.670001,0.06999996,-6,-7.670001,0.06999996,-6,0,0,0,0,0,-1,0.1918,-8,0,0,0,0,0,0,1,0,0,0,0,2,2,1,0,0,0,0,0,0,1,0,0,1,0,0,0
28.5500003210331,11.27811,1,0,0,0,0,15,0,0.12,-8,7.670001,0.06999996,-6,-7.670001,0.06999996,-6,0,0,0,0,0,-1,0.1918,-8,0,0,0,0,0,0,1,0,0,0,0,2,2,1,0,0,0,0,0,0,1,0,0,1,0,0,0
28.6008335232052,11.3381,1,0,0,0,0,15,0,0.12,-8,7.670001,0.06999996,-6,-7.670001,0.06999996,-6,0,0,0,0,0,-1,0.1918,-8,0,0,0,0,0,0,1,0,0,0,0,2,2,1,0,0,0,0,0,0,1,0,0,1,0,0,0
28.6516704540576,11.37809,1,0,0,0,0,15,0,0.12,-8,7.670001,0.06999996,-6,-7.670001,0.06999996,-6,0,0,0,0,0,-1,0.1918,-8,0,0,0,0,0,0,1,0,0,0,0,2,2,1,0,0,0,0,0,0,1,0,0,1,0,0,0
28.7023742736566,11.43808,1,0,0,0,0,15,0,0.12,-8,7.670001,0.06999996,-6,-7.670001,0.06999996,-6,0,0,0,0,0,-1,0.1918,-8,0,0,0,0,0,0,1,0,0,0,0,2,2,1,0,0,0,0,0,0,1,0,0,1,0,0,0
28.7532204020458,11.47807,1,0,0,0,0,15,0,0.12,-8,7.670001,0.06999996,-6,-7.670001,0.06999996,-6,0,0,0,0,0,-1,0.1918,-8,0,0,0,0,0,0,1,0,0,0,0,2,2,1,0,0,0,0,0,0,1,0,0,1,0,0,0
28.8041072317461,11.53806,1,0,0,0,0,15,0,0.12,-8,7.670001,0.06999996,-6,-7.670001,0.06999996,-6,0,0,0,0,0,-1,0.1918,-8,0,0,0,0,0,0,1,0,0,0,0,2,2,1,0,0,0,0,0,0,1,0,0,1,0,0,0
28.8549822470608,11.57806,1,0,0,0,0,15,0,0.12,-8,7.670001,0.06999996,-6,-7.670001,0.06999996,-6,0,0,0,0,0,-1,0.1918,-8,0,0,0,0,0,0,1,0,0,0,0,2,2,1,0,0,0,0,0,0,1,0,0,1,0,0,0
28.9062329842957,11.63805,1,0,0,0,0,15,0,0.12,-8,7.670001,0.06999996,-6,-7.670001,0.06999996,-6,0,0,0,0,0,-1,0.1918,-8,0,0,0,0,0,0,1,0,0,0,0,2,2,1,0,0,0,0,0,0,1,0,0,1,0,0,0
28.9570906223046,11.67804,1,0,0,0,0,15,0,0.12,-8,7.670001,0.06999996,-6,-7.670001,0.06999996,-6,0,0,0,0,0,-1,0.1918,-8,0,0,0,0,0,0,1,0,0,0,0,2,2,1,0,0,0,0,0,0,1,0,0,1,0,0,0
29.0075099364358,11.73803,1,0,0,0,0,15,0,0.12,-8,7.670001,0.06999996,-6,-7.670001,0.06999996,-6,0,0,0,0,0,-1,0.1918,-8,0,0,0,0,0,0,1,0,0,0,0,2,2,1,0,0,0,0,0,0,1,0,0,1,0,0,0
29.0576611597526,11.77802,1,0,0,0,0,15,0,0.12,-8,7.670001,0.06999996,-6,-7.670001,0.06999996,-6,0,0,0,0,0,-1,0.1918,-8,0,0,0,0,0,0,1,0,0,0,0,2,2,1,0,0,0,0,0,0,1,0,0,1,0,0,0
29.1239118575367,11.85801,1,0,0,0,0,15,0,0.12,-8,7.670001,0.06999996,-6,-7.670001,0.06999996,-6,0,0,0,0,0,-1,0.1918,-8,0,0,0,0,0,0,1,0,0,0,0,2,2,1,0,0,0,0,0,0,1,0,0,1,0,0,0
29.1899119919042,11.918,1,0,0,0,0,15,0,0.12,-8,7.670001,0.06999996,-6,-7.670001,0.06999996,-6,0,0,0,0,0,-1,0.1918,-8,0,0,0,0,0,0,1,0,0,0,0,2,2,1,0,0,0,0,0,0,1,0,0,1,0,0,0
29.256308027866,11.97799,1,0,0,0,0,15,0,0.12,-8,7.670001,0.06999996,-6,-7.670001,0.06999996,-6,0,0,0,0,0,-1,0.1918,-8,0,0,0,0,0,0,1,0,0,0,0,2,2,1,0,0,0,0,0,0,1,0,0,1,0,0,0
29.3427199795345,12.07797,1,0,0,0,0,15,0,0.2400497,-6.978817,7.670001,0.06999996,-6,-7.670001,0.06999996,-6,0,0,0,0,0,-1,0.1918,-8,0,0,0,0,0,0,1,0,0,0,0,2,2,1,0,0,0,0,0,0,1,1,0.6,1,50,1,0
29.408899994238,12.11797,1,0,0,0,0,15,0,0.3106069,-6.065216,7.670001,0.06999996,-6,-7.670001,0.06999996,-6,0,0,0,0,0,-1,0.1918,-8,0,0,0,0,0,0,1,0,0,0,0,2,2,1,0,0,0,0,0,0,1,1,0.4962158,1,50,1,0
29.4749625928948,12.17796,1,0,0,0,0,15,0,0.3636716,-5.259196,7.670001,0.06999996,-6,-7.670001,0.06999996,-6,0,0,0,0,0,-1,0.1918,-8,0,0,0,0,0,0,1,0,0,0,0,2,2,1,0,0,0,0,0,0,1,1,0.429486,1,49.93327,2,0
29.5414375288847,12.27794,1,0,0,0,0,15,0,0.3076585,-4.351854,7.670001,0.06999996,-6,-7.670001,0.06999996,-6,0,0,0,0,0,-1,0.1918,-8,0,0,0,0,0,0,1,0,0,0,0,2,2,1,0,0,0,0,0,0,1,1,0.3623393,1,49.86612,2,0
29.6076559563416,12.35793,1,0,0,0,0,15,0,0.1800001,-3.796859,7.670001,0.06999996,-6,-7.670001,0.06999996,-6,0,0,0,0,0,-1,0.1918,-8,0,0,0,0,0,0,1,0,0,0,0,2,2,1,0,0,0,0,0,0,1,1,0.2954524,1,49.79924,3,0
29.6737797395388,12.41792,1,0,0,0,0,15,0,0.18,-3.349446,7.670001,0.06999996,-6,-7.670001,0.06999996,-6,0,0,0,0,0,-1,0.1918,-8,0,0,0,0,0,0,1,0,0,0,0,2,2,1,0,0,0,0,0,0,1,1,0.2286779,1,49.73246,3,0
29.7248442855912,12.47791,1,0,0,0,0,15,0,0.18,-3.009615,7.670001,0.06999996,-6,-7.670001,0.06999996,-6,0,0,0,0,0,-1,0.1918,-8,0,0,0,0,0,0,1,0,0,0,0,2,2,1,0,0,0,0,0,0,1,1,0.1777651,1,49.68155,3,0
29.7749695106844,12.5379,1,0,0,0,0,15,0,0.18,-2.777366,7.670001,0.06999996,-6,-7.670001,0.06999996,-6,0,0,0,0,0,-1,0.1918,-8,0,0,0,0,0,0,1,0,0,0,0,2,2,1,0,0,0,0,0,0,1,1,0.1274761,1,49.63126,4,0
29.8259668839785,12.57789,1,0,0,0,0,15,0,0.1800001,-2.678317,7.670001,0.06999996,-6,-7.670001,0.06999996,-6,0,0,0,0,0,-1,0.1918,-8,0,0,0,0,0,0,1,0,0,0,0,2,2,1,0,0,0,0,0,0,1,1,0.07663696,1,49.58042,4,0
29.8763515528354,12.63788,1,0,0,0,0,15,0,0.1800001,-2.541697,7.670001,0.06999996,-6,-7.670001,0.06999996,-6,0,0,0,0,0,-1,0.1918,-8,0,0,0,0,0,0,1,0,0,0,0,2,2,1,0,0,0,0,0,0,1,1,0.02642795,1,49.53021,4,0
29.9274109603899,12.67787,1,0,0,0,0,15,0,0.1800001,-2.450617,7.670001,0.06999996,-6,-7.670001,0.06999996,-6,0,0,0,0,0,-1,0.1918,-8,0,0,0,0,0,0,1,0,0,0,0,2,2,1,0,0,0,0,0,0,1,0,0,1,49.47919,5,0
29.9778769902202,12.73786,1,0,0,0,0,15,0,0.1800001,-2.313997,7.670001,0.06999996,-6,-7.670001,0.06999996,-6,0,0,0,0,0,-1,0.1918,-8,0,0,0,0,0,0,1,0,0,0,0,2,2,1,0,0,0,0,0,0,1,0,0,1,49.42897,5,0
30.0287284651833,12.77785,1,0,0,0,0,15,0,0.1800001,-2.222917,7.670001,0.06999996,-6,-7.670001,0.06999996,-6,0,0,0,0,0,-1,0.1918,-8,0,0,0,0,0,0,1,0,0,0,0,2,2,1,0,0,0,0,0,0,1,0,0,1,49.37833,5,0
30.0792284640546,12.83784,1,0,0,0,0,15,0,0.1800001,-2.086297,7.670001,0.06999996,-6,-7.670001,0.06999996,-6,0,0,0,0,0,-1,0.1918,-8,0,0,0,0,0,0,1,0,0,0,0,2,2,1,0,0,0,0,0,0,1,0,0,1,49.32833,5,0
30.1297286736282,12.87784,1,0,0,0,0,15,0,0.1800001,-1.995217,7.670001,0.06999996,-6,-7.670001,0.06999996,-6,0,0,0,0,0,-1,0.1918,-8,0,0,0,0,0,0,1,0,0,0,0,2,2,1,0,0,0,0,0,0,1,0,0,1,49.27833,5,0
30.1802287740881,12.93783,1,0,0,0,0,15,0,0.1800001,-1.858597,7.670001,0.06999996,-6,-7.670001,0.06999996,-6,0,0,0,0,0,-1,0.1918,-8,0,0,0,0,0,0,1,0,0,0,0,2,2,1,0,0,0,0,0,0,1,0,0,1,49.22833,5,0
30.2307287748406,12.97782,1,0,0,0,0,15,0,0.1800001,-1.767517,7.670001,0.06999996,-6,-7.670001,0.06999996,-6,0,0,0,0,0,-1,0.1918,-8,0,0,0,0,0,0,1,0,0,0,0,2,2,1,0,0,0,0,0,0,1,0,0,1,49.17833,5,0
30.2812465536098,13.03781,1,0,0,0,0,15,0,0.1800001,-1.630897,7.670001,0.06999996,-6,-7.670001,0.06999996,-6,0,0,0,0,0,-1,0.1918,-8,0,0,0,0,0,0,1,0,0,0,0,2,2,1,0,0,0,0,0,0,1,0,0,1,49.12833,5,0
30.331943600631,13.0778,1,0,0,0,0,15,0,0.1800001,-1.539817,7.670001,0.06999996,-6,-7.670001,0.06999996,-6,0,0,0,0,0,-1,0.1918,-8,0,0,0,0,0,0,1,0,0,0,0,2,2,1,0,0,0,0,0,0,1,0,0,1,49.07812,5,0
30.3828246774028,13.13779,1,0,0,0,0,15,0,0.1800001,-1.403197,7.670001,0.06999996,-6,-7.670001,0.06999996,-6,0,0,0,0,0,-1,0.1918,-8,0,0,0,0,0,0,1,0,0,0,0,2,2,1,0,0,0,0,0,0,1,0,0,1,49.02794,5,0
30.4335645534533,13.17779,1,0,0,0,0,15,0,0.1800001,-1.312117,7.670001,0.06999996,-6,-7.670001,0.06999996,-6,0,0,0,0,0,-1,0.1918,-8,0,0,0,0,0,0,1,0,0,0,0,2,2,1,0,0,0,0,0,0,1,0,0,1,48.97775,5,0
30.4844211812193,13.21778,1,0,0,0,0,15,0,0.1800001,-1.175497,7.670001,0.06999996,-6,-7.670001,0.06999996,-6,0,0,0,0,0,-1,0.1918,-8,0,0,0,0,0,0,1,0,0,0,0,2,2,1,0,0,0,0,0,0,1,0,0,1,48.92715,5,0
30.5355890973533,13.25777,1,0,0,0,0,15,0,0.1800001,-1.084417,7.670001,0.06999996,-6,-7.670001,0.06999996,-6,0,0,0,0,0,-1,0.1918,-8,0,0,0,0,0,0,1,0,0,0,0,2,2,1,0,0,0,0,0,0,1,0,0,1,48.87683,5,0
30.5861119904804,13.31776,1,0,0,0,0,15,0,0.1800001,-0.9477973,7.670001,0.06999996,-6,-7.670001,0.06999996,-6,0,0,0,0,0,-1,0.1918,-8,0,0,0,0,0,0,1,0,0,0,0,2,2,1,0,0,0,0,0,0,1,0,0,1,48.82614,5,0
30.6362787550564,13.35776,1,0,0,0,0,15,0,0.1800001,-0.8567173,7.670001,0.06999996,-6,-7.670001,0.06999996,-6,0,0,0,0,0,-1,0.1918,-8,0,0,0,0,0,0,1,0,0,0,0,2,2,1,0,0,0,0,0,0,1,0,0,1,48.77614,5,0
30.6871446597638,13.43774,1,0,0,0,0,15,0,0.1800001,-0.7200974,7.670001,0.06999996,-6,-7.670001,0.06999996,-6,0,0,0,0,0,-1,0.1918,-8,0,0,0,0,0,0,1,0,0,0,0,2,2,1,0,0,0,0,0,0,1,0,0,1,48.72584,5,0
30.73745424478,13.47774,1,0,0,0,0,15,0,0.1800001,-0.6290174,7.670001,0.06999996,-6,-7.670001,0.06999996,-6,0,0,0,0,0,-1,0.1918,-8,0,0,0,0,0,0,1,0,0,0,0,2,2,1,0,0,0,0,0,0,1,0,0,1,48.6751,5,0
30.7876224937725,13.53773,1,0,0,0,0,15,0,0.1800001,-0.4923975,7.670001,0.06999996,-6,-7.670001,0.06999996,-6,0,0,0,0,0,-1,0.1918,-8,0,0,0,0,0,0,1,0,0,0,0,2,2,1,0,0,0,0,0,0,1,0,0,1,48.62462,5,0
30.8378093577983,13.57772,1,0,0,0,0,15,0,0.1800001,-0.4013175,7.670001,0.06999996,-6,-7.670001,0.06999996,-6,0,0,0,0,0,-1,0.1918,-8,0,0,0,0,0,0,1,0,0,0,0,2,2,1,0,0,0,0,0,0,1,0,0,1,48.57462,5,0
30.9044761582526,13.65771,1,0,0,0,0,15,0,0.1800001,-0.2191576,7.670001,0.06999996,-6,-7.670001,0.06999996,-6,0,0,0,0,0,-1,0.1918,-8,0,0,0,0,0,0,1,0,0,0,0,2,2,1,0,0,0,0,0,0,1,0,0,1,48.50794,5,0
30.95500694486,13.6977,1,0,0,0,0,15,0,0.1800001,-0.1280776,7.670001,0.06999996,-6,-7.670001,0.06999996,-6,0,0,0,0,0,-1,0.1918,-8,0,0,0,0,0,0,1,0,0,0,0,2,2,1,0,0,0,0,0,0,1,0,0,1,48.45752,5,0
31.0213256592738,13.77769,1,0,0,0,0,15,0,0.1800001,0.05408232,7.670001,0.06999996,-6,-7.670001,0.06999996,-6,0,0,0,0,0,-1,0.1918,-8,0,0,0,0,0,0,1,0,0,0,0,2,2,1,0,0,0,0,0,0,1,0,0,1,48.39025,5,0
31.0873816286835,13.83768,1,0,0,0,0,15,0,0.1800001,0.1907023,7.670001,0.06999996,-6,-7.670001,0.06999996,-6,0,0,0,0,0,-1,0.1918,-8,0,0,0,0,0,0,1,0,0,0,0,2,2,1,0,0,0,0,0,0,1,0,0,1,48.32352,5,0
31.1375323541152,13.87767,1,0,0,0,0,15,0,0.1800001,0.2817822,7.670001,0.06999996,-6,-7.670001,0.06999996,-6,0,0,0,0,0,-1,0.1918,-8,0,0,0,0,0,0,1,0,0,0,0,2,2,1,0,0,0,0,0,0,1,0,0,1,48.27287,5,0
31.2037887019726,13.95766,1,0,0,0,0,15,0,0.1800001,0.4639422,7.670001,0.06999996,-6,-7.670001,0.06999996,-6,0,0,0,0,0,-1,0.1918,-8,0,0,0,0,0,0,1,0,0,0,0,2,2,1,0,0,0,0,0,0,1,0,0,1,48.20594,5,0
31.2705407368081,14.01765,1,0,0,0,0,15,0,0.1800001,0.6005621,7.670001,0.06999996,-6,-7.670001,0.06999996,-6,0,0,0,0,0,-1,0.1918,-8,0,0,0,0,0,0,1,0,0,0,0,2,2,1,0,0,0,0,0,0,1,0,0,1,48.13885,5,0
31.3369432047072,14.07764,1,0,0,0,0,15,0,0.1800001,0.7371821,7.670001,0.06999996,-6,-7.670001,0.06999996,-6,0,0,0,0,0,-1,0.1918,-8,0,0,0,0,0,0,1,0,0,0,0,2,2,1,0,0,0,0,0,0,1,0,0,1,48.07152,5,0
31.3874719170916,14.13763,1,0,0,0,0,15,0,0.1800001,0.873802,7.670001,0.06999996,-6,-7.670001,0.06999996,-6,0,0,0,0,0,-1,0.1918,-8,0,0,0,0,0,0,1,0,0,0,0,2,2,1,0,0,0,0,0,0,1,0,0,1,48.02074,5,0
31.4538717130075,14.19762,1,0,0,0,0,15,0,0.1800001,1.010422,7.670001,0.06999996,-6,-7.670001,0.06999996,-6,0,0,0,0,0,-1,0.1918,-8,0,0,0,0,0,0,1,0,0,0,0,2,2,1,0,0,0,0,0,0,1,0,0,1,47.9537,5,0
31.5040385730627,14.25761,1,0,0,0,0,15,0,0.1800001,1.147042,7.670001,0.06999996,-6,-7.670001,0.06999996,-6,0,0,0,0,0,-1,0.1918,-8,0,0,0,0,0,0,1,0,0,0,0,2,2,1,0,0,0,0,0,0,1,0,0,1,47.90334,5,0
31.5796478905405,14.33759,1,0,0,0,0,15,0,0.1800001,1.329202,7.670001,0.06999996,-6,-7.670001,0.06999996,-6,0,0,0,0,0,-1,0.1918,-8,0,0,0,0,0,0,1,0,0,0,0,2,2,1,0,0,0,0,0,0,1,0,0,1,47.83658,5,0
31.6460875855076,14.39758,1,0,0,0,0,15,0,0.1800001,1.465822,7.670001,0.06999996,-6,-7.670001,0.06999996,-6,0,0,0,0,0,-1,0.1918,-8,0,0,0,0,0,0,1,0,0,0,0,2,2,1,0,0,0,0,0,0,1,0,0,1,47.76105,5,0
31.696338584243,14.45757,1,0,0,0,0,15,0,0.1800001,1.602442,7.670001,0.06999996,-6,-7.670001,0.06999996,-6,0,0,0,0,0,-1,0.1918,-8,0,0,0,0,0,0,1,0,0,0,0,2,2,1,0,0,0,0,0,0,1,0,0,1,47.71105,5,0
31.7630686084988,14.51756,1,0,0,0,0,15,0,0.1800001,1.739062,7.670001,0.06999996,-6,-7.670001,0.06999996,-6,0,0,0,0,0,-1,0.1918,-8,0,0,0,0,0,0,1,0,0,0,0,2,2,1,0,0,0,0,0,0,1,0,0,1,47.6443,5,0
31.8301388822372,14.57755,1,0,0,0,0,15,0,0.1800001,1.875682,7.670001,0.06999996,-6,-7.670001,0.06999996,-6,0,0,0,0,0,-1,0.1918,-8,0,0,0,0,0,0,1,0,0,0,0,2,2,1,0,0,0,0,0,0,1,0,0,1,47.57751,5,0
31.8971985326583,14.65754,1,0,0,0,0,15,0,0.1800001,2.057842,7.670001,0.06999996,-6,-7.670001,0.06999996,-6,0,0,0,0,0,-1,0.1918,-8,0,0,0,0,0,0,1,0,0,0,0,2,2,1,0,0,0,0,0,0,1,0,0,1,47.51046,5,0
31.947616559683,14.69753,1,0,0,0,0,15,0,0.1800001,2.148921,7.670001,0.06999996,-6,-7.670001,0.06999996,-6,0,0,0,0,0,-1,0.1918,-8,0,0,0,0,0,0,1,0,0,0,0,2,2,1,0,0,0,0,0,0,1,0,0,1,47.4598,5,0
31.9982064532364,14.75752,1,0,0,0,0,15,0,0.1800001,2.285542,7.670001,0.06999996,-6,-7.670001,0.06999996,-6,0,0,0,0,0,-1,0.1918,-8,0,0,0,0,0,0,1,0,0,0,0,2,2,1,0,0,0,0,0,0,1,0,0,1,47.40944,5,0
32.0491367120917,14.77752,1,0,0,0,0,15,0,0.1800001,2.376621,7.670001,0.06999996,-6,-7.670001,0.06999996,-6,0,0,0,0,0,-1,0.1918,-8,0,0,0,0,0,0,1,0,0,0,0,2,2,1,0,0,0,0,0,0,1,0,0,1,47.35901,5,0
32.0996368144328,14.83751,1,0,0,0,0,15,0,0.1800001,2.513241,7.670001,0.06999996,-6,-7.670001,0.06999996,-6,0,0,0,0,0,-1,0.1918,-8,0,0,0,0,0,0,1,0,0,0,0,2,2,1,0,0,0,0,0,0,1,0,0,1,47.30901,5,0
32.1502985217671,14.8775,1,0,0,0,0,15,0,0.1800001,2.604321,7.670001,0.06999996,-6,-7.670001,0.06999996,-6,0,0,0,0,0,-1,0.1918,-8,0,0,0,0,0,0,1,0,0,0,0,2,2,1,0,0,0,0,0,0,1,0,0,1,47.25885,5,0
32.2007986241082,14.93749,1,0,0,0,0,15,0,0.1800001,2.740941,7.670001,0.06999996,-6,-7.670001,0.06999996,-6,0,0,0,0,0,-1,0.1918,-8,0,0,0,0,0,0,1,0,0,0,0,2,2,1,0,0,0,0,0,0,1,0,0,1,47.20885,5,0
32.2675268351535,15.01748,1,0,0,0,0,15,0,0.1800001,2.877561,7.670001,0.06999996,-6,-7.670001,0.06999996,-6,0,0,0,0,0,-1,0.1918,-8,0,0,0,0,0,0,1,0,0,0,0,2,2,1,0,0,0,0,0,0,1,0,0,1,47.14219,5,0
32.318286320741,15.07747,1,0,0,0,0,15,0,0.1799999,2.877561,7.670001,0.06999996,-6,-7.670001,0.06999996,-6,0,0,0,0,0,-1,0.1918,-8,0,0,0,0,0,0,1,0,0,0,0,2,2,1,0,0,0,0,0,0,1,0,0,1,47.09146,4,0
32.368909195109,15.11746,1,0,0,0,0,15,0,0.1799999,2.877561,7.670001,0.06999996,-6,-7.670001,0.06999996,-6,0,0,0,0,0,-1,0.1918,-8,0,0,0,0,0,0,1,0,0,0,0,2,2,1,0,0,0,0,0,0,1,0,0,1,47.04074,4,0
32.4191005107823,15.17745,1,0,0,0,0,15,0,0.1799999,2.877561,7.670001,0.06999996,-6,-7.670001,0.06999996,-6,0,0,0,0,0,-1,0.1918,-8,0,0,0,0,0,0,1,0,0,0,0,2,2,1,0,0,0,0,0,0,1,0,0,1,46.99038,4,0
32.469976898289,15.21745,1,0,0,0,0,15,0,0.1799999,2.877561,7.670001,0.06999996,-6,-7.670001,0.06999996,-6,0,0,0,0,0,-1,0.1918,-8,0,0,0,0,0,0,1,0,0,0,0,2,2,1,0,0,0,0,0,0,1,0,0,1,46.94024,3,0
32.5366964155125,15.27744,1,0,0,0,0,15,0,0.1799999,2.877561,7.670001,0.06999996,-6,-7.670001,0.06999996,-6,0,0,0,0,0,-1,0.1918,-8,0,0,0,0,0,0,1,0,0,0,0,2,2,1,0,0,0,0,0,0,1,0,0,1,46.873,3,0
32.5869341715301,15.33743,1,0,0,0,0,15,0,0.1799999,2.877561,7.670001,0.06999996,-6,-7.670001,0.06999996,-6,0,0,0,0,0,-1,0.1918,-8,0,0,0,0,0,0,1,0,0,0,0,2,2,1,0,0,0,0,0,0,1,0,0,1,46.82295,3,0
32.6381447711649,15.37742,1,0,0,0,0,15,0,0.1799999,2.877561,7.670001,0.06999996,-6,-7.670001,0.06999996,-6,0,0,0,0,0,-1,0.1918,-8,0,0,0,0,0,0,1,0,0,0,0,2,2,1,0,0,0,0,0,0,1,0,0,1,46.77181,2,0
32.6881504901561,15.43741,1,0,0,0,0,15,0,0.1799999,2.877561,7.670001,0.06999996,-6,-7.670001,0.06999996,-6,0,0,0,0,0,-1,0.1918,-8,0,0,0,0,0,0,1,0,0,0,0,2,2,1,0,0,0,0,0,0,1,0,0,1,46.72148,2,0
32.7385883179555,15.4974,1,0,0,0,0,15,0,0.1799999,2.877561,7.670001,0.06999996,-6,-7.670001,0.06999996,-6,0,0,0,0,0,-1,0.1918,-8,0,0,0,0,0,0,1,0,0,0,0,2,2,1,0,0,0,0,0,0,1,0,0,1,46.67106,2,0
32.8052551109033,15.55739,1,0,0,0,0,15,0,0.1799999,2.877561,7.670001,0.06999996,-6,-7.670001,0.06999996,-6,0,0,0,0,0,-1,0.1918,-8,0,0,0,0,0,0,1,0,0,0,0,2,2,1,0,0,0,0,0,0,1,0,0,1,46.60439,1,0
32.8555176132421,15.59738,1,0,0,0,0,15,0,0.1799999,2.877561,7.670001,0.06999996,-6,-7.670001,0.06999996,-6,0,0,0,0,0,-1,0.1918,-8,0,0,0,0,0,0,1,0,0,0,0,2,2,1,0,0,0,0,0,0,1,0,0,1,46.55431,1,0
32.9056843816737,15.65737,1,0,0,0,0,15,0,0.1799999,2.877561,7.670001,0.06999996,-6,-7.670001,0.06999996,-6,0,0,0,0,0,-1,0.1918,-8,0,0,0,0,0,0,1,0,0,0,0,2,2,1,0,0,0,0,0,0,1,0,0,1,46.50396,1,0
32.9723813740971,15.71736,1,0,0,0,0,15,0,0.1799999,2.877561,7.670001,0.06999996,-6,-7.670001,0.06999996,-6,0,0,0,0,0,-1,0.1918,-8,0,0,0,0,0,0,1,0,0,0,0,2,2,1,0,0,0,0,0,0,1,0,0,1,46.43729,0,0
33.0383815084646,15.79735,1,0,0,0,0,15,0,0.1799999,2.877561,7.670001,0.06999996,-6,-7.670001,0.06999996,-6,0,0,0,0,0,-1,0.1918,-8,0,0,0,0,0,0,1,0,0,0,0,2,2,1,0,0,0,0,0,0,1,0,0,1,46.37026,0,0
33.0888954668554,15.83734,1,0,0,0,0,15,0,0.1799999,2.877561,7.670001,0.06999996,-6,-7.670001,0.06999996,-6,0,0,0,0,0,-1,0.1918,-8,0,0,0,0,0,0,1,0,0,0,0,2,2,1,0,0,0,0,0,0,1,0,0,1,46.31959,0,0
33.1390880736398,15.89733,1,0,0,0,0,15,0,0.1799999,2.877561,7.670001,0.06999996,-6,-7.670001,0.06999996,-6,0,0,0,0,0,-1,0.1918,-8,0,0,0,0,0,0,1,0,0,0,0,2,2,1,0,0,0,0,0,0,1,0,0,1,46.26887,0,0
33.2054094563487,15.95732,1,0,0,0,0,15,0,0.1799999,2.877561,7.670001,0.06999996,-6,-7.670001,0.06999996,-6,0,0,0,0,0,-1,0.1918,-8,0,0,0,0,0,0,1,0,0,0,0,2,2,1,0,0,0,0,0,0,1,0,0,1,46.20155,0,0
33.2718698356549,16.01731,1,0,0,0,0,15,0,0.1799999,2.877561,7.670001,0.06999996,-6,-7.670001,0.06999996,-6,0,0,0,0,0,-1,0.1918,-8,0,0,0,0,0,0,1,0,0,0,0,2,2,1,0,0,0,0,0,0,1,0,0,1,46.13441,0,0
33.3378915561053,16.0973,1,0,0,0,0,15,0,0.1799999,2.877561,7.670001,0.06999996,-6,-7.670001,0.06999996,-6,0,0,0,0,0,-1,0.1918,-8,0,0,0,0,0,0,1,0,0,0,0,2,2,1,0,0,0,0,0,0,1,0,0,1,46.06773,0,0
33.4046801172631,16.15729,1,0,0,0,0,15,0,0.1799999,2.877561,7.670001,0.06999996,-6,-7.670001,0.06999996,-6,0,0,0,0,0,-1,0.1918,-8,0,0,0,0,0,0,1,0,0,0,0,2,2,1,0,0,0,0,0,0,1,0,0,1,46.0006,0,0
33.4549682589682,16.21728,1,0,0,0,0,15,0,0.1799999,2.877561,7.670001,0.06999996,-6,-7.670001,0.06999996,-6,0,0,0,0,0,-1,0.1918,-8,0,0,0,0,0,0,1,0,0,0,0,2,2,1,0,0,0,0,0,0,1,0,0,1,45.94978,0,0
33.5213017253826,16.27727,1,0,0,0,0,15,0,0.1799999,2.877561,7.670001,0.06999996,-6,-7.670001,0.06999996,-6,0,0,0,0,0,-1,0.1918,-8,0,0,0,0,0,0,1,0,0,0,0,2,2,1,0,0,0,0,0,0,1,0,0,1,45.8828,0,0
33.5882397792737,16.33726,1,0,0,0,0,15,0,0.1799999,2.877561,7.670001,0.06999996,-6,-7.670001,0.06999996,-6,0,0,0,0,0,-1,0.1918,-8,0,0,0,0,0,0,1,0,0,0,0,2,2,1,0,0,0,0,0,0,1,0,0,1,45.81614,0,0
33.6383319018098,16.39725,1,0,0,0,0,15,0,0.1799999,2.877561,7.670001,0.06999996,-6,-7.670001,0.06999996,-6,0,0,0,0,0,-1,0.1918,-8,0,0,0,0,0,0,1,0,0,0,0,2,2,1,0,0,0,0,0,0,1,0,0,1,45.76587,0,0
33.6884982635515,16.43724,1,0,0,0,0,15,0,0.1799999,2.877561,7.670001,0.06999996,-6,-7.670001,0.06999996,-6,0,0,0,0,0,-1,0.1918,-8,0,0,0,0,0,0,1,0,0,0,0,2,2,1,0,0,0,0,0,0,1,0,0,1,45.71561,0,0
33.7551650677311,16.51723,1,0,0,0,0,15,0,0.1799999,2.877561,7.670001,0.06999996,-6,-7.670001,0.06999996,-6,0,0,0,0,0,-1,0.1918,-8,0,0,0,0,0,0,1,0,0,0,0,2,2,1,0,0,0,0,0,0,1,0,0,1,45.64894,0,0
33.8219825468274,16.55722,1,0,0,0,0,15,0,0.1799999,2.877561,7.670001,0.06999996,-6,-7.670001,0.06999996,-6,0,0,0,0,0,-1,0.1918,-8,0,0,0,0,0,0,1,0,0,0,0,2,2,1,0,0,0,0,0,0,1,0,0,1,45.58212,0,0
33.8886910276736,16.61721,1,0,0,0,0,15,0,0.1799999,2.877561,7.670001,0.06999996,-6,-7.670001,0.06999996,-6,0,0,0,0,0,-1,0.1918,-8,0,0,0,0,0,0,1,0,0,0,0,2,2,1,0,0,0,0,0,0,1,0,0,1,45.51542,0,0
33.9553578240486,16.6972,1,0,0,0,0,15,0,0.1799999,2.877561,7.670001,0.06999996,-6,-7.670001,0.06999996,-6,0,0,0,0,0,-1,0.1918,-8,0,0,0,0,0,0,1,0,0,0,0,2,2,1,0,0,0,0,0,0,1,0,0,1,45.44875,0,0
34.006537247921,16.75719,1,0,0,0,0,15,0,0.1799999,2.877561,7.670001,0.06999996,-6,-7.670001,0.06999996,-6,0,0,0,0,0,-1,0.1918,-8,0,0,0,0,0,0,1,0,0,0,0,2,2,1,0,0,0,0,0,0,1,0,0,1,45.39842,0,0
34.0576493109825,16.81718,1,0,0,0,0,15,0,0.1799999,2.877561,7.670001,0.06999996,-6,-7.670001,0.06999996,-6,0,0,0,0,0,-1,0.1918,-8,0,0,0,0,0,0,1,0,0,0,0,2,2,1,0,0,0,0,0,0,1,0,0,1,45.34781,0,0
34.1084788710127,16.85717,1,0,0,0,0,15,0,0.1799999,2.877561,7.670001,0.06999996,-6,-7.670001,0.06999996,-6,0,0,0,0,0,-1,0.1918,-8,0,0,0,0,0,0,1,0,0,0,0,2,2,1,0,0,0,0,0,0,1,0,0,1,45.29715,0,0
34.1589789714726,16.91716,1,0,0,0,0,15,0,0.1799999,2.877561,7.670001,0.06999996,-6,-7.670001,0.06999996,-6,0,0,0,0,0,-1,0.1918,-8,0,0,0,0,0,0,1,0,0,0,0,2,2,1,0,0,0,0,0,0,1,0,0,1,45.24715,0,0
34.2099902341204,16.95715,1,0,0,0,0,15,0,0.1799999,2.877561,7.670001,0.06999996,-6,-7.670001,0.06999996,-6,0,0,0,0,0,-1,0.1918,-8,0,0,0,0,0,0,1,0,0,0,0,2,2,1,0,0,0,0,0,0,1,0,0,1,45.19664,0,0
34.2608412161904,17.01714,1,0,0,0,0,15,0,0.1799999,2.877561,7.670001,0.06999996,-6,-7.670001,0.06999996,-6,0,0,0,0,0,-1,0.1918,-8,0,0,0,0,0,0,1,0,0,0,0,2,2,1,0,0,0,0,0,0,1,0,0,1,45.14663,0,0
34.3116957256446,17.05714,1,0,0,0,0,15,0,0.1799999,2.877561,7.670001,0.06999996,-6,-7.670001,0.06999996,-6,0,0,0,0,0,-1,0.1918,-8,0,0,0,0,0,0,1,0,0,0,0,2,2,1,0,0,0,0,0,0,1,0,0,1,45.09594,0,0
34.3621956248085,17.11713,1,0,0,0,0,15,0,0.1799999,2.877561,7.670001,0.06999996,-6,-7.670001,0.06999996,-6,0,0,0,0,0,-1,0.1918,-8,0,0,0,0,0,0,1,0,0,0,0,2,2,1,0,0,0,0,0,0,1,0,0,1,45.04594,0,0
34.4129925635892,17.15712,1,0,0,0,0,15,0,0.1799999,2.877561,7.670001,0.06999996,-6,-7.670001,0.06999996,-6,0,0,0,0,0,-1,0.1918,-8,0,0,0,0,0,0,1,0,0,0,0,2,2,1,0,0,0,0,0,0,1,0,0,1,44.99565,0,0
34.4634925643417,17.21711,1,0,0,0,0,15,0,0.1799999,2.877561,7.670001,0.06999996,-6,-7.670001,0.06999996,-6,0,0,0,0,0,-1,0.1918,-8,0,0,0,0,0,0,1,0,0,0,0,2,2,1,0,0,0,0,0,0,1,0,0,1,44.94565,0,0
34.5139975109572,17.2571,1,0,0,0,0,15,0,0.1799999,2.877561,7.670001,0.06999996,-6,-7.670001,0.06999996,-6,0,0,0,0,0,-1,0.1918,-8,0,0,0,0,0,0,1,0,0,0,0,2,2,1,0,0,0,0,0,0,1,0,0,1,44.89565,0,0
34.5645026645126,17.31709,1,0,0,0,0,15,0,0.1799999,2.877561,7.670001,0.06999996,-6,-7.670001,0.06999996,-6,0,0,0,0,0,-1,0.1918,-8,0,0,0,0,0,0,1,0,0,0,0,2,2,1,0,0,0,0,0,0,1,0,0,1,44.84565,0,0
34.6152003210659,17.35709,1,0,0,0,0,15,0,0.1799999,2.877561,7.670001,0.06999996,-6,-7.670001,0.06999996,-6,0,0,0,0,0,-1,0.1918,-8,0,0,0,0,0,0,1,0,0,0,0,2,2,1,0,0,0,0,0,0,1,0,0,1,44.79545,0,0
34.6659087855245,17.41708,1,0,0,0,0,15,0,0.1799999,2.877561,7.670001,0.06999996,-6,-7.670001,0.06999996,-6,0,0,0,0,0,-1,0.1918,-8,0,0,0,0,0,0,1,0,0,0,0,2,2,1,0,0,0,0,0,0,1,0,0,1,44.74545,0,0
34.7167592577698,17.45707,1,0,0,0,0,15,0,0.1799999,2.877561,7.670001,0.06999996,-6,-7.670001,0.06999996,-6,0,0,0,0,0,-1,0.1918,-8,0,0,0,0,0,0,1,0,0,0,0,2,2,1,0,0,0,0,0,0,1,0,0,1,44.6949,0,0
34.7674738833929,17.51706,1,0,0,0,0,15,0,0.1799999,2.877561,7.670001,0.06999996,-6,-7.670001,0.06999996,-6,0,0,0,0,0,-1,0.1918,-8,0,0,0,0,0,0,1,0,0,0,0,2,2,1,0,0,0,0,0,0,1,0,0,1,44.64469,0,0
34.8184781759294,17.55705,1,0,0,0,0,15,0,0.1799999,2.877561,7.670001,0.06999996,-6,-7.670001,0.06999996,-6,0,0,0,0,0,-1,0.1918,-8,0,0,0,0,0,0,1,0,0,0,0,2,2,1,0,0,0,0,0,0,1,0,0,1,44.59419,0,0
34.8693924816015,17.61704,1,0,0,0,0,15,0,0.1799999,2.877561,7.670001,0.06999996,-6,-7.670001,0.06999996,-6,0,0,0,0,0,-1,0.1918,-8,0,0,0,0,0,0,1,0,0,0,0,2,2,1,0,0,0,0,0,0,1,0,0,1,44.54401,0,0
34.9206516996088,17.65704,1,0,0,0,0,15,0,0.1799999,2.877561,7.670001,0.06999996,-6,-7.670001,0.06999996,-6,0,0,0,0,0,-1,0.1918,-8,0,0,0,0,0,0,1,0,0,0,0,2,2,1,0,0,0,0,0,0,1,0,0,1,44.49315,0,0
34.9711693218599,17.71703,1,0,0,0,0,15,0,0.1799999,2.877561,7.670001,0.06999996,-6,-7.670001,0.06999996,-6,0,0,0,0,0,-1,0.1918,-8,0,0,0,0,0,0,1,0,0,0,0,2,2,1,0,0,0,0,0,0,1,0,0,1,44.44274,0,0
35.0211831307473,17.75702,1,0,0,0,0,15,0,0.1799999,2.877561,7.670001,0.06999996,-6,-7.670001,0.06999996,-6,0,0,0,0,0,-1,0.1918,-8,0,0,0,0,0,0,1,0,0,0,0,2,2,1,0,0,0,0,0,0,1,0,0,1,44.39251,0,0
35.0875390740546,17.83701,1,0,0,0,0,15,0,0.1799999,2.877561,7.670001,0.06999996,-6,-7.670001,0.06999996,-6,0,0,0,0,0,-1,0.1918,-8,0,0,0,0,0,0,1,0,0,0,0,2,2,1,0,0,0,0,0,0,1,0,0,1,44.32546,0,0
35.1539901502865,17.897,1,0,0,0,0,15,0,0.1799999,2.877561,7.670001,0.06999996,-6,-7.670001,0.06999996,-6,0,0,0,0,0,-1,0.1918,-8,0,0,0,0,0,0,1,0,0,0,0,2,2,1,0,0,0,0,0,0,1,0,0,1,44.25801,0,0
35.22022520526,17.97698,1,0,0,0,0,15,0,0.1799999,2.877561,7.670001,0.06999996,-6,-7.670001,0.06999996,-6,0,0,0,0,0,-1,0.1918,-8,0,0,0,0,0,0,1,0,0,0,0,2,2,1,0,0,0,0,0,0,1,0,0,1,44.19111,0,0
35.2863190932261,18.03697,1,0,0,0,0,15,0,0.1799999,2.877561,7.670001,0.06999996,-6,-7.670001,0.06999996,-6,0,0,0,0,0,-1,0.1918,-8,0,0,0,0,0,0,1,0,0,0,0,2,2,1,0,0,0,0,0,0,1,0,0,1,44.12444,0,0
35.3523190302836,18.09696,1,0,0,0,0,15,0,0.1799999,2.877561,7.670001,0.06999996,-6,-7.670001,0.06999996,-6,0,0,0,0,0,-1,0.1918,-8,0,0,0,0,0,0,1,0,0,0,0,2,2,1,0,0,0,0,0,0,1,0,0,1,44.05768,0,0
35.4186513037669,18.17695,1,0,0,0,0,15,0,0.1799999,2.877561,7.670001,0.06999996,-6,-7.670001,0.06999996,-6,0,0,0,0,0,-1,0.1918,-8,0,0,0,0,0,0,1,0,0,0,0,2,2,1,0,0,0,0,0,0,1,0,0,1,43.99068,0,0
35.4694669945228,18.21694,1,0,0,0,0,15,0,0.1799999,2.877561,7.670001,0.06999996,-6,-7.670001,0.06999996,-6,0,0,0,0,0,-1,0.1918,-8,0,0,0,0,0,0,1,0,0,0,0,2,2,1,0,0,0,0,0,0,1,0,0,1,43.94003,0,0
35.5361516651014,18.25694,1,0,0,0,0,15,0,0.1799999,2.877561,7.670001,0.06999996,-6,-7.670001,0.06999996,-6,0,0,0,0,0,-1,0.1918,-8,0,0,0,0,0,0,1,0,0,0,0,2,2,1,0,0,0,0,0,0,1,0,0,1,43.87337,0,0
35.602827885809,18.33692,1,0,0,0,0,15,0,0.1799999,2.877561,7.670001,0.06999996,-6,-7.670001,0.06999996,-6,0,0,0,0,0,-1,0.1918,-8,0,0,0,0,0,0,1,0,0,0,0,2,2,1,0,0,0,0,0,0,1,0,0,1,43.80667,0,0
35.6531109925235,18.37691,1,0,0,0,0,15,0,0.1799999,2.877561,7.670001,0.06999996,-6,-7.670001,0.06999996,-6,0,0,0,0,0,-1,0.1918,-8,0,0,0,0,0,0,1,0,0,0,0,2,2,1,0,0,0,0,0,0,1,0,0,1,43.75625,0,0
35.7035524811471,18.4369,1,0,0,0,0,15,0,0.1799999,2.877561,7.670001,0.06999996,-6,-7.670001,0.06999996,-6,0,0,0,0,0,-1,0.1918,-8,0,0,0,0,0,0,1,0,0,0,0,2,2,1,0,0,0,0,0,0,1,0,0,1,43.70596,0,0
35.77021927579,18.51689,1,0,0,0,0,15,0,0.1799999,2.877561,7.670001,0.06999996,-6,-7.670001,0.06999996,-6,0,0,0,0,0,-1,0.1918,-8,0,0,0,0,0,0,1,0,0,0,0,2,2,1,0,0,0,0,0,0,1,0,0,1,43.63929,0,0
35.820436340111,18.57688,1,0,0,0,0,15,0,0.1799999,2.877561,7.670001,0.06999996,-6,-7.670001,0.06999996,-6,0,0,0,0,0,-1,0.1918,-8,0,0,0,0,0,0,1,0,0,0,0,2,2,1,0,0,0,0,0,0,1,0,0,1,43.58892,0,0
35.8711116059187,18.61687,1,0,0,0,0,15,0,0.1799999,2.877561,7.670001,0.06999996,-6,-7.670001,0.06999996,-6,0,0,0,0,0,-1,0.1918,-8,0,0,0,0,0,0,1,0,0,0,0,2,2,1,0,0,0,0,0,0,1,0,0,1,43.53875,0,0
35.9377936508755,18.67686,1,0,0,0,0,15,0,0.1799999,2.877561,7.670001,0.06999996,-6,-7.670001,0.06999996,-6,0,0,0,0,0,-1,0.1918,-8,0,0,0,0,0,0,1,0,0,0,0,2,2,1,0,0,0,0,0,0,1,0,0,1,43.47173,0,0
36.0040212836737,18.75685,1,0,0,0,0,15,0,0.1799999,2.877561,7.670001,0.06999996,-6,-7.670001,0.06999996,-6,0,0,0,0,0,-1,0.1918,-8,0,0,0,0,0,0,1,0,0,0,0,2,2,1,0,0,0,0,0,0,1,0,0,1,43.40506,0,0
36.0703599964703,18.81684,1,0,0,0,0,15,0,0.1799999,2.877561,7.670001,0.06999996,-6,-7.670001,0.06999996,-6,0,0,0,0,0,-1,0.1918,-8,0,0,0,0,0,0,1,0,0,0,0,2,2,1,0,0,0,0,0,0,1,0,0,1,43.33783,0,0
36.1367327682922,18.89683,1,0,0,0,0,15,0,0.1799999,2.877561,7.670001,0.06999996,-6,-7.670001,0.06999996,-6,0,0,0,0,0,-1,0.1918,-8,0,0,0,0,0,0,1,0,0,0,0,2,2,1,0,0,0,0,0,0,1,0,0,1,43.27108,0,0
36.2032385915952,18.95682,1,0,0,0,0,15,0,0.1799999,2.877561,7.670001,0.06999996,-6,-7.670001,0.06999996,-6,0,0,0,0,0,-1,0.1918,-8,0,0,0,0,0,0,1,0,0,0,0,2,2,1,0,0,0,0,0,0,1,0,0,1,43.20394,0,0
36.269375242355,19.01681,1,0,0,0,0,15,0,0.1799999,2.877561,7.670001,0.06999996,-6,-7.670001,0.06999996,-6,0,0,0,0,0,-1,0.1918,-8,0,0,0,0,0,0,1,0,0,0,0,2,2,1,0,0,0,0,0,0,1,0,0,1,43.1368,0,0
36.3354805152925,19.09679,1,0,0,0,0,15,0,0.1799999,2.877561,7.670001,0.06999996,-6,-7.670001,0.06999996,-6,0,0,0,0,0,-1,0.1918,-8,0,0,0,0,0,0,1,0,0,0,0,2,2,1,0,0,0,0,0,0,1,0,0,1,43.07003,0,0
36.3856121330025,19.13679,1,0,0,0,0,15,0,0.1799999,2.877561,7.670001,0.06999996,-6,-7.670001,0.06999996,-6,0,0,0,0,0,-1,0.1918,-8,0,0,0,0,0,0,1,0,0,0,0,2,2,1,0,0,0,0,0,0,1,0,0,1,43.01975,0,0
36.4361207830409,19.19678,1,0,0,0,0,15,0,0.1799999,2.877561,7.670001,0.06999996,-6,-7.670001,0.06999996,-6,0,0,0,0,0,-1,0.1918,-8,0,0,0,0,0,0,1,0,0,0,0,2,2,1,0,0,0,0,0,0,1,0,0,1,42.96906,0,0
36.5027874917226,19.25677,1,0,0,0,0,15,0,0.1799999,2.877561,7.670001,0.06999996,-6,-7.670001,0.06999996,-6,0,0,0,0,0,-1,0.1918,-8,0,0,0,0,0,0,1,0,0,0,0,2,2,1,0,0,0,0,0,0,1,0,0,1,42.90239,0,0
36.5528479321736,19.29676,1,0,0,0,0,15,0,0.1799999,2.877561,7.670001,0.06999996,-6,-7.670001,0.06999996,-6,0,0,0,0,0,-1,0.1918,-8,0,0,0,0,0,0,1,0,0,0,0,2,2,1,0,0,0,0,0,0,1,0,0,1,42.85216,0,0
36.6030146985749,19.35675,1,0,0,0,0,15,0,0.1799999,2.877561,7.670001,0.06999996,-6,-7.670001,0.06999996,-6,0,0,0,0,0,-1,0.1918,-8,0,0,0,0,0,0,1,0,0,0,0,2,2,1,0,0,0,0,0,0,1,0,0,1,42.80216,0,0
36.6535991072158,19.41674,1,0,0,0,0,15,0,0.1799999,2.877561,7.670001,0.06999996,-6,-7.670001,0.06999996,-6,0,0,0,0,0,-1,0.1918,-8,0,0,0,0,0,0,1,0,0,0,0,2,2,1,0,0,0,0,0,0,1,0,0,1,42.75175,0,0
36.7047640030148,19.45673,1,0,0,0,0,15,0,0.1799999,2.877561,7.670001,0.06999996,-6,-7.670001,0.06999996,-6,0,0,0,0,0,-1,0.1918,-8,0,0,0,0,0,0,1,0,0,0,0,2,2,1,0,0,0,0,0,0,1,0,0,1,42.70076,0,0
36.7555837739321,19.51672,1,0,0,0,0,15,0,0.1799999,2.877561,7.670001,0.06999996,-6,-7.670001,0.06999996,-6,0,0,0,0,0,-1,0.1918,-8,0,0,0,0,0,0,1,0,0,0,0,2,2,1,0,0,0,0,0,0,1,0,0,1,42.64976,0,0
36.8067458036604,19.55672,1,0,0,0,0,15,0,0.1799999,2.877561,7.670001,0.06999996,-6,-7.670001,0.06999996,-6,0,0,0,0,0,-1,0.1918,-8,0,0,0,0,0,0,1,0,0,0,0,2,2,1,0,0,0,0,0,0,1,0,0,1,42.59875,0,0
36.8734213859091,19.61671,1,0,0,0,0,15,0,0.1799999,2.877561,7.670001,0.06999996,-6,-7.670001,0.06999996,-6,0,0,0,0,0,-1,0.1918,-8,0,0,0,0,0,0,1,0,0,0,0,2,2,1,0,0,0,0,0,0,1,0,0,1,42.53176,0,0
36.9237826812516,19.6767,1,0,0,0,0,15,0,0.1799999,2.877561,7.670001,0.06999996,-6,-7.670001,0.06999996,-6,0,0,0,0,0,-1,0.1918,-8,0,0,0,0,0,0,1,0,0,0,0,2,2,1,0,0,0,0,0,0,1,0,0,1,42.48142,0,0
36.9745058948795,19.73669,1,0,0,0,0,15,0,0.1799999,2.877561,7.670001,0.06999996,-6,-7.670001,0.06999996,-6,0,0,0,0,0,-1,0.1918,-8,0,0,0,0,0,0,1,0,0,0,0,2,2,1,0,0,0,0,0,0,1,0,0,1,42.431,0,0
37.0250061947542,19.77668,1,0,0,0,0,15,0,0.1799999,2.877561,7.670001,0.06999996,-6,-7.670001,0.06999996,-6,0,0,0,0,0,-1,0.1918,-8,0,0,0,0,0,0,1,0,0,0,0,2,2,1,0,0,0,0,0,0,1,0,0,1,42.381,0,0
37.0757822269636,19.81667,1,0,0,0,0,15,0,0.1799999,2.877561,7.670001,0.06999996,-6,-7.670001,0.06999996,-6,0,0,0,0,0,-1,0.1918,-8,0,0,0,0,0,0,1,0,0,0,0,2,2,1,0,0,0,0,0,0,1,0,0,1,42.33096,0,0
37.1268753004695,19.85667,1,0,0,0,0,15,0,0.1799999,2.877561,7.670001,0.06999996,-6,-7.670001,0.06999996,-6,0,0,0,0,0,-1,0.1918,-8,0,0,0,0,0,0,1,0,0,0,0,2,2,1,0,0,0,0,0,0,1,0,0,1,42.28055,0,0
37.1776455797503,19.91666,1,0,0,0,0,15,0,0.1799999,2.877561,7.670001,0.06999996,-6,-7.670001,0.06999996,-6,0,0,0,0,0,-1,0.1918,-8,0,0,0,0,0,0,1,0,0,0,0,2,2,1,0,0,0,0,0,0,1,0,0,1,42.22988,0,0
37.2284656487654,19.95665,1,0,0,0,0,15,0,0.1799999,2.877561,7.670001,0.06999996,-6,-7.670001,0.06999996,-6,0,0,0,0,0,-1,0.1918,-8,0,0,0,0,0,0,1,0,0,0,0,2,2,1,0,0,0,0,0,0,1,0,0,1,42.17975,0,0
37.2789660502287,20.01664,1,0,0,0,0,15,0,0.1799999,2.877561,7.670001,0.06999996,-6,-7.670001,0.06999996,-6,0,0,0,0,0,-1,0.1918,-8,0,0,0,0,0,0,1,0,0,0,0,2,2,1,0,0,0,0,0,0,1,0,0,1,42.12956,0,0
37.329709762192,20.05663,1,0,0,0,0,15,0,0.1799999,2.877561,7.670001,0.06999996,-6,-7.670001,0.06999996,-6,0,0,0,0,0,-1,0.1918,-8,0,0,0,0,0,0,1,0,0,0,0,2,2,1,0,0,0,0,0,0,1,0,0,1,42.07932,0,0
37.380491048793,20.11662,1,0,0,0,0,15,0,0.1799999,2.877561,7.670001,0.06999996,-6,-7.670001,0.06999996,-6,0,0,0,0,0,-1,0.1918,-8,0,0,0,0,0,0,1,0,0,0,0,2,2,1,0,0,0,0,0,0,1,0,0,1,42.02904,0,0
37.4311723439271,20.15662,1,0,0,0,0,15,0,0.1799999,2.877561,7.670001,0.06999996,-6,-7.670001,0.06999996,-6,0,0,0,0,0,-1,0.1918,-8,0,0,0,0,0,0,1,0,0,0,0,2,2,1,0,0,0,0,0,0,1,0,0,1,41.97886,0,0
37.4817361799876,20.21661,1,0,0,0,0,15,0,0.1799999,2.877561,7.670001,0.06999996,-6,-7.670001,0.06999996,-6,0,0,0,0,0,-1,0.1918,-8,0,0,0,0,0,0,1,0,0,0,0,2,2,1,0,0,0,0,0,0,1,0,0,1,41.9288,0,0
37.5324913056257,20.2766,1,0,0,0,0,15,0,0.1799999,2.877561,7.670001,0.06999996,-6,-7.670001,0.06999996,-6,0,0,0,0,0,-1,0.1918,-8,0,0,0,0,0,0,1,0,0,0,0,2,2,1,0,0,0,0,0,0,1,0,0,1,41.87855,0,0
37.5838309178936,20.33659,1,0,0,0,0,15,0,0.1799999,2.877561,7.670001,0.06999996,-6,-7.670001,0.06999996,-6,0,0,0,0,0,-1,0.1918,-8,0,0,0,0,0,0,1,0,0,0,0,2,2,1,0,0,0,0,0,0,1,0,0,1,41.82806,0,0
37.6346186666625,20.37658,1,0,0,0,0,15,0,0.1799999,2.877561,7.670001,0.06999996,-6,-7.670001,0.06999996,-6,0,0,0,0,0,-1,0.1918,-8,0,0,0,0,0,0,1,0,0,0,0,2,2,1,0,0,0,0,0,0,1,0,0,1,41.77772,0,0
37.6851187690037,20.43657,1,0,0,0,0,15,0,0.1799999,2.877561,7.670001,0.06999996,-6,-7.670001,0.06999996,-6,0,0,0,0,0,-1,0.1918,-8,0,0,0,0,0,0,1,0,0,0,0,2,2,1,0,0,0,0,0,0,1,0,0,1,41.72743,0,0
37.7356188713449,20.47656,1,0,0,0,0,15,0,0.1799999,2.877561,7.670001,0.06999996,-6,-7.670001,0.06999996,-6,0,0,0,0,0,-1,0.1918,-8,0,0,0,0,0,0,1,0,0,0,0,2,2,1,0,0,0,0,0,0,1,0,0,1,41.67743,0,0
37.7861189736861,20.53655,1,0,0,0,0,15,0,0.1799999,2.877561,7.670001,0.06999996,-6,-7.670001,0.06999996,-6,0,0,0,0,0,-1,0.1918,-8,0,0,0,0,0,0,1,0,0,0,0,2,2,1,0,0,0,0,0,0,1,0,0,1,41.62743,0,0
37.8366189744386,20.57655,1,0,0,0,0,15,0,0.1799999,2.877561,7.670001,0.06999996,-6,-7.670001,0.06999996,-6,0,0,0,0,0,-1,0.1918,-8,0,0,0,0,0,0,1,0,0,0,0,2,2,1,0,0,0,0,0,0,1,0,0,1,41.57743,0,0
37.8871364522042,20.63654,1,0,0,0,0,15,0,0.1799999,2.877561,7.670001,0.06999996,-6,-7.670001,0.06999996,-6,0,0,0,0,0,-1,0.1918,-8,0,0,0,0,0,0,1,0,0,0,0,2,2,1,0,0,0,0,0,0,1,0,0,1,41.52744,0,0
37.9374115892562,20.67653,1,0,0,0,0,15,0,0.1799999,2.877561,7.670001,0.06999996,-6,-7.670001,0.06999996,-6,0,0,0,0,0,-1,0.1918,-8,0,0,0,0,0,0,1,0,0,0,0,2,2,1,0,0,0,0,0,0,1,0,0,1,41.47742,0,0
37.9877379427167,20.73652,1,0,0,0,0,15,0,0.1799999,2.877561,7.670001,0.06999996,-6,-7.670001,0.06999996,-6,0,0,0,0,0,-1,0.1918,-8,0,0,0,0,0,0,1,0,0,0,0,2,2,1,0,0,0,0,0,0,1,0,0,1,41.42664,0,0
38.0539991366553,20.79651,1,0,0,0,0,15,0,0.1799999,2.877561,7.670001,0.06999996,-6,-7.670001,0.06999996,-6,0,0,0,0,0,-1,0.1918,-8,0,0,0,0,0,0,1,0,0,0,0,2,2,1,0,0,0,0,0,0,1,0,0,1,41.35955,0,0
38.1199993687558,20.8565,1,0,0,0,0,15,0,0.1799999,2.877561,7.670001,0.06999996,-6,-7.670001,0.06999996,-6,0,0,0,0,0,-1,0.1918,-8,0,0,0,0,0,0,1,0,0,0,0,2,2,1,0,0,0,0,0,0,1,0,0,1,41.29288,0,0
38.1701463323894,20.91649,1,0,0,0,0,15,0,0.1799999,2.877561,7.670001,0.06999996,-6,-7.670001,0.06999996,-6,0,0,0,0,0,-1,0.1918,-8,0,0,0,0,0,0,1,0,0,0,0,2,2,1,0,0,0,0,0,0,1,0,0,1,41.24256,0,0
38.2366461183752,20.97648,1,0,0,0,0,15,0,0.1799999,2.877561,7.670001,0.06999996,-6,-7.670001,0.06999996,-6,0,0,0,0,0,-1,0.1918,-8,0,0,0,0,0,0,1,0,0,0,0,2,2,1,0,0,0,0,0,0,1,0,0,1,41.17506,0,0
38.3027190121884,21.05647,1,0,0,0,0,15,0,0.1799999,2.877561,7.670001,0.06999996,-6,-7.670001,0.06999996,-6,0,0,0,0,0,-1,0.1918,-8,0,0,0,0,0,0,1,0,0,0,0,2,2,1,0,0,0,0,0,0,1,0,0,1,41.10832,0,0
38.3687191447119,21.11646,1,0,0,0,0,15,0,0.1799999,2.877561,7.670001,0.06999996,-6,-7.670001,0.06999996,-6,0,0,0,0,0,-1,0.1918,-8,0,0,0,0,0,0,1,0,0,0,0,2,2,1,0,0,0,0,0,0,1,0,0,1,41.04166,0,0
38.4187497856716,21.15645,1,0,0,0,0,15,0,0.1799999,2.877561,7.670001,0.06999996,-6,-7.670001,0.06999996,-6,0,0,0,0,0,-1,0.1918,-8,0,0,0,0,0,0,1,0,0,0,0,2,2,1,0,0,0,0,0,0,1,0,0,1,40.99166,0,0
38.4689970496173,21.21644,1,0,0,0,0,15,0,0.1799999,2.877561,7.670001,0.06999996,-6,-7.670001,0.06999996,-6,0,0,0,0,0,-1,0.1918,-8,0,0,0,0,0,0,1,0,0,0,0,2,2,1,0,0,0,0,0,0,1,0,0,1,40.94138,0,0
38.5356734408128,21.27643,1,0,0,0,0,15,0,0.1799999,2.877561,7.670001,0.06999996,-6,-7.670001,0.06999996,-6,0,0,0,0,0,-1,0.1918,-8,0,0,0,0,0,0,1,0,0,0,0,2,2,1,0,0,0,0,0,0,1,0,0,1,40.87471,0,0
38.5862135465133,21.33642,1,0,0,0,0,15,0,0.1799999,2.877561,7.670001,0.06999996,-6,-7.670001,0.06999996,-6,0,0,0,0,0,-1,0.1918,-8,0,0,0,0,0,0,1,0,0,0,0,2,2,1,0,0,0,0,0,0,1,0,0,1,40.82399,0,0
38.6363806177365,21.37641,1,0,0,0,0,15,0,0.1799999,2.877561,7.670001,0.06999996,-6,-7.670001,0.06999996,-6,0,0,0,0,0,-1,0.1918,-8,0,0,0,0,0,0,1,0,0,0,0,2,2,1,0,0,0,0,0,0,1,0,0,1,40.77399,0,0
38.7030472213278,21.4564,1,0,0,0,0,15,0,0.1799999,2.877561,7.670001,0.06999996,-6,-7.670001,0.06999996,-6,0,0,0,0,0,-1,0.1918,-8,0,0,0,0,0,0,1,0,0,0,0,2,2,1,0,0,0,0,0,0,1,0,0,1,40.70733,0,0
38.7697691536943,21.51639,1,0,0,0,0,15,0,0.1799999,2.877561,7.670001,0.06999996,-6,-7.670001,0.06999996,-6,0,0,0,0,0,-1,0.1918,-8,0,0,0,0,0,0,1,0,0,0,0,2,2,1,0,0,0,0,0,0,1,0,0,1,40.64061,0,0
38.8200353184032,21.57638,1,0,0,0,0,15,0,0.1799999,2.877561,7.670001,0.06999996,-6,-7.670001,0.06999996,-6,0,0,0,0,0,-1,0.1918,-8,0,0,0,0,0,0,1,0,0,0,0,2,2,1,0,0,0,0,0,0,1,0,0,1,40.5905,0,0
38.8702010744686,21.61637,1,0,0,0,0,15,0,0.1799999,2.877561,7.670001,0.06999996,-6,-7.670001,0.06999996,-6,0,0,0,0,0,-1,0.1918,-8,0,0,0,0,0,0,1,0,0,0,0,2,2,1,0,0,0,0,0,0,1,0,0,1,40.54017,0,0
38.9208372136454,21.67636,1,0,0,0,0,15,0,0.1799999,2.877561,7.670001,0.06999996,-6,-7.670001,0.06999996,-6,0,0,0,0,0,-1,0.1918,-8,0,0,0,0,0,0,1,0,0,0,0,2,2,1,0,0,0,0,0,0,1,0,0,1,40.48952,0,0
38.970852104413,21.71635,1,0,0,0,0,15,0,0.1799999,2.877561,7.670001,0.06999996,-6,-7.670001,0.06999996,-6,0,0,0,0,0,-1,0.1918,-8,0,0,0,0,0,0,1,0,0,0,0,2,2,1,0,0,0,0,0,0,1,0,0,1,40.43937,0,0
39.0368523365135,21.77634,1,0,0,0,0,15,0,0.1799999,2.877561,7.670001,0.06999996,-6,-7.670001,0.06999996,-6,0,0,0,0,0,-1,0.1918,-8,0,0,0,0,0,0,1,0,0,0,0,2,2,1,0,0,0,0,0,0,1,0,0,1,40.37252,0,0
39.0873189736965,21.83633,1,0,0,0,0,15,0,0.1799999,2.877561,7.670001,0.06999996,-6,-7.670001,0.06999996,-6,0,0,0,0,0,-1,0.1918,-8,0,0,0,0,0,0,1,0,0,0,0,2,2,1,0,0,0,0,0,0,1,0,0,1,40.32188,0,0
39.1534903713005,21.89632,1,0,0,0,0,15,0,0.1799999,2.877561,7.670001,0.06999996,-6,-7.670001,0.06999996,-6,0,0,0,0,0,-1,0.1918,-8,0,0,0,0,0,0,1,0,0,0,0,2,2,1,0,0,0,0,0,0,1,0,0,1,40.2547,0,0
39.2196614757056,21.97631,1,0,0,0,0,15,0,0.1799999,2.877561,7.670001,0.06999996,-6,-7.670001,0.06999996,-6,0,0,0,0,0,-1,0.1918,-8,0,0,0,0,0,0,1,0,0,0,0,2,2,1,0,0,0,0,0,0,1,0,0,1,40.18787,0,0
39.2861777970071,22.0363,1,0,0,0,0,15,0,0.1799999,2.877561,7.670001,0.06999996,-6,-7.670001,0.06999996,-6,0,0,0,0,0,-1,0.1918,-8,0,0,0,0,0,0,1,0,0,0,0,2,2,1,0,0,0,0,0,0,1,0,0,1,40.12093,0,0
39.3524149375657,22.09629,1,0,0,0,0,15,0,0.1799999,2.877561,7.670001,0.06999996,-6,-7.670001,0.06999996,-6,0,0,0,0,0,-1,0.1918,-8,0,0,0,0,0,0,1,0,0,0,0,2,2,1,0,0,0,0,0,0,1,0,0,1,40.05377,0,0
39.4192833390894,22.17628,1,0,0,0,0,15,0,0.1799999,2.877561,7.670001,0.06999996,-6,-7.670001,0.06999996,-6,0,0,0,0,0,-1,0.1918,-8,0,0,0,0,0,0,1,0,0,0,0,2,2,1,0,0,0,0,0,0,1,0,0,1,39.98703,0,0
39.4700495061713,22.21627,1,0,0,0,0,15,0,0.1799999,2.877561,7.670001,0.06999996,-6,-7.670001,0.06999996,-6,0,0,0,0,0,-1,0.1918,-8,0,0,0,0,0,0,1,0,0,0,0,2,2,1,0,0,0,0,0,0,1,0,0,1,39.93627,0,0
39.5206495195131,22.27626,1,0,0,0,0,15,0,0.1799999,2.877561,7.670001,0.06999996,-6,-7.670001,0.06999996,-6,0,0,0,0,0,-1,0.1918,-8,0,0,0,0,0,0,1,0,0,0,0,2,2,1,0,0,0,0,0,0,1,0,0,1,39.88553,0,0
39.5707437125842,22.31625,1,0,0,0,0,15,0,0.1799999,2.877561,7.670001,0.06999996,-6,-7.670001,0.06999996,-6,0,0,0,0,0,-1,0.1918,-8,0,0,0,0,0,0,1,0,0,0,0,2,2,1,0,0,0,0,0,0,1,0,0,1,39.83527,0,0
39.621141973349,22.37624,1,0,0,0,0,15,0,0.1799999,2.877561,7.670001,0.06999996,-6,-7.670001,0.06999996,-6,0,0,0,0,0,-1,0.1918,-8,0,0,0,0,0,0,1,0,0,0,0,2,2,1,0,0,0,0,0,0,1,0,0,1,39.78505,0,0
39.6878087662968,22.43623,1,0,0,0,0,15,0,0.1799999,2.877561,7.670001,0.06999996,-6,-7.670001,0.06999996,-6,0,0,0,0,0,-1,0.1918,-8,0,0,0,0,0,0,1,0,0,0,0,2,2,1,0,0,0,0,0,0,1,0,0,1,39.71838,0,0
39.7545567618931,22.49622,1,0,0,0,0,15,0,0.1799999,2.877561,7.670001,0.06999996,-6,-7.670001,0.06999996,-6,0,0,0,0,0,-1,0.1918,-8,0,0,0,0,0,0,1,0,0,0,0,2,2,1,0,0,0,0,0,0,1,0,0,1,39.65171,0,0
39.8048379717829,22.55621,1,0,0,0,0,15,0,0.1799999,2.877561,7.670001,0.06999996,-6,-7.670001,0.06999996,-6,0,0,0,0,0,-1,0.1918,-8,0,0,0,0,0,0,1,0,0,0,0,2,2,1,0,0,0,0,0,0,1,0,0,1,39.60157,0,0
39.8553315737533,22.6162,1,0,0,0,0,15,0,0.1799999,2.877561,7.670001,0.06999996,-6,-7.670001,0.06999996,-6,0,0,0,0,0,-1,0.1918,-8,0,0,0,0,0,0,1,0,0,0,0,2,2,1,0,0,0,0,0,0,1,0,0,1,39.55118,0,0
39.9221091630372,22.67619,1,0,0,0,0,15,0,0.1799999,2.877561,7.670001,0.06999996,-6,-7.670001,0.06999996,-6,0,0,0,0,0,-1,0.1918,-8,0,0,0,0,0,0,1,0,0,0,0,2,2,1,0,0,0,0,0,0,1,0,0,1,39.48408,0,0
39.972647133513,22.71619,1,0,0,0,0,15,0,0.1799999,2.877561,7.670001,0.06999996,-6,-7.670001,0.06999996,-6,0,0,0,0,0,-1,0.1918,-8,0,0,0,0,0,0,1,0,0,0,0,2,2,1,0,0,0,0,0,0,1,0,0,1,39.43372,0,0
40.0239743218633,22.77618,1,0,0,0,0,15,0,0.1799999,2.877561,7.670001,0.06999996,-6,-7.670001,0.06999996,-6,0,0,0,0,0,-1,0.1918,-8,0,0,0,0,0,0,1,0,0,0,0,2,2,1,0,0,0,0,0,0,1,0,0,1,39.38315,0,0
40.0747203590783,22.81617,1,0,0,0,0,15,0,0.1799999,2.877561,7.670001,0.06999996,-6,-7.670001,0.06999996,-6,0,0,0,0,0,-1,0.1918,-8,0,0,0,0,0,0,1,0,0,0,0,2,2,1,0,0,0,0,0,0,1,0,0,1,39.3329,0,0
40.1254231684345,22.87616,1,0,0,0,0,15,0,0.1799999,2.877561,7.670001,0.06999996,-6,-7.670001,0.06999996,-6,0,0,0,0,0,-1,0.1918,-8,0,0,0,0,0,0,1,0,0,0,0,2,2,1,0,0,0,0,0,0,1,0,0,1,39.28265,0,0
40.1760000285382,22.91615,1,0,0,0,0,15,0,0.1799999,2.877561,7.670001,0.06999996,-6,-7.670001,0.06999996,-6,0,0,0,0,0,-1,0.1918,-8,0,0,0,0,0,0,1,0,0,0,0,2,2,1,0,0,0,0,0,0,1,0,0,1,39.23238,0,0
40.2272246988739,22.97614,1,0,0,0,0,15,0,0.1799999,2.877561,7.670001,0.06999996,-6,-7.670001,0.06999996,-6,0,0,0,0,0,-1,0.1918,-8,0,0,0,0,0,0,1,0,0,0,0,2,2,1,0,0,0,0,0,0,1,0,0,1,39.182,0,0
40.2787511665622,23.03613,1,0,0,0,0,15,0,0.1799999,2.877561,7.670001,0.06999996,-6,-7.670001,0.06999996,-6,0,0,0,0,0,-1,0.1918,-8,0,0,0,0,0,0,1,0,0,0,0,2,2,1,0,0,0,0,0,0,1,0,0,1,39.13095,0,0
40.3296709185156,23.07613,1,0,0,0,0,15,0,0.1799999,2.877561,7.670001,0.06999996,-6,-7.670001,0.06999996,-6,0,0,0,0,0,-1,0.1918,-8,0,0,0,0,0,0,1,0,0,0,0,2,2,1,0,0,0,0,0,0,1,0,0,1,39.08057,0,0
40.3811931420552,23.13612,1,0,0,0,0,15,0,0.1799999,2.877561,7.670001,0.06999996,-6,-7.670001,0.06999996,-6,0,0,0,0,0,-1,0.1918,-8,0,0,0,0,0,0,1,0,0,0,0,2,2,1,0,0,0,0,0,0,1,0,0,1,39.02955,0,0
40.4318861537489,23.17611,1,0,0,0,0,15,0,0.1799999,2.877561,7.670001,0.06999996,-6,-7.670001,0.06999996,-6,0,0,0,0,0,-1,0.1918,-8,0,0,0,0,0,0,1,0,0,0,0,2,2,1,0,0,0,0,0,0,1,0,0,1,38.97922,0,0
40.4823862542088,23.2361,1,0,0,0,0,15,0,0.1799999,2.877561,7.670001,0.06999996,-6,-7.670001,0.06999996,-6,0,0,0,0,0,-1,0.1918,-8,0,0,0,0,0,0,1,0,0,0,0,2,2,1,0,0,0,0,0,0,1,0,0,1,38.92903,0,0
40.5328865540835,23.27609,1,0,0,0,0,15,0,0.1799999,2.877561,7.670001,0.06999996,-6,-7.670001,0.06999996,-6,0,0,0,0,0,-1,0.1918,-8,0,0,0,0,0,0,1,0,0,0,0,2,2,1,0,0,0,0,0,0,1,0,0,1,38.87903,0,0
40.5834527135144,23.33608,1,0,0,0,0,15,0,0.1799999,2.877561,7.670001,0.06999996,-6,-7.670001,0.06999996,-6,0,0,0,0,0,-1,0.1918,-8,0,0,0,0,0,0,1,0,0,0,0,2,2,1,0,0,0,0,0,0,1,0,0,1,38.82896,0,0
40.6345399268592,23.37608,1,0,0,0,0,15,0,0.1799999,2.877561,7.670001,0.06999996,-6,-7.670001,0.06999996,-6,0,0,0,0,0,-1,0.1918,-8,0,0,0,0,0,0,1,0,0,0,0,2,2,1,0,0,0,0,0,0,1,0,0,1,38.77871,0,0
40.6850401270265,23.43607,1,0,0,0,0,15,0,0.1799999,2.877561,7.670001,0.06999996,-6,-7.670001,0.06999996,-6,0,0,0,0,0,-1,0.1918,-8,0,0,0,0,0,0,1,0,0,0,0,2,2,1,0,0,0,0,0,0,1,0,0,1,38.72838,0,0
40.7356331472533,23.47606,1,0,0,0,0,15,0,0.1799999,2.877561,7.670001,0.06999996,-6,-7.670001,0.06999996,-6,0,0,0,0,0,-1,0.1918,-8,0,0,0,0,0,0,1,0,0,0,0,2,2,1,0,0,0,0,0,0,1,0,0,1,38.67838,0,0
40.7867177343431,23.53605,1,0,0,0,0,15,0,0.1799999,2.877561,7.670001,0.06999996,-6,-7.670001,0.06999996,-6,0,0,0,0,0,-1,0.1918,-8,0,0,0,0,0,0,1,0,0,0,0,2,2,1,0,0,0,0,0,0,1,0,0,1,38.62792,0,0
40.8379017108927,23.57604,1,0,0,0,0,15,0,0.1799999,2.877561,7.670001,0.06999996,-6,-7.670001,0.06999996,-6,0,0,0,0,0,-1,0.1918,-8,0,0,0,0,0,0,1,0,0,0,0,2,2,1,0,0,0,0,0,0,1,0,0,1,38.57703,0,0
40.8884019129413,23.63603,1,0,0,0,0,15,0,0.1799999,2.877561,7.670001,0.06999996,-6,-7.670001,0.06999996,-6,0,0,0,0,0,-1,0.1918,-8,0,0,0,0,0,0,1,0,0,0,0,2,2,1,0,0,0,0,0,0,1,0,0,1,38.52703,0,0
40.9390030151109,23.67603,1,0,0,0,0,15,0,0.1799999,2.877561,7.670001,0.06999996,-6,-7.670001,0.06999996,-6,0,0,0,0,0,-1,0.1918,-8,0,0,0,0,0,0,1,0,0,0,0,2,2,1,0,0,0,0,0,0,1,0,0,1,38.47704,0,0
41.0053364855113,23.75601,1,0,0,0,0,15,0,0.1799999,2.877561,7.670001,0.06999996,-6,-7.670001,0.06999996,-6,0,0,0,0,0,-1,0.1918,-8,0,0,0,0,0,0,1,0,0,0,0,2,2,1,0,0,0,0,0,0,1,0,0,1,38.41027,0,0
41.0713369130778,23.816,1,0,0,0,0,15,0,0.1799999,2.877561,7.670001,0.06999996,-6,-7.670001,0.06999996,-6,0,0,0,0,0,-1,0.1918,-8,0,0,0,0,0,0,1,0,0,0,0,2,2,1,0,0,0,0,0,0,1,0,0,1,38.34361,0,0
41.1377473028811,23.87599,1,0,0,0,0,15,0,0.1799999,2.877561,7.670001,0.06999996,-6,-7.670001,0.06999996,-6,0,0,0,0,0,-1,0.1918,-8,0,0,0,0,0,0,1,0,0,0,0,2,2,1,0,0,0,0,0,0,1,0,0,1,38.27652,0,0
41.2042699583868,23.95598,1,0,0,0,0,15,0,0.1799999,2.877561,7.670001,0.06999996,-6,-7.670001,0.06999996,-6,0,0,0,0,0,-1,0.1918,-8,0,0,0,0,0,0,1,0,0,0,0,2,2,1,0,0,0,0,0,0,1,0,0,1,38.2096,0,0
41.2706922236706,24.01597,1,0,0,0,0,15,0,0.1799999,2.877561,7.670001,0.06999996,-6,-7.670001,0.06999996,-6,0,0,0,0,0,-1,0.1918,-8,0,0,0,0,0,0,1,0,0,0,0,2,2,1,0,0,0,0,0,0,1,0,0,1,38.14223,0,0
