map,mode,quality,view,static_batch_renderers,finished_materials
Eskinita,Classic,0,0-court,562,94
Eskinita,Classic,0,0-edge,562,94
Eskinita,Classic,0,1-court,562,94
Eskinita,Classic,0,1-edge,562,94
Eskinita,Classic,1,0-court,562,94
Eskinita,Classic,1,0-edge,562,94
Eskinita,Classic,1,1-court,562,94
Eskinita,Classic,1,1-edge,562,94
Eskinita,Classic,2,0-court,562,94
Eskinita,Classic,2,0-edge,562,94
Eskinita,Classic,2,1-court,562,94
Eskinita,Classic,2,1-edge,562,94
BayanPlaza,Classic,0,0-court,210,86
BayanPlaza,Classic,0,0-edge,210,86
BayanPlaza,Classic,0,1-court,210,86
BayanPlaza,Classic,0,1-edge,210,86
BayanPlaza,Classic,1,0-court,210,86
BayanPlaza,Classic,1,0-edge,210,86
BayanPlaza,Classic,1,1-court,210,86
BayanPlaza,Classic,1,1-edge,210,86
BayanPlaza,Classic,2,0-court,210,86
BayanPlaza,Classic,2,0-edge,210,86
BayanPlaza,Classic,2,1-court,210,86
BayanPlaza,Classic,2,1-edge,210,86
IlalimNgTulay,Classic,0,0-court,444,109
IlalimNgTulay,Classic,0,0-edge,444,109
IlalimNgTulay,Classic,0,1-court,444,109
IlalimNgTulay,Classic,0,1-edge,444,109
IlalimNgTulay,Classic,1,0-court,444,109
IlalimNgTulay,Classic,1,0-edge,444,109
IlalimNgTulay,Classic,1,1-court,444,109
IlalimNgTulay,Classic,1,1-edge,444,109
IlalimNgTulay,Classic,2,0-court,444,109
IlalimNgTulay,Classic,2,0-edge,444,109
IlalimNgTulay,Classic,2,1-court,444,109
IlalimNgTulay,Classic,2,1-edge,444,109
SaBubong,Classic,0,0-court,136,56
SaBubong,Classic,0,0-edge,136,56
SaBubong,Classic,0,1-court,136,56
SaBubong,Classic,0,1-edge,136,56
SaBubong,Classic,1,0-court,136,56
SaBubong,Classic,1,0-edge,136,56
SaBubong,Classic,1,1-court,136,56
SaBubong,Classic,1,1-edge,136,56
SaBubong,Classic,2,0-court,136,56
SaBubong,Classic,2,0-edge,136,56
SaBubong,Classic,2,1-court,136,56
SaBubong,Classic,2,1-edge,136,56
Eskinita,HeroStrike,0,0-court,562,94
Eskinita,HeroStrike,0,0-edge,562,94
Eskinita,HeroStrike,0,1-court,562,94
Eskinita,HeroStrike,0,1-edge,562,94
Eskinita,HeroStrike,1,0-court,562,94
Eskinita,HeroStrike,1,0-edge,562,94
Eskinita,HeroStrike,1,1-court,562,94
Eskinita,HeroStrike,1,1-edge,562,94
Eskinita,HeroStrike,2,0-court,562,94
Eskinita,HeroStrike,2,0-edge,562,94
Eskinita,HeroStrike,2,1-court,562,94
Eskinita,HeroStrike,2,1-edge,562,94
BayanPlaza,HeroStrike,0,0-court,210,86
BayanPlaza,HeroStrike,0,0-edge,210,86
BayanPlaza,HeroStrike,0,1-court,210,86
BayanPlaza,HeroStrike,0,1-edge,210,86
BayanPlaza,HeroStrike,1,0-court,210,86
BayanPlaza,HeroStrike,1,0-edge,210,86
BayanPlaza,HeroStrike,1,1-court,210,86
BayanPlaza,HeroStrike,1,1-edge,210,86
BayanPlaza,HeroStrike,2,0-court,210,86
BayanPlaza,HeroStrike,2,0-edge,210,86
BayanPlaza,HeroStrike,2,1-court,210,86
BayanPlaza,HeroStrike,2,1-edge,210,86
IlalimNgTulay,HeroStrike,0,0-court,444,109
IlalimNgTulay,HeroStrike,0,0-edge,444,109
IlalimNgTulay,HeroStrike,0,1-court,444,109
IlalimNgTulay,HeroStrike,0,1-edge,444,109
IlalimNgTulay,HeroStrike,1,0-court,444,109
IlalimNgTulay,HeroStrike,1,0-edge,444,109
IlalimNgTulay,HeroStrike,1,1-court,444,109
IlalimNgTulay,HeroStrike,1,1-edge,444,109
IlalimNgTulay,HeroStrike,2,0-court,444,109
IlalimNgTulay,HeroStrike,2,0-edge,444,109
IlalimNgTulay,HeroStrike,2,1-court,444,109
IlalimNgTulay,HeroStrike,2,1-edge,444,109
